origin_file,test_name,description,usec,bouts,turns,candidates,floods,plans,shot_planes,rule_guarded
baselines/test_armor_and_ricochet_baseline.gd,test_seeded_burst_into_armor,,11763,0,0,0,0,0,17,recorded baseline output does not drift
baselines/test_deep_strike_stress_baseline.gd,test_twenty_random_deep_strike_cyborgs,,72702,0,0,0,0,0,0,recorded baseline output does not drift
baselines/test_map_generation_baseline.gd,test_dump_ascii_maps_across_several_seeds,,529744,0,0,0,10,0,0,recorded baseline output does not drift
baselines/test_shot_plane_sweep_baseline.gd,test_shot_plane_sweeps_continuously_across_a_dozen_angles,,11428,0,0,0,0,0,0,the shot plane varies continuously with the shooter's angle
determinism/test_determinism_check.gd,test_check_passes_for_a_naturally_deterministic_generator,,10771,0,0,0,0,0,0,the determinism harness detects unseeded randomness
determinism/test_determinism_check.gd,test_check_fails_when_generator_is_not_actually_seeded,,9537,0,0,0,0,0,0,the determinism harness detects unseeded randomness
determinism/test_determinism_check.gd,test_check_supports_a_custom_compare_fn_for_reference_types,,166200,0,0,0,12,0,0,the determinism harness detects unseeded randomness
determinism/test_determinism_check.gd,test_check_reports_which_seeds_failed,,9513,0,0,0,0,0,0,the determinism harness detects unseeded randomness
integration/test_full_mission.gd,test_seeds_to_first_completion_stays_low,,11557,0,0,0,0,0,0,the AI finishes missions at or above the measured floor
unit/data/test_hulk.gd,test_revisiting_a_hulk_yields_an_identical_map,,148330,0,0,0,4,0,0,the same seed produces the same world
unit/data/test_hulk.gd,test_population_seed_changes_every_visit_while_map_seed_does_not,,9506,0,0,0,0,0,0,a hulk's map is stable across visits while its population is not
unit/data/test_hulk.gd,test_different_visit_counts_actually_repopulate_a_deep_strike_roster,,17095,0,0,0,0,0,0,a hulk's map is stable across visits while its population is not
unit/data/test_material_table.gd,test_color_for_returns_the_entrys_authored_color,,10019,0,0,0,0,0,0,"presentation derives from authored data, never from code"
unit/data/test_material_table.gd,test_color_for_an_unknown_material_falls_back_to_the_default_entrys_color,,9756,0,0,0,0,0,0,an unknown open-vocabulary id falls back rather than failing
unit/data/test_material_table.gd,test_default_table_yields_a_distinct_color_per_material,,11438,0,0,0,0,0,0,"presentation derives from authored data, never from code"
unit/data/test_material_table.gd,test_default_table_covers_the_reference_humanoids_materials_and_cover,,9777,0,0,0,0,0,0,"presentation derives from authored data, never from code"
unit/data/test_material_table.gd,test_no_default_entry_uses_the_unknown_material_fallback_color,,9662,0,0,0,0,0,0,an unknown open-vocabulary id falls back rather than failing
unit/data/test_matrix.gd,test_unlinked_matrix_defers_to_its_own_fields,,9698,0,0,0,0,0,0,a matrix link derives from its base rather than copying it
unit/data/test_matrix.gd,test_link_effective_level_is_base_level_times_tier_ratio,,10734,0,0,0,0,0,0,a matrix link derives from its base rather than copying it
unit/data/test_matrix.gd,test_link_carries_the_players_chosen_subset_of_the_bases_perks,,9981,0,0,0,0,0,0,a matrix link derives from its base rather than copying it
unit/data/test_matrix.gd,test_destroying_a_link_flags_link_killed_on_the_base_and_docks_one_perk,,9568,0,0,0,0,0,0,destroying a link costs the base a perk
unit/data/test_matrix.gd,test_destroying_a_link_with_no_perks_left_is_a_harmless_no_op,,10782,0,0,0,0,0,0,destroying a link costs the base a perk
unit/data/test_matrix.gd,test_destroying_an_unlinked_matrix_is_a_no_op,,10010,0,0,0,0,0,0,destroying a link costs the base a perk
unit/data/test_part.gd,test_new_part_has_sane_defaults,,11433,0,0,0,0,0,0,an unstated authored field takes its default
unit/data/test_part.gd,test_save_load_round_trips_a_full_socket_tree,,10905,0,0,0,0,0,0,data round-trips through save and load
unit/data/test_part.gd,test_hosts_matrix_is_false_without_a_matrix_socket,,9756,0,0,0,0,0,0,a matrix docks only into a free MATRIX socket
unit/data/test_part.gd,test_hosts_matrix_is_true_with_a_matrix_socket,,11237,0,0,0,0,0,0,a matrix docks only into a free MATRIX socket
unit/data/test_part.gd,test_dock_matrix_fails_on_a_part_with_no_matrix_socket,,9768,0,0,0,0,0,0,a matrix docks only into a free MATRIX socket
unit/data/test_part.gd,test_dock_matrix_succeeds_on_a_part_with_a_free_matrix_socket,,9580,0,0,0,0,0,0,a matrix docks only into a free MATRIX socket
unit/data/test_part.gd,test_dock_matrix_fails_when_already_hosting,,11223,0,0,0,0,0,0,a matrix docks only into a free MATRIX socket
unit/data/test_run_state.gd,test_add_resource_accumulates_by_id,,11006,0,0,0,0,0,0,resources accumulate by id
unit/data/test_run_state.gd,test_save_load_round_trips_roster_stash_and_resources,,10396,0,0,0,0,0,0,data round-trips through save and load
unit/data/test_shell.gd,test_all_parts_walks_the_whole_assembly,,9581,0,0,0,0,0,0,assembly traversal reaches every part
unit/data/test_shell.gd,test_all_parts_with_joints_adds_one_joint_per_occupied_socket,,9376,0,0,0,0,0,0,assembly traversal reaches every part
unit/data/test_shell.gd,test_all_parts_with_joints_is_empty_with_a_null_root,,11181,0,0,0,0,0,0,assembly traversal reaches every part
unit/data/test_shell.gd,test_living_parts_excludes_destroyed,,9535,0,0,0,0,0,0,a destroyed part stops contributing
unit/data/test_shell.gd,test_stat_resolver_sums_a_stat_across_the_whole_tree,,9381,0,0,0,0,0,0,every final stat goes through StatResolver
unit/data/test_shell.gd,test_total_ram_sums_ram_cost_across_the_whole_assembly,,9022,0,0,0,0,0,0,assembly totals sum across the whole tree
unit/data/test_shell.gd,test_total_ram_also_counts_items_carried_in_a_container,,10799,0,0,0,0,0,0,assembly totals sum across the whole tree
unit/data/test_shell.gd,test_carried_mass_applies_the_worn_discount_ceiling_even_with_no_authored_discount,,9452,0,0,0,0,0,0,"the worn-layer mass discount applies once, at a floor"
unit/data/test_shell.gd,test_carried_mass_never_worsens_a_containers_own_better_discount,,9204,0,0,0,0,0,0,"the worn-layer mass discount applies once, at a floor"
unit/data/test_shell.gd,test_save_load_round_trips_a_shell,,11505,0,0,0,0,0,0,data round-trips through save and load
unit/data/test_taskblock21_gun_data.gd,test_every_reference_gun_authors_its_own_rings_with_the_middle_heaviest,,10455,0,0,0,0,0,0,authored weapon data matches its table
unit/data/test_taskblock21_gun_data.gd,test_authored_ap_costs_match_the_reference_weapon_table,,11219,0,0,0,0,0,0,authored weapon data matches its table
unit/data/test_taskblock21_gun_data.gd,test_sniper_rifles_ap_cost_is_what_attack_action_actually_spends,,12036,0,0,0,0,0,1,an action spends the AP its provider authors
unit/data/test_taskblock21_gun_data.gd,test_chainguns_burst_spends_burst_ap_cost,,13013,0,0,0,0,0,1,an action spends the AP its provider authors
unit/data/test_tool_parts.gd,test_angle_grinder_costs_a_full_turn,,10650,0,0,0,0,0,0,an action spends the AP its provider authors
unit/data/test_tool_parts.gd,test_metal_saw_replaces_a_hand_and_costs_two_ap,,9533,0,0,0,0,0,0,an action spends the AP its provider authors
unit/data/test_tool_parts.gd,test_power_saw_requires_specialized_integration_and_costs_one_ap_per_limb,,9465,0,0,0,0,0,0,an action spends the AP its provider authors
unit/data/test_tool_parts.gd,test_a_swap_part_action_can_be_priced_directly_from_a_tools_ap_cost,,27156,0,0,0,0,0,0,an action spends the AP its provider authors
unit/data/test_weapon_def.gd,test_a_non_weapon_part_has_no_weapon_def,,11499,0,0,0,0,0,0,a part carries weapon data only when it is a weapon
unit/data/test_weapon_def.gd,test_chaingun_loads_with_its_table_values,,11534,0,0,0,0,0,0,authored weapon data matches its table
unit/data/test_weapon_def.gd,test_pump_shotgun_loads_with_its_table_values,,10302,0,0,0,0,0,0,authored weapon data matches its table
unit/data/test_weapon_def.gd,test_auto_shotgun_loads_with_its_table_values,,10354,0,0,0,0,0,0,authored weapon data matches its table
unit/data/test_weapon_def.gd,test_sniper_rifle_loads_with_its_table_values,,11418,0,0,0,0,0,0,authored weapon data matches its table
unit/data/test_weapon_def.gd,test_guns_with_no_burst_mode_keep_the_default_burst_size,,11568,0,0,0,0,0,0,an unstated authored field takes its default
unit/debug/test_ascii_render.gd,test_grid_to_text_renders_terrain_and_cover,,26376,0,0,0,0,0,0,a spatial system has an ASCII dump a test can read
unit/debug/test_ascii_render.gd,test_grid_to_text_occupant_overlay_overrides_terrain,,9392,0,0,0,0,0,0,a spatial system has an ASCII dump a test can read
unit/debug/test_ascii_render.gd,test_plane_to_text_frontmost_region_wins,,10960,0,0,0,0,0,0,a spatial system has an ASCII dump a test can read
unit/debug/test_ascii_render.gd,test_plane_to_text_gap_is_dot,,9428,0,0,0,0,0,0,a spatial system has an ASCII dump a test can read
unit/debug/test_ascii_render.gd,test_overlay_impacts_marks_points,,9287,0,0,0,0,0,0,a spatial system has an ASCII dump a test can read
unit/debug/test_bout_injector.gd,test_can_inject_is_true_outside_resolution,,11896,0,0,0,0,0,0,"a debug injection lands at a step boundary, never mid-resolution"
unit/debug/test_bout_injector.gd,test_can_inject_is_false_while_resolving,,12811,0,0,0,0,0,0,"a debug injection lands at a step boundary, never mid-resolution"
unit/debug/test_bout_injector.gd,test_a_verb_mutates_and_logs_at_a_step_boundary,,13241,0,0,0,0,0,0,"a debug injection lands at a step boundary, never mid-resolution"
unit/debug/test_bout_injector.gd,test_a_mid_resolution_injection_attempt_is_rejected,,13590,0,0,0,0,0,0,"a debug injection lands at a step boundary, never mid-resolution"
unit/debug/test_bout_injector.gd,test_a_rejected_injection_is_a_true_noop_never_marks_the_bout_injected,,11691,0,0,0,0,0,0,a refused injection changes nothing
unit/debug/test_bout_injector.gd,test_a_successful_injection_marks_the_bout_as_injected,,11804,0,0,0,0,0,0,an injected bout is flagged so its results are not read as clean
unit/debug/test_bout_injector.gd,test_spawn_unit_adds_a_real_unit_through_the_real_assembly_path,,20107,0,0,0,0,0,0,"a debug verb reuses the real gameplay path, never a shortcut"
unit/debug/test_bout_injector.gd,test_spawn_unit_draws_its_matrix_id_from_the_bout_rng_not_a_global_one,,28101,0,0,0,0,0,0,randomness comes from the passed-in seeded RNG
unit/debug/test_bout_injector.gd,test_set_position_moves_the_unit_and_updates_grid_occupancy,,16422,0,0,0,0,0,0,"a debug verb reuses the real gameplay path, never a shortcut"
unit/debug/test_bout_injector.gd,test_set_position_refuses_an_already_occupied_cell,,16829,0,0,0,0,0,0,a debug verb refuses a board state the game could not reach
unit/debug/test_bout_injector.gd,test_hand_weapon_attaches_a_fresh_pool_copy_into_the_named_socket,,11686,0,0,0,0,0,0,"a debug verb reuses the real gameplay path, never a shortcut"
unit/debug/test_bout_injector.gd,test_equip_from_kit_runs_the_real_kit_equip_path,,11910,0,0,0,0,0,0,"a debug verb reuses the real gameplay path, never a shortcut"
unit/debug/test_bout_injector.gd,test_set_part_hp_forces_an_exact_value,,11936,0,0,0,0,0,0,a debug verb forces the exact state it names
unit/debug/test_bout_injector.gd,test_set_part_hp_refuses_an_unknown_part_id,,11755,0,0,0,0,0,0,a debug verb refuses a board state the game could not reach
unit/debug/test_bout_injector.gd,test_inflict_wound_reuses_wound_effects,,13072,0,0,0,0,0,0,"a debug verb reuses the real gameplay path, never a shortcut"
unit/debug/test_bout_injector.gd,test_inflict_wound_below_threshold_never_inflicts,,13160,0,0,0,0,0,0,"a debug verb reuses the real gameplay path, never a shortcut"
unit/debug/test_bout_injector.gd,test_set_ap_forces_an_exact_value,,13217,0,0,0,0,0,0,a debug verb forces the exact state it names
unit/debug/test_bout_injector.gd,test_set_mp_forces_an_exact_value,,11669,0,0,0,0,0,0,a debug verb forces the exact state it names
unit/debug/test_bout_injector.gd,test_set_facing_forces_an_exact_orientation,,11865,0,0,0,0,0,0,a debug verb forces the exact state it names
unit/debug/test_bout_injector.gd,test_set_pose_forces_a_named_pose,,12042,0,0,0,0,0,0,a debug verb forces the exact state it names
unit/debug/test_bout_injector.gd,test_set_therms_is_a_flagged_stub_that_never_mutates,,12255,0,0,0,0,0,0,"an unimplemented hook is flagged, not silently inert"
unit/debug/test_bout_injector.gd,test_force_overwatch_arm_sets_the_field_directly,,13520,0,0,0,0,0,0,a debug verb forces the exact state it names
unit/debug/test_bout_injector.gd,test_force_action_reuses_try_apply_and_its_own_legality_check,,13121,0,0,0,0,0,0,"a debug verb reuses the real gameplay path, never a shortcut"
unit/debug/test_bout_injector.gd,test_force_action_applies_a_legal_action_for_real,,13312,0,0,0,0,0,0,"a debug verb reuses the real gameplay path, never a shortcut"
unit/debug/test_bout_injector.gd,test_place_cover_adds_a_real_blocker_and_blocks_movement,,13837,0,0,0,0,0,0,"a debug verb reuses the real gameplay path, never a shortcut"
unit/debug/test_bout_injector.gd,test_place_cover_refuses_an_already_blocked_cell,,11585,0,0,0,0,0,0,a debug verb refuses a board state the game could not reach
unit/debug/test_bout_injector.gd,test_clear_cover_removes_the_blocker_and_restores_passage,,11785,0,0,0,0,0,0,"a debug verb reuses the real gameplay path, never a shortcut"
unit/debug/test_bout_injector.gd,test_clear_cover_refuses_a_cell_with_nothing_to_clear,,11953,0,0,0,0,0,0,a debug verb refuses a board state the game could not reach
unit/debug/test_bout_injector.gd,test_set_passable_false_makes_a_cell_impassable,,12186,0,0,0,0,0,0,a debug verb forces the exact state it names
unit/debug/test_bout_injector.gd,test_set_passable_true_restores_passage,,12772,0,0,0,0,0,0,a debug verb forces the exact state it names
unit/debug/test_bout_injector.gd,test_attach_part_attaches_a_non_weapon_part_to_a_valid_socket,,13200,0,0,0,0,0,0,"a debug verb reuses the real gameplay path, never a shortcut"
unit/debug/test_bout_injector.gd,test_attach_part_refuses_an_illegal_attachment,,13169,0,0,0,0,0,0,an action refuses an illegal socket attachment
unit/debug/test_bout_injector.gd,test_hand_weapon_and_attach_part_share_the_same_mechanism_but_log_distinctly,,11720,0,0,0,0,0,0,"one mechanism, distinctly logged — no parallel systems"
unit/debug/test_bout_injector.gd,test_a_debug_move_onto_a_raised_cell_updates_the_units_height,,18322,0,0,0,0,0,0,a unit's height follows the cell it stands on
unit/debug/test_bout_injector.gd,test_move_object_onto_a_raised_cell_updates_height_too,,18395,0,0,0,0,0,0,a unit's height follows the cell it stands on
unit/debug/test_bout_injector.gd,test_set_part_hp_reaches_a_blocker_at_a_cell,,11671,0,0,0,0,0,0,a debug verb forces the exact state it names
unit/debug/test_bout_injector.gd,test_a_named_part_in_a_blockers_tree_is_reachable_and_an_unknown_one_is_refused,,12127,0,0,0,0,0,0,a debug verb refuses a board state the game could not reach
unit/debug/test_bout_injector.gd,test_a_bare_unit_target_still_works_exactly_as_before,,12239,0,0,0,0,0,0,a feature switched off leaves behaviour exactly as it was
unit/debug/test_bout_injector.gd,test_a_cell_with_nothing_on_it_is_refused_by_name,,12223,0,0,0,0,0,0,a debug verb refuses a board state the game could not reach
unit/debug/test_bout_injector.gd,test_the_part_hit_a_cover_click_produces_is_a_usable_target,,13004,0,0,0,0,0,0,a debug verb forces the exact state it names
unit/debug/test_bout_injector.gd,test_effect_events_strips_the_injectors_own_bookkeeping_and_keeps_what_the_verb_caused,,13239,0,0,0,0,0,0,
unit/debug/test_bout_injector.gd,test_effect_events_keeps_a_detonation_caused_by_a_forced_hp_change,,13442,0,0,0,0,0,0,
unit/debug/test_bout_injector_determinism.gd,test_bout_injector_is_never_referenced_by_a_gameplay_input_class,,11493,0,0,0,0,0,0,the debug injector is reachable only from a debug surface
unit/debug/test_bout_injector_determinism.gd,test_bout_injector_is_referenced_only_by_the_debug_module,,10029,0,0,0,0,0,0,
unit/debug/test_bout_injector_determinism.gd,test_no_overlay_reaches_for_the_injector_directly,,9644,0,0,0,0,0,0,
unit/debug/test_bout_injector_determinism.gd,test_the_debug_menu_is_gated_behind_a_real_debug_check,,9431,0,0,0,0,0,0,
unit/debug/test_bout_injector_determinism.gd,test_the_same_injections_in_the_same_order_reproduce_the_same_result,,18405,0,6,96,12,6,0,the same seed produces the same battle
unit/debug/test_bout_injector_force_climb.gd,test_force_climb_reuses_real_legality_a_non_climber_is_refused,,28066,0,0,0,0,0,0,"a debug verb reuses the real gameplay path, never a shortcut"
unit/debug/test_bout_injector_force_climb.gd,test_force_climb_applies_a_legal_climb_for_real,,11235,0,0,0,0,0,0,"a debug verb reuses the real gameplay path, never a shortcut"
unit/debug/test_bout_injector_force_climb.gd,test_force_hop_down_applies_a_legal_drop_for_real,,12504,0,0,0,0,0,0,"a debug verb reuses the real gameplay path, never a shortcut"
unit/debug/test_bout_injector_force_climb.gd,test_the_verbs_refuse_a_target_on_the_wrong_side,,11232,0,0,0,0,0,0,
unit/debug/test_bout_injector_kill.gd,test_kill_ejects_the_hosted_matrix_so_resolve_matrix_goes_null,,9839,0,1,0,0,0,0,"a destroyed shell ejects its matrix, which survives as a field item"
unit/debug/test_bout_injector_kill.gd,test_kill_drops_the_ejected_matrix_as_a_real_loose_field_item,,9552,0,1,0,0,0,0,"a destroyed shell ejects its matrix, which survives as a field item"
unit/debug/test_bout_injector_kill.gd,test_kill_still_kills_through_the_real_combat_state_path,,11140,0,1,0,0,0,0,"a debug verb reuses the real gameplay path, never a shortcut"
unit/debug/test_bout_injector_kill.gd,test_kill_on_a_matrixless_unit_still_kills_without_erroring,,9872,0,1,0,0,0,0,"a debug verb reuses the real gameplay path, never a shortcut"
unit/debug/test_bout_injector_kill.gd,test_kill_refuses_an_already_dead_unit,,9643,0,1,0,0,0,0,a debug verb refuses a board state the game could not reach
unit/debug/test_bout_injector_move_object.gd,test_move_object_moves_a_unit_the_same_as_set_position,,10815,0,0,0,0,0,0,"one mechanism, distinctly logged — no parallel systems"
unit/debug/test_bout_injector_move_object.gd,test_move_object_on_a_unit_logs_its_own_verb_name_not_set_positions,,10268,0,0,0,0,0,0,"one mechanism, distinctly logged — no parallel systems"
unit/debug/test_bout_injector_move_object.gd,test_move_object_refuses_a_unit_move_onto_an_occupied_cell,,9781,0,0,0,0,0,0,a debug verb refuses a board state the game could not reach
unit/debug/test_bout_injector_move_object.gd,test_move_object_moves_a_cover_blocker_preserving_its_own_state,,9669,0,0,0,0,0,0,"a debug verb reuses the real gameplay path, never a shortcut"
unit/debug/test_bout_injector_move_object.gd,test_move_object_refuses_a_cover_move_onto_an_occupied_blocker_cell,,10518,0,0,0,0,0,0,a debug verb refuses a board state the game could not reach
unit/debug/test_bout_injector_move_object.gd,test_move_object_moves_loose_field_items_merging_into_an_occupied_destination,,10348,0,0,0,0,0,0,loose field items pile up in a cell rather than replacing each other
unit/debug/test_bout_injector_move_object.gd,test_move_object_refuses_a_cell_with_neither_a_blocker_nor_field_items,,9723,0,0,0,0,0,0,a debug verb refuses a board state the game could not reach
unit/debug/test_bout_injector_move_object.gd,test_move_object_refuses_when_source_and_destination_are_the_same_cell,,10944,0,0,0,0,0,0,a debug verb refuses a board state the game could not reach
unit/debug/test_bout_injector_move_object.gd,test_move_object_refuses_mid_resolution,,10240,0,0,0,0,0,0,"a debug injection lands at a step boundary, never mid-resolution"
unit/debug/test_bout_injector_remove_object.gd,test_remove_object_on_a_unit_kills_it_through_the_real_combat_state_path,,9901,0,1,0,0,0,0,"a debug verb reuses the real gameplay path, never a shortcut"
unit/debug/test_bout_injector_remove_object.gd,test_remove_object_on_a_unit_never_ejects_the_matrix_thats_kills_own_job,,9620,0,1,0,0,0,0,"one mechanism, distinctly logged — no parallel systems"
unit/debug/test_bout_injector_remove_object.gd,test_remove_object_on_a_unit_always_succeeds_even_if_already_dead,,9541,0,1,0,0,0,0,a debug verb forces the exact state it names
unit/debug/test_bout_injector_remove_object.gd,test_remove_object_on_a_cell_erases_the_blocker_there,,11223,0,0,0,0,0,0,"a debug verb reuses the real gameplay path, never a shortcut"
unit/debug/test_bout_injector_remove_object.gd,test_remove_object_on_a_cell_erases_loose_field_items_there_too,,10000,0,0,0,0,0,0,"a debug verb reuses the real gameplay path, never a shortcut"
unit/debug/test_bout_injector_remove_object.gd,test_remove_object_on_a_cell_erases_both_a_blocker_and_field_items_at_once,,9669,0,0,0,0,0,0,"a debug verb reuses the real gameplay path, never a shortcut"
unit/debug/test_bout_injector_remove_object.gd,test_remove_object_refuses_a_cell_with_neither_a_blocker_nor_field_items,,10932,0,0,0,0,0,0,a debug verb refuses a board state the game could not reach
unit/debug/test_bout_injector_remove_object.gd,test_remove_object_refuses_mid_resolution,,10045,0,0,0,0,0,0,"a debug injection lands at a step boundary, never mid-resolution"
unit/debug/test_bout_injector_set_cell_level.gd,test_set_cell_level_forces_the_grid,,11181,0,0,0,0,0,0,a debug verb forces the exact state it names
unit/debug/test_bout_injector_set_cell_level.gd,test_set_cell_level_resyncs_a_unit_already_standing_there,,10959,0,0,0,0,0,0,a unit's height follows the cell it stands on
unit/debug/test_bout_injector_set_cell_level.gd,test_set_cell_level_rejected_while_resolving,,12424,0,0,0,0,0,0,"a debug injection lands at a step boundary, never mid-resolution"
unit/debug/test_bout_injector_set_cell_level.gd,test_set_cell_level_out_of_bounds_returns_false,,11194,0,0,0,0,0,0,a debug verb refuses a board state the game could not reach
unit/debug/test_bout_injector_set_cell_level.gd,test_set_cell_level_logs_the_injection,,11472,0,0,0,0,0,0,every mutation emits a combat log event
unit/debug/test_bout_injector_spawn_object.gd,test_spawn_object_as_cover_places_a_real_blocker,,12847,0,0,0,0,0,0,"a debug verb reuses the real gameplay path, never a shortcut"
unit/debug/test_bout_injector_spawn_object.gd,test_spawn_object_as_cover_refuses_an_already_blocked_cell,,11515,0,0,0,0,0,0,a debug verb refuses a board state the game could not reach
unit/debug/test_bout_injector_spawn_object.gd,test_spawn_object_as_a_loose_item_adds_to_field_items_not_blockers,,11667,0,0,0,0,0,0,loose field items pile up in a cell rather than replacing each other
unit/debug/test_bout_injector_spawn_object.gd,test_spawn_object_as_a_loose_item_appends_to_an_existing_pile,,12605,0,0,0,0,0,0,loose field items pile up in a cell rather than replacing each other
unit/debug/test_bout_injector_spawn_object.gd,test_spawn_object_refuses_an_unknown_pool_id,,11478,0,0,0,0,0,0,an open-vocabulary id is checked against the real vocabulary
unit/debug/test_bout_injector_spawn_object.gd,test_spawn_object_logs_whether_it_was_cover_or_a_loose_item,,11317,0,0,0,0,0,0,every mutation emits a combat log event
unit/debug/test_build_identity.gd,test_the_build_kind_is_one_of_the_three_known_builds,,9794,0,0,0,0,0,0,a measurement records which build produced it
unit/debug/test_build_identity.gd,test_the_test_suite_itself_reports_the_editor_debug_build,,10976,0,0,0,0,0,0,a measurement records which build produced it
unit/debug/test_build_identity.gd,test_only_an_exported_release_build_counts_as_representative,,9501,0,0,0,0,0,0,a measurement records which build produced it
unit/debug/test_build_identity.gd,test_the_description_names_the_build_the_version_and_the_platform,,9516,0,0,0,0,0,0,a measurement records which build produced it
unit/debug/test_build_identity.gd,test_the_data_form_carries_the_same_facts_as_the_prose,,9595,0,0,0,0,0,0,a diagnostic's data form and its prose carry the same facts
unit/debug/test_debug_verbs.gd,test_only_board_changing_verbs_ask_for_a_board_rebuild,,10961,0,0,0,0,0,0,the view rebuilds only when the board actually changed
unit/debug/test_debug_verbs.gd,test_move_object_and_remove_object_always_rebuild_either_can_target_a_cell,,9808,0,0,0,0,0,0,the view rebuilds only when the board actually changed
unit/debug/test_debug_verbs.gd,test_every_board_changing_verb_is_a_real_verb,,23468,0,0,0,0,0,0,an open-vocabulary id is checked against the real vocabulary
unit/logic/actions/test_attack_action.gd,test_is_legal_true_in_the_baseline_case,,5065,0,0,0,0,0,0,"an action is legal only when its provider, AP and geometry all permit it"
unit/logic/actions/test_attack_action.gd,test_is_legal_false_without_enough_ap,,4948,0,0,0,0,0,0,an action is illegal without the AP it costs
unit/logic/actions/test_attack_action.gd,test_is_legal_false_beyond_weapon_range,,4911,0,0,0,0,0,0,a weapon's range bounds where it can fire
unit/logic/actions/test_attack_action.gd,test_is_legal_false_for_a_two_handed_weapon_adjacent_to_an_enemy,,5413,0,0,0,0,0,0,a two-handed weapon cannot be brought to bear at contact range
unit/logic/actions/test_attack_action.gd,test_is_legal_true_for_a_short_weapon_adjacent_to_an_enemy,,5068,0,0,0,0,0,0,a two-handed weapon cannot be brought to bear at contact range
unit/logic/actions/test_attack_action.gd,test_is_legal_false_under_min_range_for_a_non_dud_weapon,,4973,0,0,0,0,0,0,a weapon's range bounds where it can fire
unit/logic/actions/test_attack_action.gd,test_a_dud_capable_weapon_still_fires_under_min_range_and_is_flagged,,5849,0,0,0,0,0,1,a weapon's range bounds where it can fire
unit/logic/actions/test_attack_action.gd,test_a_normal_shot_within_min_range_is_not_flagged_as_a_dud,,6006,0,0,0,0,0,1,a weapon's range bounds where it can fire
unit/logic/actions/test_attack_action.gd,test_a_shot_beyond_effective_range_scales_up_the_dartboard,,129,0,0,0,0,0,0,scatter widens with range
unit/logic/actions/test_attack_action.gd,test_is_legal_true_even_with_something_in_the_way,,5059,0,0,0,0,0,0,
unit/logic/actions/test_attack_action.gd,test_is_legal_false_without_a_capable_manipulator,,4907,0,0,0,0,0,0,an action requires a part that provides it
unit/logic/actions/test_attack_action.gd,test_is_legal_false_for_a_weapon_that_only_provides_burst,,5613,0,0,0,0,0,0,an action requires a part that provides it
unit/logic/actions/test_attack_action.gd,test_is_legal_true_for_a_weapon_that_provides_both_shoot_and_burst,,5241,0,0,0,0,0,0,an action requires a part that provides it
unit/logic/actions/test_attack_action.gd,test_apply_deals_damage_and_spends_ap,,6163,0,0,0,0,0,1,an action spends the AP its provider authors
unit/logic/actions/test_attack_action.gd,test_impact_event_names_which_unit_actually_took_the_hit,,5978,0,0,0,0,0,1,every mutation emits a combat log event
unit/logic/actions/test_attack_action.gd,test_impact_origin_comes_from_the_real_muzzle_not_the_bare_cell_center,,5966,0,0,0,0,0,1,"a shot originates at the real muzzle, not the cell centre"
unit/logic/actions/test_attack_action.gd,test_direction_shares_the_muzzle_anchor_so_a_close_target_never_resolves_behind_the_ray,,5256,0,0,0,0,0,1,"a shot originates at the real muzzle, not the cell centre"
unit/logic/actions/test_attack_action.gd,test_a_queued_attack_on_a_target_that_dies_earlier_stops_resolution,,20620,0,0,0,0,0,1,a queued intent revalidates at resolution time
unit/logic/actions/test_attack_action.gd,test_flanking_exposes_a_rear_part_a_frontal_shot_cannot_reach,,41573,0,0,0,0,0,2,"a hit resolves spatially against the shot plane, never a facing table"
unit/logic/actions/test_attack_action.gd,test_destroying_the_head_logs_every_cascading_consequence,,20439,0,0,0,0,0,1,destroying a part cascades to what it carried
unit/logic/actions/test_attack_action.gd,test_replays_identically_from_the_same_seed,,18869,0,0,0,0,0,10,the same seed produces the same battle
unit/logic/actions/test_attack_action.gd,test_destroying_a_scrap_pile_along_the_shot_credits_its_salvage_to_the_mission,,7246,0,0,0,0,0,1,destroying a field object yields its salvage to the mission
unit/logic/actions/test_attack_action.gd,test_destroying_a_field_object_with_no_mission_context_does_not_crash,,6635,0,0,0,0,0,1,destroying a field object yields its salvage to the mission
unit/logic/actions/test_attack_action.gd,test_is_legal_true_with_a_blocker_but_no_unit_at_the_target_cell,,4925,0,0,0,0,0,0,"a shot resolves against whatever occupies the target cell, unit or not"
unit/logic/actions/test_attack_action.gd,test_is_legal_false_with_neither_a_unit_nor_a_blocker_at_the_target_cell,,4870,0,0,0,0,0,0,"a shot resolves against whatever occupies the target cell, unit or not"
unit/logic/actions/test_attack_action.gd,test_apply_resolves_a_declared_shot_against_a_blocker_with_no_unit_there,,6749,0,0,0,0,0,1,"a shot resolves against whatever occupies the target cell, unit or not"
unit/logic/actions/test_attack_action.gd,test_a_hip_height_muzzle_behind_low_cover_hits_the_cover_not_the_target,,5855,0,0,0,0,0,1,cover between muzzle and target stops the shot
unit/logic/actions/test_attack_action.gd,test_shouldering_clears_cover_the_unshouldered_position_would_not,,6327,0,0,0,0,0,1,cover between muzzle and target stops the shot
unit/logic/actions/test_attack_action.gd,test_cover_shorter_than_the_muzzle_does_not_obstruct_the_shot,,6164,0,0,0,0,0,1,cover between muzzle and target stops the shot
unit/logic/actions/test_attack_action.gd,test_a_shot_at_an_elevated_target_still_lands_inside_its_real_body,,5499,0,0,0,0,0,1,"elevation changes the shot geometry, not the rules"
unit/logic/actions/test_attack_action.gd,test_a_steeply_elevated_shooter_still_hits_a_close_target,,5666,0,0,0,0,0,1,"elevation changes the shot geometry, not the rules"
unit/logic/actions/test_burst_action.gd,test_chaingun_offers_burst_and_not_shoot,,432,0,0,0,0,0,0,an action requires a part that provides it
unit/logic/actions/test_burst_action.gd,test_auto_shotgun_offers_shoot_and_burst,,208,0,0,0,0,0,0,an action requires a part that provides it
unit/logic/actions/test_burst_action.gd,test_is_legal_true_in_the_baseline_case,,5271,0,0,0,0,0,0,"an action is legal only when its provider, AP and geometry all permit it"
unit/logic/actions/test_burst_action.gd,test_is_legal_false_without_enough_ap_for_the_burst_ap_cost,,4981,0,0,0,0,0,0,an action is illegal without the AP it costs
unit/logic/actions/test_burst_action.gd,test_is_legal_false_for_a_two_handed_burst_weapon_adjacent_to_an_enemy,,4921,0,0,0,0,0,0,a two-handed weapon cannot be brought to bear at contact range
unit/logic/actions/test_burst_action.gd,test_is_legal_false_for_a_weapon_with_no_burst_mode,,4923,0,0,0,0,0,0,an action requires a part that provides it
unit/logic/actions/test_burst_action.gd,test_is_legal_false_for_a_weapon_that_can_burst_but_never_opted_in,,5592,0,0,0,0,0,0,an action requires a part that provides it
unit/logic/actions/test_burst_action.gd,test_is_legal_true_for_a_weapon_that_provides_both_shoot_and_burst,,5238,0,0,0,0,0,0,an action requires a part that provides it
unit/logic/actions/test_burst_action.gd,test_a_burst_fires_exactly_burst_size_independent_pulls,,15211,0,0,0,0,0,1,a burst fires burst_size independent pulls
unit/logic/actions/test_burst_action.gd,test_burst_spends_its_own_higher_ap_cost,,15673,0,0,0,0,0,1,an action spends the AP its provider authors
unit/logic/actions/test_burst_action.gd,test_a_burst_emits_one_summary_event_plus_full_detail_per_impact,,15488,0,0,0,0,0,1,every mutation emits a combat log event
unit/logic/actions/test_burst_action.gd,test_a_burst_of_buckshot_resolves_n_pulls_times_m_pellets,,39760,0,0,0,0,0,1,a burst fires burst_size independent pulls
unit/logic/actions/test_burst_action.gd,test_replays_identically_from_the_same_seed,,41953,0,0,0,0,0,2,the same seed produces the same battle
unit/logic/actions/test_burst_action.gd,test_recoil_resets_between_separate_burst_activations,,25620,0,0,0,0,0,2,recoil accumulates within a burst and resets between them
unit/logic/actions/test_burst_action.gd,test_recoil_never_changes_the_pellet_count_per_pull,,40657,0,0,0,0,0,1,a burst fires burst_size independent pulls
unit/logic/actions/test_burst_action.gd,test_apply_faces_the_shooter_toward_the_target,,30870,0,0,0,0,0,1,an attack faces the shooter at its target for free
unit/logic/actions/test_burst_action.gd,test_a_real_bursts_pull_events_always_total_burst_size_even_with_misses,,18290,0,0,0,0,0,1,a burst fires burst_size independent pulls
unit/logic/actions/test_burst_action.gd,test_burst_pull_events_are_indexed_0_to_burst_size_minus_1,,30707,0,0,0,0,0,1,every mutation emits a combat log event
unit/logic/actions/test_burst_action.gd,test_landed_so_far_matches_the_actual_impact_count_at_the_end,,15249,0,0,0,0,0,1,every mutation emits a combat log event
unit/logic/actions/test_burst_action.gd,test_apply_resolves_a_declared_burst_against_a_blocker_with_no_unit_there,,8811,0,0,0,0,0,1,"a shot resolves against whatever occupies the target cell, unit or not"
unit/logic/actions/test_burst_action.gd,test_a_burst_still_lands_on_an_elevated_target,,8382,0,0,0,0,0,1,"elevation changes the shot geometry, not the rules"
unit/logic/actions/test_carry_body_action.gd,test_carry_body_attaches_to_back_and_tags_inert,,9787,0,0,0,0,0,0,a carried body occupies a socket and adds its volume
unit/logic/actions/test_carry_body_action.gd,test_carry_body_emits_a_carry_body_event,,9514,0,0,0,0,0,0,every mutation emits a combat log event
unit/logic/actions/test_carry_body_action.gd,test_carry_body_occupies_back_so_a_second_body_has_nowhere_to_go,,11190,0,0,0,0,0,0,a carried body occupies a socket and adds its volume
unit/logic/actions/test_carry_body_action.gd,test_a_worn_trash_barrel_leaves_no_room_to_carry_a_body,,9738,0,0,0,0,0,0,a carried body occupies a socket and adds its volume
unit/logic/actions/test_carry_body_action.gd,test_carry_body_illegal_for_something_not_shaped_for_a_back_socket,,9418,0,0,0,0,0,0,an action refuses an illegal socket attachment
unit/logic/actions/test_carry_body_action.gd,test_carry_body_illegal_without_a_body_present,,9464,0,0,0,0,0,0,"an action is legal only when its provider, AP and geometry all permit it"
unit/logic/actions/test_carry_body_action.gd,test_carried_body_contributes_volume_to_the_carriers_projection,,11670,0,0,0,0,0,0,a carried body occupies a socket and adds its volume
unit/logic/actions/test_carry_body_action.gd,test_a_shot_from_behind_hits_the_carried_body_instead_of_the_carrier,,10477,0,1,0,0,0,1,"a hit resolves spatially against the shot plane, never a facing table"
unit/logic/actions/test_end_turn_action.gd,test_end_turn_advances_turn_order,,9783,0,1,0,0,0,0,turn order advances exactly once per end of turn
unit/logic/actions/test_end_turn_action.gd,test_end_turn_emits_turn_end_for_the_ending_unit_then_turn_start_for_the_next,,11158,0,1,0,0,0,0,every mutation emits a combat log event
unit/logic/actions/test_end_turn_action.gd,test_end_turn_is_legal_and_advances_even_if_the_current_unit_just_died,,10165,0,1,0,0,0,0,turn order advances exactly once per end of turn
unit/logic/actions/test_end_turn_action.gd,test_end_turn_rejects_when_not_units_turn,,9499,0,0,0,0,0,0,only the current unit may act
unit/logic/actions/test_end_turn_action.gd,test_end_turn_starts_the_hold_on_the_players_own_cell,,9317,0,1,0,0,0,0,
unit/logic/actions/test_end_turn_action.gd,test_end_turn_cancels_the_hold_when_the_unit_is_off_the_cell,,11234,0,1,0,0,0,0,
unit/logic/actions/test_end_turn_action.gd,test_end_turn_hold_does_not_complete_within_the_same_round,,9889,0,1,0,0,0,0,the extraction hold completes only after a later round with every objective done
unit/logic/actions/test_end_turn_action.gd,test_end_turn_hold_extracts_once_a_later_round_has_begun,,9710,0,2,0,0,0,0,the extraction hold completes only after a later round with every objective done
unit/logic/actions/test_end_turn_action.gd,test_end_turn_hold_requires_every_objective_complete,,10992,0,1,0,0,0,0,the extraction hold completes only after a later round with every objective done
unit/logic/actions/test_end_turn_action.gd,test_end_turn_hold_never_applies_to_a_non_player_squad,,10066,0,2,0,0,0,0,player advantage is asymmetric on purpose
unit/logic/actions/test_end_turn_action.gd,test_end_turn_hold_completion_triggers_the_mission_extract_once_the_squad_is_out,,9680,0,2,0,0,0,0,the extraction hold completes only after a later round with every objective done
unit/logic/actions/test_end_turn_action.gd,test_end_turn_with_no_mission_skips_the_hold_check_entirely,,11157,0,1,0,0,0,0,the extraction hold completes only after a later round with every objective done
unit/logic/actions/test_end_turn_action.gd,test_is_holding_position_true_on_the_cell_with_objectives_complete,,9810,0,0,0,0,0,0,
unit/logic/actions/test_end_turn_action.gd,test_is_holding_position_false_off_the_cell,,9668,0,0,0,0,0,0,
unit/logic/actions/test_end_turn_action.gd,test_is_holding_position_false_with_an_incomplete_objective,,9335,0,0,0,0,0,0,the extraction hold completes only after a later round with every objective done
unit/logic/actions/test_end_turn_action.gd,test_is_holding_position_false_for_a_non_player_squad,,10954,0,0,0,0,0,0,player advantage is asymmetric on purpose
unit/logic/actions/test_end_turn_action.gd,test_is_holding_position_false_with_no_mission,,9528,0,0,0,0,0,0,the extraction hold completes only after a later round with every objective done
unit/logic/actions/test_extract_action.gd,test_extract_illegal_off_the_extraction_cell,,9629,0,0,0,0,0,0,extraction happens only at the zone
unit/logic/actions/test_extract_action.gd,test_extract_illegal_for_the_player_squad_even_on_the_cell,,10694,0,0,0,0,0,0,
unit/logic/actions/test_extract_action.gd,test_extract_illegal_without_enough_ap,,9862,0,0,0,0,0,0,an action is illegal without the AP it costs
unit/logic/actions/test_extract_action.gd,test_extract_legal_at_the_zone_regardless_of_incomplete_objectives,,9487,0,0,0,0,0,0,extraction happens only at the zone
unit/logic/actions/test_extract_action.gd,test_extract_spends_its_ap_cost,,9389,0,1,0,0,0,0,an action spends the AP its provider authors
unit/logic/actions/test_extract_action.gd,test_extract_removes_the_unit_and_marks_it_extracted,,10631,0,1,0,0,0,0,extraction happens only at the zone
unit/logic/actions/test_extract_action.gd,test_extract_emits_an_extract_event,,10004,0,1,0,0,0,0,every mutation emits a combat log event
unit/logic/actions/test_extract_action.gd,test_extract_uses_team_coded_cells_when_present_for_this_squad,,9609,0,0,0,0,0,0,extraction happens only at the zone
unit/logic/actions/test_extract_action.gd,test_extract_falls_back_to_extraction_cells_when_this_squads_own_entry_is_absent,,10904,0,0,0,0,0,0,an unstated authored field takes its default
unit/logic/actions/test_extract_action.gd,test_extract_on_a_preview_never_removes_the_real_unit,,10238,0,0,0,0,0,0,a preview mutates nothing
unit/logic/actions/test_face_action.gd,test_manual_face_deducts_exactly_one_mp,,9785,0,0,0,0,0,0,facing is free with a move and paid for on its own
unit/logic/actions/test_face_action.gd,test_manual_face_burns_one_ap_for_mp_when_short,,9513,0,0,0,0,0,0,movement spends MP and converts AP when MP runs out
unit/logic/actions/test_face_action.gd,test_facing_with_zero_mp_and_zero_ap_is_illegal,,9279,0,0,0,0,0,0,movement spends MP and converts AP when MP runs out
unit/logic/actions/test_face_action.gd,test_manual_face_emits_faced_with_reason_manual_first,,12437,0,0,0,0,0,0,every mutation emits a combat log event
unit/logic/actions/test_face_action.gd,test_the_first_manual_face_unlocks_free_refacing_for_the_rest_of_the_turn,,9997,0,0,0,0,0,0,the first paid face unlocks free refacing for the turn
unit/logic/actions/test_face_action.gd,test_a_second_manual_face_logs_reason_manual_free,,10964,0,0,0,0,0,0,the first paid face unlocks free refacing for the turn
unit/logic/actions/test_face_action.gd,test_a_face_is_always_legal_once_unlocked_even_with_no_mp_or_ap,,10190,0,0,0,0,0,0,the first paid face unlocks free refacing for the turn
unit/logic/actions/test_face_action.gd,test_an_attack_faces_the_target_for_free,,10307,0,0,0,0,0,1,an attack faces the shooter at its target for free
unit/logic/actions/test_face_action.gd,test_an_attack_already_facing_the_target_does_not_re_log_faced,,11374,0,0,0,0,0,1,every mutation emits a combat log event
unit/logic/actions/test_gather_action.gd,test_gather_consumes_the_node_and_banks_the_resource,,9413,0,0,0,0,0,0,resources accumulate by id
unit/logic/actions/test_gather_action.gd,test_gather_completes_the_tied_objective,,10929,0,0,0,0,0,0,an objective completes when the thing it names is done
unit/logic/actions/test_gather_action.gd,test_gather_illegal_off_the_node_cell,,9682,0,0,0,0,0,0,"an action is legal only when its provider, AP and geometry all permit it"
unit/logic/actions/test_gather_action.gd,test_gather_illegal_without_enough_ap,,9374,0,0,0,0,0,0,an action is illegal without the AP it costs
unit/logic/actions/test_gather_action.gd,test_gather_emits_a_gather_event,,11246,0,0,0,0,0,0,every mutation emits a combat log event
unit/logic/actions/test_gather_action.gd,test_gather_on_a_preview_spends_ap_but_never_touches_the_mission,,10067,0,0,0,0,0,0,a preview mutates nothing
unit/logic/actions/test_grind_action.gd,test_is_legal_false_without_a_hold_provider,,9702,0,0,0,0,0,0,an action requires a part that provides it
unit/logic/actions/test_grind_action.gd,test_two_hits_never_accumulate_enough_bonus_pen_to_penetrate,,9856,0,0,0,0,0,1,accumulated bonus penetration eventually breaks through
unit/logic/actions/test_grind_action.gd,test_a_third_hit_accumulates_enough_bonus_pen_to_penetrate_and_spill_through,,11113,0,0,0,0,0,1,accumulated bonus penetration eventually breaks through
unit/logic/actions/test_grind_action.gd,test_a_hold_never_deflects,,10315,0,0,0,0,0,1,penetration decides whether a hit passes through or deflects
unit/logic/actions/test_hold_action.gd,test_is_legal_true_for_the_current_unit_with_another_living_unit,,10691,0,0,0,0,0,0,holding defers a turn without regenerating anything
unit/logic/actions/test_hold_action.gd,test_is_legal_false_when_no_other_living_unit_exists,,11322,0,0,0,0,0,0,holding defers a turn without regenerating anything
unit/logic/actions/test_hold_action.gd,test_is_legal_false_for_a_non_current_unit,,10407,0,0,0,0,0,0,only the current unit may act
unit/logic/actions/test_hold_action.gd,test_holding_defers_the_units_turn_to_after_the_next_ally,,10060,0,3,0,0,0,0,holding defers a turn without regenerating anything
unit/logic/actions/test_hold_action.gd,test_held_ap_and_mp_carry_forward_exactly,,9885,0,2,0,0,0,0,holding defers a turn without regenerating anything
unit/logic/actions/test_hold_action.gd,test_no_regeneration_occurs_while_held_unlike_a_normal_turn,,10954,0,2,0,0,0,0,holding defers a turn without regenerating anything
unit/logic/actions/test_hold_action.gd,test_a_held_unit_still_acts_within_the_same_round,,10610,0,2,0,0,0,0,holding defers a turn without regenerating anything
unit/logic/actions/test_hold_action.gd,test_round_advances_normally_after_a_held_units_resumed_turn_ends,,9960,0,3,0,0,0,0,turn order advances exactly once per end of turn
unit/logic/actions/test_hold_action.gd,test_holding_is_deterministic_from_the_same_starting_state,,12011,0,6,0,0,0,0,the same seed produces the same battle
unit/logic/actions/test_modify_assembly_action.gd,test_modify_assembly_strips_a_sub_part_off_a_dropped_assembly,,10554,0,0,0,0,0,0,a part detaches from an assembly without disturbing the rest
unit/logic/actions/test_modify_assembly_action.gd,test_modify_assembly_emits_a_strip_part_event,,9958,0,0,0,0,0,0,every mutation emits a combat log event
unit/logic/actions/test_modify_assembly_action.gd,test_modify_assembly_illegal_for_a_part_not_in_the_assembly,,9565,0,0,0,0,0,0,a part detaches from an assembly without disturbing the rest
unit/logic/actions/test_modify_assembly_action.gd,test_modify_assembly_illegal_targeting_the_assembly_root_itself,,10785,0,0,0,0,0,0,a part detaches from an assembly without disturbing the rest
unit/logic/actions/test_move_action.gd,test_move_costs_right_mp_and_burns_ap_in_chunks,,16775,0,0,0,0,0,0,movement spends MP and converts AP when MP runs out
unit/logic/actions/test_move_action.gd,test_move_emits_a_move_event_to_the_destination,,16079,0,0,0,0,0,0,every mutation emits a combat log event
unit/logic/actions/test_move_action.gd,test_move_fails_when_ap_runs_out_mid_path,,16004,0,0,0,0,0,0,movement spends MP and converts AP when MP runs out
unit/logic/actions/test_move_action.gd,test_move_rejects_path_not_starting_at_units_cell,,14995,0,0,0,0,0,0,a move follows a contiguous path from the unit's own cell
unit/logic/actions/test_move_action.gd,test_move_rejects_when_not_units_turn,,16519,0,0,0,0,0,0,only the current unit may act
unit/logic/actions/test_move_action.gd,test_move_rejects_blocked_destination,,15609,0,0,0,0,0,0,a move follows a contiguous path from the unit's own cell
unit/logic/actions/test_move_action.gd,test_move_rejects_non_adjacent_step,,16575,0,0,0,0,0,0,a move follows a contiguous path from the unit's own cell
unit/logic/actions/test_move_action.gd,test_move_rejects_trivial_single_cell_path,,15364,0,0,0,0,0,0,a move follows a contiguous path from the unit's own cell
unit/logic/actions/test_move_action.gd,test_move_faces_the_unit_toward_the_overall_direction_of_travel,,16617,0,0,0,0,0,0,facing is free with a move and paid for on its own
unit/logic/actions/test_move_action.gd,test_move_facing_costs_no_mp_and_does_not_consume_the_facing_unlock,,15504,0,0,0,0,0,0,facing is free with a move and paid for on its own
unit/logic/actions/test_move_action.gd,test_move_facing_emits_a_faced_event_with_reason_free_with_move,,16986,0,0,0,0,0,0,every mutation emits a combat log event
unit/logic/actions/test_move_action.gd,test_a_curved_move_faces_each_cell_before_entering_it,,15768,0,0,0,0,0,0,
unit/logic/actions/test_move_action.gd,test_a_curved_move_interleaves_faced_and_move_events_leg_by_leg,,17066,0,0,0,0,0,0,every mutation emits a combat log event
unit/logic/actions/test_move_action.gd,test_a_straight_move_still_emits_exactly_one_move_event,,15774,0,0,0,0,0,0,every mutation emits a combat log event
unit/logic/actions/test_move_action.gd,test_an_interrupted_move_leaves_the_unit_facing_its_direction_of_travel,,16611,0,0,0,0,0,0,facing is free with a move and paid for on its own
unit/logic/actions/test_move_action.gd,test_per_cell_facing_on_a_curved_move_still_costs_no_extra_mp,,15382,0,0,0,0,0,0,
unit/logic/actions/test_move_action.gd,test_leftover_mp_is_discarded_at_end_of_turn,,16758,0,2,0,0,0,0,movement spends MP and converts AP when MP runs out
unit/logic/actions/test_pick_up_action.gd,test_pick_up_matrix_goes_to_held_matrix,,11691,0,0,0,0,0,0,a picked-up item goes into a container with room for it
unit/logic/actions/test_pick_up_action.gd,test_pick_up_emits_a_pick_up_event,,10433,0,0,0,0,0,0,every mutation emits a combat log event
unit/logic/actions/test_pick_up_action.gd,test_pick_up_matrix_illegal_when_already_carrying_one,,10500,0,0,0,0,0,0,a picked-up item goes into a container with room for it
unit/logic/actions/test_pick_up_action.gd,test_pick_up_part_attaches_into_the_named_container,,11246,0,0,0,0,0,0,a picked-up item goes into a container with room for it
unit/logic/actions/test_pick_up_action.gd,test_pick_up_part_illegal_without_room_in_the_container,,9936,0,0,0,0,0,0,a picked-up item goes into a container with room for it
unit/logic/actions/test_pick_up_action.gd,test_pick_up_part_illegal_with_no_container_worn_at_all,,9806,0,0,0,0,0,0,a picked-up item goes into a container with room for it
unit/logic/actions/test_pick_up_action.gd,test_pick_up_illegal_off_the_units_own_cell,,11099,0,0,0,0,0,0,"an action is legal only when its provider, AP and geometry all permit it"
unit/logic/actions/test_repair_action.gd,test_is_legal_true_with_a_charged_welder_and_enough_scrap,,11814,0,0,0,0,0,0,repair consumes a charge and matching scrap
unit/logic/actions/test_repair_action.gd,test_is_legal_false_without_enough_ap,,10277,0,0,0,0,0,0,an action is illegal without the AP it costs
unit/logic/actions/test_repair_action.gd,test_is_legal_false_with_no_welder,,10437,0,0,0,0,0,0,an action requires a part that provides it
unit/logic/actions/test_repair_action.gd,test_is_legal_false_with_a_drained_battery,,11819,0,0,0,0,0,0,repair consumes a charge and matching scrap
unit/logic/actions/test_repair_action.gd,test_is_legal_false_on_a_fully_healed_target,,10487,0,0,0,0,0,0,repair consumes a charge and matching scrap
unit/logic/actions/test_repair_action.gd,test_is_legal_false_without_enough_matching_scrap,,10031,0,0,0,0,0,0,repair consumes a charge and matching scrap
unit/logic/actions/test_repair_action.gd,test_is_legal_false_with_the_wrong_material_scrap,,11560,0,0,0,0,0,0,repair consumes a charge and matching scrap
unit/logic/actions/test_repair_action.gd,test_apply_heals_the_target_spends_ap_scrap_and_battery_charge,,10686,0,0,0,0,0,0,repair consumes a charge and matching scrap
unit/logic/actions/test_repair_action.gd,test_apply_never_heals_past_max_hp,,11296,0,0,0,0,0,0,repair consumes a charge and matching scrap
unit/logic/actions/test_repair_action.gd,test_apply_erases_the_resource_entry_once_fully_spent,,12819,0,0,0,0,0,0,resources accumulate by id
unit/logic/actions/test_repair_action.gd,test_apply_emits_a_repaired_event,,10380,0,0,0,0,0,0,every mutation emits a combat log event
unit/logic/actions/test_repair_action.gd,test_apply_on_a_preview_spends_ap_but_never_touches_the_real_unit,,11321,0,0,0,0,0,0,a preview mutates nothing
unit/logic/actions/test_shot_resolution.gd,test_a_genuine_miss_emits_a_miss_event,,414,0,0,0,0,0,0,every mutation emits a combat log event
unit/logic/actions/test_shot_resolution.gd,test_a_hit_never_also_emits_a_miss_event,,400,0,0,0,0,0,0,every mutation emits a combat log event
unit/logic/actions/test_shot_resolution.gd,test_a_miss_events_endpoint_continues_along_the_fired_direction,,432,0,0,0,0,0,0,a miss travels on to the weapon's own maximum range
unit/logic/actions/test_shot_resolution.gd,test_a_miss_respects_the_weapons_own_authored_max_range,,385,0,0,0,0,0,0,a miss travels on to the weapon's own maximum range
unit/logic/actions/test_shot_resolution.gd,test_a_miss_with_no_authored_max_range_falls_back_to_the_map_size,,357,0,0,0,0,0,0,an unstated authored field takes its default
unit/logic/actions/test_shot_resolution.gd,test_a_hit_logs_its_own_origin_and_hit_point,,422,0,0,0,0,0,0,a shot's logged geometry is the geometry it fired
unit/logic/actions/test_shot_resolution.gd,test_a_deflect_logs_its_own_reflected_miss_endpoint,,416,0,0,0,0,0,0,a shot's logged geometry is the geometry it fired
unit/logic/actions/test_shot_resolution.gd,test_a_hits_own_text_carries_its_real_origin_and_hit_geometry,,390,0,0,0,0,0,0,a shot's logged geometry is the geometry it fired
unit/logic/actions/test_shot_resolution.gd,test_a_miss_own_text_carries_its_real_origin_and_end_geometry,,361,0,0,0,0,0,0,a shot's logged geometry is the geometry it fired
unit/logic/actions/test_shot_resolution.gd,test_a_backward_and_forward_shot_are_distinguishable_by_their_own_logged_geometry,,833,0,0,0,0,0,0,a shot's logged geometry is the geometry it fired
unit/logic/actions/test_shot_resolution.gd,test_the_same_shot_logs_identical_geometry_every_time,,1383,0,0,0,0,0,0,the same seed produces the same battle
unit/logic/actions/test_shot_resolution.gd,test_the_hops_of_one_shot_are_numbered_from_zero,,526,0,0,0,0,0,0,whatever is drawn comes from the same computation the resolver used
unit/logic/actions/test_shutdown_action.gd,test_is_legal_true_for_the_current_unit_even_when_fully_healthy,,10262,0,0,0,0,0,0,shutdown ends the turn and leaves the unit inert but alive
unit/logic/actions/test_shutdown_action.gd,test_is_legal_false_for_a_non_current_unit,,11637,0,0,0,0,0,0,only the current unit may act
unit/logic/actions/test_shutdown_action.gd,test_is_legal_false_once_already_shut_down,,9840,0,0,0,0,0,0,shutdown ends the turn and leaves the unit inert but alive
unit/logic/actions/test_shutdown_action.gd,test_apply_marks_shutdown_but_stays_alive_and_on_its_cell,,9777,0,1,0,0,0,0,shutdown ends the turn and leaves the unit inert but alive
unit/logic/actions/test_shutdown_action.gd,test_apply_ends_the_turn,,11454,0,1,0,0,0,0,shutdown ends the turn and leaves the unit inert but alive
unit/logic/actions/test_shutdown_action.gd,test_apply_emits_a_shutdown_event,,9847,0,1,0,0,0,0,every mutation emits a combat log event
unit/logic/actions/test_shutdown_action.gd,test_apply_on_a_preview_never_touches_the_real_unit,,10859,0,1,0,0,0,0,a preview mutates nothing
unit/logic/actions/test_shutdown_action.gd,test_apply_triggers_a_primed_meltdown,,10874,0,1,0,0,0,0,a primed meltdown detonates when its trigger fires
unit/logic/actions/test_shutdown_action.gd,test_apply_with_no_primed_meltdown_detonates_nothing,,9930,0,1,0,0,0,0,a primed meltdown detonates when its trigger fires
unit/logic/actions/test_slash_action.gd,test_is_legal_true_within_reach,,10578,0,0,0,0,0,0,melee reach bounds where a blade can land
unit/logic/actions/test_slash_action.gd,test_is_legal_false_without_a_slash_provider,,9813,0,0,0,0,0,0,an action requires a part that provides it
unit/logic/actions/test_slash_action.gd,test_apply_deals_damage_to_the_target,,12102,0,0,0,0,0,1,"a hit resolves spatially against the shot plane, never a facing table"
unit/logic/actions/test_slash_action.gd,test_a_vertical_slash_hits_every_part_along_its_line,,10904,0,0,0,0,0,1,a melee line hits every part it crosses
unit/logic/actions/test_slash_action.gd,test_a_short_vertical_slash_does_not_reach_unrelated_parts,,11792,0,0,0,0,0,1,a melee line hits every part it crosses
unit/logic/actions/test_stab_action.gd,test_is_legal_true_within_reach,,10034,0,0,0,0,0,0,melee reach bounds where a blade can land
unit/logic/actions/test_stab_action.gd,test_is_legal_false_beyond_reach,,11276,0,0,0,0,0,0,melee reach bounds where a blade can land
unit/logic/actions/test_stab_action.gd,test_is_legal_false_without_a_stab_provider,,10107,0,0,0,0,0,0,an action requires a part that provides it
unit/logic/actions/test_stab_action.gd,test_is_legal_false_without_enough_ap,,9945,0,0,0,0,0,0,an action is illegal without the AP it costs
unit/logic/actions/test_stab_action.gd,test_apply_deals_damage_through_the_shot_plane,,11901,0,0,0,0,0,1,"a hit resolves spatially against the shot plane, never a facing table"
unit/logic/actions/test_stab_action.gd,test_impact_event_matches_the_ordinary_shot_shape,,10466,0,0,0,0,0,1,"one mechanism, distinctly logged — no parallel systems"
unit/logic/actions/test_stab_action.gd,test_dartboard_scatter_is_tighter_at_melee_range_than_at_range,,10584,0,0,0,0,0,0,scatter widens with range
unit/logic/actions/test_stab_action.gd,test_a_stab_can_aim_at_an_internal_part_via_the_existing_aimed_targeting,,10804,0,0,0,0,0,2,an aimed shot targets a named internal part
unit/logic/actions/test_stab_action.gd,test_a_wide_stab_still_hits_its_target_normally,,10121,0,0,0,0,0,1,a melee line hits every part it crosses
unit/logic/actions/test_swap_part_action.gd,test_swap_part_detaches_old_and_attaches_replacement,,10130,0,0,0,0,0,0,a part detaches from an assembly without disturbing the rest
unit/logic/actions/test_swap_part_action.gd,test_swap_part_emits_a_swap_part_event,,9825,0,0,0,0,0,0,every mutation emits a combat log event
unit/logic/actions/test_swap_part_action.gd,test_swap_part_illegal_when_replacement_does_not_fit_the_socket_type,,11492,0,0,0,0,0,0,an action refuses an illegal socket attachment
unit/logic/actions/test_swap_part_action.gd,test_swap_part_illegal_without_enough_ap,,9914,0,0,0,0,0,0,an action is illegal without the AP it costs
unit/logic/ai/test_ally_in_line.gd,test_a_squadmate_in_the_line_blocks_the_line_of_fire,,69934,0,0,0,4,0,0,
unit/logic/ai/test_ally_in_line.gd,test_the_blocked_predicate_agrees_with_the_input,,40742,0,0,0,2,0,0,
unit/logic/ai/test_ally_in_line.gd,test_an_enemy_in_the_line_does_not_block_it,,40547,0,0,0,2,0,0,
unit/logic/ai/test_ally_in_line.gd,test_a_squadmate_beside_the_line_does_not_block_it,,42030,0,0,0,2,0,0,
unit/logic/ai/test_ally_in_line.gd,test_a_dead_squadmate_does_not_block_the_line,,40689,0,0,0,2,0,0,
unit/logic/ai/test_batch_objective.gd,test_with_no_batch_assigned_no_objective_is_ever_recorded,,561899,0,0,2645,3,0,0,the batch objective is set by the leader and read by its followers
unit/logic/ai/test_batch_objective.gd,test_a_dormant_objective_vector_is_neutral_rather_than_vetoing,,43511,0,0,0,2,0,0,an inert system scores neutral rather than vetoing
unit/logic/ai/test_batch_objective.gd,test_assigning_a_batch_through_the_injector_flows_an_objective,,489808,0,0,2581,4,0,0,the batch objective is set by the leader and read by its followers
unit/logic/ai/test_batch_objective.gd,test_a_follower_cannot_overwrite_the_objective_it_was_given,,1282166,0,0,7722,8,0,0,the batch objective is set by the leader and read by its followers
unit/logic/ai/test_batch_objective.gd,test_a_follower_decides_differently_with_and_without_an_objective,,4363620,0,0,25263,20,0,0,turning a tier or restriction off changes the decision
unit/logic/ai/test_batch_objective.gd,test_a_mindless_follower_ignores_the_blackboard,,20663,0,0,0,0,0,0,each AI tier and profile decides differently from its neighbours
unit/logic/ai/test_batch_objective.gd,test_a_mindless_leader_leaves_the_batch_uncoordinated,,235581,0,0,718,3,0,0,each AI tier and profile decides differently from its neighbours
unit/logic/ai/test_batch_objective.gd,test_leader_death_leaves_followers_on_the_rounds_objective,,485738,0,0,2581,4,0,0,the batch objective is set by the leader and read by its followers
unit/logic/ai/test_batch_objective.gd,test_the_next_round_is_led_by_whoever_acts_first,,1285226,0,0,7722,8,0,0,the batch objective is set by the leader and read by its followers
unit/logic/ai/test_batch_objective.gd,test_the_objective_is_computed_once_and_reused,,3657339,0,0,23048,14,0,0,a field is computed once per round and read many times
unit/logic/ai/test_batch_objective.gd,test_the_four_objectives_are_authored_as_data,,2662,0,0,0,0,0,0,content is an open StringName vocabulary a designer can extend without code
unit/logic/ai/test_batch_objective.gd,test_the_input_vocabulary_is_derived_from_the_authored_ids,,2032,0,0,0,0,0,0,content is an open StringName vocabulary a designer can extend without code
unit/logic/ai/test_batch_plumbing.gd,test_a_fresh_unit_is_independent,,13933,0,0,0,0,0,0,the batch objective is set by the leader and read by its followers
unit/logic/ai/test_batch_plumbing.gd,test_the_verb_sets_and_then_clears_batch_membership,,22270,0,0,0,0,0,0,a debug verb forces the exact state it names
unit/logic/ai/test_batch_plumbing.gd,test_the_verb_refuses_mid_resolution,,22182,0,0,0,0,0,0,"a debug injection lands at a step boundary, never mid-resolution"
unit/logic/ai/test_batch_plumbing.gd,test_the_verb_is_offered_by_the_debug_panel,,21158,0,0,0,0,0,0,the debug injector is reachable only from a debug surface
unit/logic/ai/test_batch_plumbing.gd,test_batch_membership_survives_dup,,14409,0,0,0,0,0,0,unit state survives duplication and re-registration
unit/logic/ai/test_batch_plumbing.gd,test_batch_membership_survives_re_registration,,25300,0,0,0,0,0,0,unit state survives duplication and re-registration
unit/logic/ai/test_batch_plumbing.gd,test_a_plan_is_visible_in_its_own_round_and_gone_in_the_next,,10837,0,0,0,0,0,0,a plan record lives for exactly its own round
unit/logic/ai/test_batch_plumbing.gd,test_the_first_record_of_a_round_wins,,9923,0,0,0,0,0,0,a plan record lives for exactly its own round
unit/logic/ai/test_batch_plumbing.gd,test_batch_zero_is_never_recorded,,9343,0,0,0,0,0,0,the batch objective is set by the leader and read by its followers
unit/logic/ai/test_batch_plumbing.gd,test_a_bout_starts_with_no_plans_at_all,,300976,1,0,0,2,0,0,a plan record lives for exactly its own round
unit/logic/ai/test_batch_plumbing.gd,test_the_badge_names_the_batch_and_marks_the_leader,,28761,0,0,0,0,0,0,the batch objective is set by the leader and read by its followers
unit/logic/ai/test_batch_plumbing.gd,test_no_member_is_marked_leader_before_the_batch_has_acted,,25519,0,0,0,0,0,0,the batch objective is set by the leader and read by its followers
unit/logic/ai/test_batch_plumbing.gd,test_default_zero_units_produce_an_unchanged_action_sequence,,14775975,2,16,24340,40,16,72,a feature switched off leaves behaviour exactly as it was
unit/logic/ai/test_batch_plumbing.gd,test_assigning_a_batch_leaves_a_mission_only_bout_untouched,,14785441,2,16,24340,40,16,72,a feature switched off leaves behaviour exactly as it was
unit/logic/ai/test_bout_runner.gd,test_a_winning_bout_runs_to_a_terminal_state_and_never_loops_forever,,137722,0,5,5407,11,6,1,"a bout always terminates, and the turn cap is what guarantees it"
unit/logic/ai/test_bout_runner.gd,test_every_step_resolves_a_real_turn_through_resolve_until,,74952,0,0,613,3,1,1,"one mechanism, distinctly logged — no parallel systems"
unit/logic/ai/test_bout_runner.gd,test_the_bout_is_deterministic_for_the_same_seed,,259725,0,10,10814,22,12,2,the same seed produces the same battle
unit/logic/ai/test_bout_runner.gd,test_the_turn_cap_guarantees_termination_via_the_terminated_outcome,,13499,0,0,0,0,0,0,"a bout always terminates, and the turn cap is what guarantees it"
unit/logic/ai/test_bout_runner.gd,test_the_player_squads_own_defeat_ends_the_bout_stranded,,97818,0,1,826,4,2,7,"a bout always terminates, and the turn cap is what guarantees it"
unit/logic/ai/test_bout_runner.gd,test_stepping_one_call_at_a_time_reaches_the_same_outcome_as_a_tight_loop,,254727,0,10,10814,22,12,2,"one mechanism, distinctly logged — no parallel systems"
unit/logic/ai/test_bout_runner.gd,test_constructing_a_runner_over_an_unassigned_squad_is_a_hard_error,,12965,0,0,0,0,0,0,"a misconfiguration is rejected, not silently absorbed"
unit/logic/ai/test_bout_runner.gd,test_step_does_nothing_for_a_human_controlled_squad,,12752,0,0,0,0,0,0,the AI drives only the squads it was given
unit/logic/ai/test_bout_runner.gd,test_last_events_carries_exactly_this_steps_own_events_not_everyones,,88711,0,1,1571,5,2,1,every mutation emits a combat log event
unit/logic/ai/test_bout_runner.gd,test_an_injected_wants_turn_for_overrides_the_default_squad_check,,13478,0,0,0,0,0,0,the AI drives only the squads it was given
unit/logic/ai/test_bout_runner.gd,test_a_bout_contains_held_overwatch_that_triggers_on_an_advancing_enemy,,139023,0,2,461,6,2,4,overwatch fires on a trigger inside its own window
unit/logic/ai/test_bout_setup.gd,test_grid_size_clears_the_map_gen_split_threshold,,10267,0,0,0,0,0,0,a fixture's board is large enough for the generator to do its work
unit/logic/ai/test_bout_setup.gd,test_a_kitted_preset_spawns_armed_through_the_real_bout_setup_path,,248390,1,0,0,2,0,0,"one mechanism, distinctly logged — no parallel systems"
unit/logic/ai/test_bout_setup.gd,test_a_valid_bout_builds_a_real_state_and_mission,,254237,1,0,0,2,0,0,a bout builds from authored presets into a real state and mission
unit/logic/ai/test_bout_setup.gd,test_the_built_roster_equals_a_mixed_list_of_distinct_profiles,,210577,1,0,0,2,0,0,a bout builds from authored presets into a real state and mission
unit/logic/ai/test_bout_setup.gd,test_squad_units_carry_their_own_per_bot_ai_profile,,255151,1,0,0,2,0,0,a bout builds from authored presets into a real state and mission
unit/logic/ai/test_bout_setup.gd,test_an_empty_roster_is_rejected_not_crashed,,10802,0,0,0,0,0,0,"a misconfiguration is rejected, not silently absorbed"
unit/logic/ai/test_bout_setup.gd,test_a_missing_profile_is_rejected_not_crashed,,10886,0,0,0,0,0,0,"a misconfiguration is rejected, not silently absorbed"
unit/logic/ai/test_bout_setup.gd,test_the_same_profiles_counts_and_seed_produce_an_equivalent_bout,,600493,2,0,0,4,0,0,the same seed produces the same battle
unit/logic/ai/test_bout_setup.gd,test_a_squad_larger_than_the_spawn_zone_does_not_stack_its_units,,325066,1,0,0,2,0,0,
unit/logic/ai/test_bout_setup.gd,test_units_spilled_out_of_a_full_spawn_zone_stand_on_reachable_ground,,590925,1,0,0,14,0,0,
unit/logic/ai/test_bout_setup.gd,test_build_bout_populates_team_extraction_cells_for_both_squads,,246722,1,0,0,2,0,0,extraction happens only at the zone
unit/logic/ai/test_bout_setup.gd,test_build_bout_places_each_squads_extraction_on_the_opposing_side,,248363,1,0,0,2,0,0,extraction happens only at the zone
unit/logic/ai/test_bout_setup.gd,test_group_by_family_groups_the_base_and_its_variant_together,,12190,0,0,0,0,0,0,a variant groups with the base it derives from
unit/logic/ai/test_bout_setup.gd,test_group_by_family_falls_back_to_the_presets_own_name_when_ungrouped,,11778,0,0,0,0,0,0,an unstated authored field takes its default
unit/logic/ai/test_close_range_firing_decision.gd,test_every_preset_decides_to_shoot_an_adjacent_enemy_on_bare_ground,,4173017,0,0,10170,23,0,0,
unit/logic/ai/test_contest_victory_mode.gd,test_a_team_with_a_usable_weapon_can_contest,,14895,0,0,0,0,0,0,
unit/logic/ai/test_contest_victory_mode.gd,test_a_team_whose_weapon_its_tier_cannot_fire_cannot_contest,,13718,0,0,0,0,0,0,
unit/logic/ai/test_contest_victory_mode.gd,test_a_team_with_a_destroyed_weapon_cannot_contest,,14125,0,0,0,0,0,0,
unit/logic/ai/test_contest_victory_mode.gd,test_a_team_that_is_dead_or_gone_cannot_contest,,17392,0,1,0,0,0,0,
unit/logic/ai/test_contest_victory_mode.gd,test_a_team_reduced_to_no_usable_weapon_loses_immediately,,13857,0,0,0,0,0,0,
unit/logic/ai/test_contest_victory_mode.gd,test_the_same_board_does_not_end_under_extraction_mode,,87659,0,0,981,2,1,2,
unit/logic/ai/test_contest_victory_mode.gd,test_a_team_that_extracts_entirely_loses_under_contest_but_extracts_under_extraction,,17743,0,2,0,0,0,0,
unit/logic/ai/test_contest_victory_mode.gd,test_no_team_able_to_contest_ends_with_no_winner,,13850,0,0,0,0,0,0,
unit/logic/ai/test_contest_victory_mode.gd,test_the_mode_round_trips_through_the_bout_builder,,10397,0,0,0,0,0,0,
unit/logic/ai/test_contest_victory_mode.gd,test_build_bout_carries_the_mode_onto_the_mission,,570930,2,0,0,4,0,0,
unit/logic/ai/test_distance_flood_direction.gd,test_the_two_floods_disagree_by_the_climb_on_one_way_ground,,36234,0,0,0,2,0,0,
unit/logic/ai/test_distance_flood_direction.gd,test_the_two_floods_agree_everywhere_on_flat_ground,,15043,0,0,0,2,0,0,
unit/logic/ai/test_distance_flood_direction.gd,test_flooding_toward_an_occupied_cell_needs_the_origin_exempted,,21280,0,0,0,2,0,0,
unit/logic/ai/test_distance_flood_direction.gd,test_a_candidate_that_cannot_reach_the_target_scores_zero_rather_than_near,,21825,0,0,0,2,0,0,
unit/logic/ai/test_distance_flood_direction.gd,test_a_stranded_candidate_scores_zero_where_straight_line_called_it_closing,,22896,0,0,0,2,0,0,
unit/logic/ai/test_distance_flood_direction.gd,test_a_one_way_drop_is_a_route_and_a_sealed_shelf_is_not,,24690,0,0,0,2,0,0,
unit/logic/ai/test_distance_flood_direction.gd,test_a_target_nobody_can_reach_still_ranks_candidates_by_straight_line,,21504,0,0,0,2,0,0,
unit/logic/ai/test_engagement_rect_cull.gd,test_a_unit_inside_its_minimum_range_still_chooses_a_cell_behind_itself,,560439,0,0,0,3,0,0,"candidate cells are culled toward the approach, never off the direct line"
unit/logic/ai/test_engagement_rect_cull.gd,test_the_units_own_cell_survives_a_reachable_set_that_never_held_it,,44566,0,0,0,0,0,0,"candidate cells are culled toward the approach, never off the direct line"
unit/logic/ai/test_engagement_rect_cull.gd,test_a_diagonally_distant_target_keeps_the_whole_direct_approach,,46341,0,0,0,0,0,0,"candidate cells are culled toward the approach, never off the direct line"
unit/logic/ai/test_engagement_rect_cull.gd,test_the_cull_actually_discards_cells_off_to_the_side,,86377,0,0,0,0,0,0,"candidate cells are culled toward the approach, never off the direct line"
unit/logic/ai/test_engagement_rect_cull.gd,test_the_far_side_pad_scales_with_the_standoff_distance,,86555,0,0,0,0,0,0,"candidate cells are culled toward the approach, never off the direct line"
unit/logic/ai/test_engagement_rect_cull.gd,test_a_shared_axis_gets_only_the_lateral_pad,,84660,0,0,0,0,0,0,"candidate cells are culled toward the approach, never off the direct line"
unit/logic/ai/test_panic.gd,test_the_reason_distinguishes_an_empty_pool_from_a_considered_refusal,,10814,0,0,0,0,0,0,the AI's decision is reconstructable from the combat log
unit/logic/ai/test_panic.gd,test_an_aborted_scan_reports_the_budget_not_a_verdict,,11084,0,0,0,0,0,0,the AI's decision is reconstructable from the combat log
unit/logic/ai/test_panic.gd,test_a_panicking_unit_produces_a_real_action_rather_than_an_empty_turn,,36471,0,0,2288,1,0,0,a unit never wastes a turn doing nothing
unit/logic/ai/test_panic.gd,test_a_panic_is_visible_in_the_combat_log_with_a_reason,,38012,0,0,2288,1,0,0,the AI's decision is reconstructable from the combat log
unit/logic/ai/test_panic.gd,test_a_panic_prefers_a_visible_shutdown_when_that_is_legal,,19229,0,0,0,0,0,0,a unit never wastes a turn doing nothing
unit/logic/ai/test_panic.gd,test_a_panic_falls_back_to_ending_the_turn_once_shutdown_is_impossible,,19228,0,0,0,0,0,0,a unit never wastes a turn doing nothing
unit/logic/ai/test_panic.gd,test_an_exhausted_turn_budget_still_ends_the_turn,,32494,0,0,0,1,0,0,a unit never wastes a turn doing nothing
unit/logic/ai/test_panic.gd,test_a_unit_holding_its_extraction_cell_is_never_shut_down,,20645,0,0,0,0,0,0,
unit/logic/ai/test_plan_pacer.gd,test_a_single_units_plan_yields_more_than_once_while_it_runs,,1158668,0,0,1685,3,1,0,planning yields frames so the game never freezes
unit/logic/ai/test_plan_pacer.gd,test_real_frames_pass_while_one_unit_plans,,1142193,0,0,1685,3,1,0,planning yields frames so the game never freezes
unit/logic/ai/test_plan_pacer.gd,test_a_headless_plan_never_suspends,,559124,0,0,1520,3,1,0,planning yields frames so the game never freezes
unit/logic/ai/test_plan_pacer.gd,test_an_overrun_budget_ends_the_scan_rather_than_extending_it,,125509,0,0,0,2,1,0,a planning budget aborts the scan rather than overrunning it
unit/logic/ai/test_plan_pacer.gd,test_an_aborted_scan_still_returns_a_usable_turn,,123276,0,0,0,2,1,0,a scan that aborts still produces a legal turn
unit/logic/ai/test_plan_pacer.gd,test_the_budget_latches_so_it_reports_the_same_answer_twice,,9848,0,0,0,0,0,0,a planning budget aborts the scan rather than overrunning it
unit/logic/ai/test_plan_pacer.gd,test_the_label_names_the_acting_unit,,15113,0,0,0,0,0,0,a progress label names the unit it is waiting on
unit/logic/ai/test_plan_pacer.gd,test_the_label_prefers_a_real_display_name,,10941,0,0,0,0,0,0,a progress label names the unit it is waiting on
unit/logic/ai/test_plan_pacer.gd,test_the_label_falls_back_to_the_unit_id,,9563,0,0,0,0,0,0,an unstated authored field takes its default
unit/logic/ai/test_plan_pacer.gd,test_no_unit_means_no_label,,9180,0,0,0,0,0,0,a progress label names the unit it is waiting on
unit/logic/ai/test_plan_pacer.gd,test_a_seeded_bout_is_identical_with_and_without_slicing,,10948138,2,12,19200,32,12,48,the same seed produces the same battle
unit/logic/ai/test_preset_weapon_reachability.gd,test_every_weapon_a_preset_carries_has_an_action_its_own_tier_can_reach,,35133,0,0,0,0,0,0,
unit/logic/ai/test_preset_weapon_reachability.gd,test_a_weapon_no_tier_can_reach_is_caught,,11433,0,0,0,0,0,0,
unit/logic/ai/test_search_behaviour.gd,test_a_unit_that_knows_of_nobody_has_an_action_available,,169305,0,0,0,5,0,0,a unit never wastes a turn doing nothing
unit/logic/ai/test_search_behaviour.gd,test_a_blind_enemy_unit_actually_moves,,333822,0,0,12344,9,0,0,a unit never wastes a turn doing nothing
unit/logic/ai/test_search_behaviour.gd,test_each_verb_is_offered_only_to_the_unit_assigned_it,,130649,0,0,0,5,0,0,an action requires a part that provides it
unit/logic/ai/test_search_behaviour.gd,test_search_stops_being_offered_once_an_enemy_is_known,,387071,0,0,0,2,0,0,search runs only while nothing is known
unit/logic/ai/test_search_behaviour.gd,test_patrol_visits_every_point_rather_than_alternating_two,,31074,0,0,0,0,0,0,"a memoryless searcher revisits ground, so a trail is what spreads it out"
unit/logic/ai/test_search_behaviour.gd,test_a_never_visited_point_outranks_a_visited_one,,10015,0,0,0,0,0,0,"a memoryless searcher revisits ground, so a trail is what spreads it out"
unit/logic/ai/test_search_behaviour.gd,test_route_generation_is_deterministic,,49030,0,0,0,2,0,0,the same seed produces the same battle
unit/logic/ai/test_search_behaviour.gd,test_route_points_are_spread_apart,,38872,0,0,0,1,0,0,"a memoryless searcher revisits ground, so a trail is what spreads it out"
unit/logic/ai/test_search_behaviour.gd,test_a_unit_with_nowhere_to_go_gets_an_empty_route,,31377,0,0,0,1,0,0,"a degenerate input yields an empty result, never an error"
unit/logic/ai/test_search_behaviour.gd,test_a_roaming_unit_covers_ground_instead_of_bouncing_between_two_cells,,1540788,0,14,81188,28,0,0,"a memoryless searcher revisits ground, so a trail is what spreads it out"
unit/logic/ai/test_search_behaviour.gd,test_the_trail_is_recorded_even_when_the_unit_is_not_searching,,48717,0,0,0,2,0,0,"a memoryless searcher revisits ground, so a trail is what spreads it out"
unit/logic/ai/test_search_behaviour.gd,test_the_trail_is_bounded_and_drops_the_oldest_first,,184778,0,0,0,12,0,0,"a memoryless searcher revisits ground, so a trail is what spreads it out"
unit/logic/ai/test_search_behaviour.gd,test_standing_still_does_not_flood_the_trail,,185168,0,0,0,14,0,0,"a memoryless searcher revisits ground, so a trail is what spreads it out"
unit/logic/ai/test_tier_and_profile_table.gd,test_every_tier_differs_from_the_one_below_it,,3568613,0,0,0,8,0,0,each AI tier and profile decides differently from its neighbours
unit/logic/ai/test_tier_and_profile_table.gd,test_only_elite_may_set_a_batch_objective,,31703,0,0,0,0,0,0,an AI capability belongs to the tier that authors it
unit/logic/ai/test_tier_and_profile_table.gd,test_memory_is_what_separates_mindless_from_grunt,,55663,0,0,0,3,0,0,each AI tier and profile decides differently from its neighbours
unit/logic/ai/test_tier_and_profile_table.gd,test_every_profile_decides_differently_with_tier_held_constant,,1352463,0,1,6236,11,0,0,each AI tier and profile decides differently from its neighbours
unit/logic/ai/test_tier_and_profile_table.gd,test_an_unknown_profile_is_neutral_rather_than_broken,,272928,0,1,1515,3,0,0,an unknown open-vocabulary id falls back rather than failing
unit/logic/ai/test_tier_and_profile_table.gd,test_the_four_utility_actions_with_no_executor_are_still_unauthored,,12026,0,0,0,0,0,0,"an unimplemented hook is flagged, not silently inert"
unit/logic/ai/test_utility_lookahead.gd,test_only_elite_searches,,198211,0,0,0,6,0,0,an AI capability belongs to the tier that authors it
unit/logic/ai/test_utility_lookahead.gd,test_a_tier_that_does_not_search_builds_no_fields,,88129,0,0,0,4,0,0,an AI capability belongs to the tier that authors it
unit/logic/ai/test_utility_lookahead.gd,test_the_shallow_ply_tells_the_open_lane_from_the_wall_s_shadow,,47780,0,0,0,0,0,0,a threat field predicts where the enemy can reach next
unit/logic/ai/test_utility_lookahead.gd,test_the_deeper_ply_sees_the_enemy_walk_around_the_cover,,85926,0,0,0,3,0,0,a threat field predicts where the enemy can reach next
unit/logic/ai/test_utility_lookahead.gd,test_threat_is_normalised_between_zero_and_one,,95763,0,0,0,3,0,0,a scoring input is normalised to 0..1
unit/logic/ai/test_utility_lookahead.gd,test_the_deeper_ply_never_predicts_less_threat_than_the_shallow_one,,105147,0,0,0,3,0,0,a threat field predicts where the enemy can reach next
unit/logic/ai/test_utility_lookahead.gd,test_it_cannot_predict_an_enemy_it_has_never_seen,,55759,0,0,0,1,0,0,an AI unit reasons only from what its tier remembers seeing
unit/logic/ai/test_utility_lookahead.gd,test_the_expensive_ply_is_capped_at_the_shortlist,,94703,0,0,0,3,0,0,a planning budget aborts the scan rather than overrunning it
unit/logic/ai/test_utility_lookahead.gd,test_the_same_board_predicts_the_same_threats_twice,,222397,0,0,0,10,0,0,the same seed produces the same battle
unit/logic/ai/test_utility_lookahead.gd,test_an_elite_unit_picks_different_ground_than_a_trained_one,,1031612,0,0,4604,7,0,0,each AI tier and profile decides differently from its neighbours
unit/logic/ai/test_utility_lookahead.gd,test_the_lookahead_consideration_is_inert_below_elite,,64817,0,0,0,2,0,0,an inert system scores neutral rather than vetoing
unit/logic/ai/test_utility_planner.gd,test_the_two_tiers_decide_differently_on_the_same_board,,169801,0,1,2498,5,0,0,each AI tier and profile decides differently from its neighbours
unit/logic/ai/test_utility_planner.gd,test_the_same_mindless_unit_engages_once_it_can_actually_see,,241368,0,0,682,3,0,0,an AI unit reasons only from what its tier remembers seeing
unit/logic/ai/test_utility_planner.gd,test_the_two_profiles_decide_differently_with_tier_held_constant,,711817,0,0,2584,5,0,0,each AI tier and profile decides differently from its neighbours
unit/logic/ai/test_utility_planner.gd,test_an_unknown_profile_id_plans_neutrally_rather_than_failing,,371653,0,0,1287,3,0,0,an unknown open-vocabulary id falls back rather than failing
unit/logic/ai/test_utility_planner.gd,test_a_mindless_unit_forgets_an_enemy_that_breaks_line_of_sight,,299797,0,0,2273,5,0,0,an AI unit reasons only from what its tier remembers seeing
unit/logic/ai/test_utility_planner.gd,test_a_trained_unit_keeps_engaging_the_sighting_it_recorded,,479933,0,1,2224,5,0,0,an AI unit reasons only from what its tier remembers seeing
unit/logic/ai/test_utility_planner.gd,test_an_action_with_an_unsatisfiable_precondition_is_never_selected,,129655,0,0,0,2,0,0,"an authored action declares its own preconditions, and they gate it"
unit/logic/ai/test_utility_planner.gd,test_every_authored_action_declares_at_least_one_precondition,,529,0,0,0,0,0,0,"an authored action declares its own preconditions, and they gate it"
unit/logic/ai/test_utility_planner.gd,test_hold_is_not_offered_when_there_is_nobody_to_defer_to,,13437,0,0,0,1,0,0,holding defers a turn without regenerating anything
unit/logic/ai/test_utility_planner.gd,test_a_seeded_bout_is_reproducible,,14747663,2,16,24340,40,16,72,the same seed produces the same battle
unit/logic/ai/test_utility_planner.gd,test_the_seam_routes_to_the_utility_planner,,399064,0,0,1317,2,1,0,"one mechanism, distinctly logged — no parallel systems"
unit/logic/ai/test_utility_planner.gd,test_the_seam_restricts_the_world_view_itself,,395874,0,0,1317,2,1,0,an AI unit reasons only from what its tier remembers seeing
unit/logic/ai/test_utility_planner.gd,test_every_authored_default_names_a_profile_that_exists,,221280,1,0,0,2,0,0,an open-vocabulary id is checked against the real vocabulary
unit/logic/ai/test_utility_planner.gd,test_a_planned_turn_emits_a_reconstructable_decision,,397639,0,0,1317,2,0,0,the AI's decision is reconstructable from the combat log
unit/logic/ai/test_utility_planner.gd,test_planning_the_same_turn_twice_produces_the_same_queue,,1663221,0,0,9375,9,0,0,the same seed produces the same battle
unit/logic/ai/test_utility_planner.gd,test_the_candidate_loop_yields_to_a_watching_pacer,,445530,0,0,1275,2,0,0,planning yields frames so the game never freezes
unit/logic/ai/test_utility_planner.gd,test_an_aborted_scan_still_produces_a_legal_turn,,66587,0,0,0,2,0,0,a scan that aborts still produces a legal turn
unit/logic/ai/test_utility_planner.gd,test_the_shot_count_is_decided_by_ap_not_by_the_selection_cap,,349482,0,0,901,2,0,0,an action spends the AP its provider authors
unit/logic/ai/test_utility_planner.gd,test_line_of_fire_is_answered_from_one_field_not_a_cast_per_candidate,,79878,0,0,0,2,0,0,a field is computed once per round and read many times
unit/logic/ai/test_utility_planner.gd,test_a_unit_in_a_concave_pocket_works_its_way_to_a_cell_with_a_line,,184572,0,1,1081,3,0,3,a unit finds a firing position rather than stalling in cover
unit/logic/ai/test_utility_planner.gd,test_closes_distance_reads_path_distance_not_straight_line,,44970,0,0,0,2,0,0,"distance means path distance, not straight line"
unit/logic/ai/test_utility_planner.gd,test_a_unit_in_blind_cover_takes_an_available_shot_rather_than_holding,,68920,0,0,3774,3,0,0,a unit finds a firing position rather than stalling in cover
unit/logic/ai/test_utility_scorer.gd,test_the_compensation_factor_substantially_shrinks_the_penalty_for_detail,,9939,0,0,0,0,0,0,utility scoring compensates so more considerations do not punish an action
unit/logic/ai/test_utility_scorer.gd,test_the_uncompensated_product_really_would_punish_detail,,9321,0,0,0,0,0,0,utility scoring compensates so more considerations do not punish an action
unit/logic/ai/test_utility_scorer.gd,test_a_single_consideration_is_not_modified,,9031,0,0,0,0,0,0,utility scoring compensates so more considerations do not punish an action
unit/logic/ai/test_utility_scorer.gd,test_a_single_zero_consideration_vetoes_regardless_of_the_others,,8942,0,0,0,0,0,0,a zero consideration vetoes the action outright
unit/logic/ai/test_utility_scorer.gd,test_the_compensation_factor_does_not_soften_a_veto,,10709,0,0,0,0,0,0,a zero consideration vetoes the action outright
unit/logic/ai/test_utility_scorer.gd,test_an_unknown_input_id_vetoes_rather_than_scoring_neutrally,,9445,0,0,0,0,0,0,a zero consideration vetoes the action outright
unit/logic/ai/test_utility_scorer.gd,test_preconditions_gate_the_action_independently_of_its_score,,9154,0,0,0,0,0,0,"an authored action declares its own preconditions, and they gate it"
unit/logic/ai/test_utility_scorer.gd,test_every_precondition_must_hold_not_merely_one,,10778,0,0,0,0,0,0,"an authored action declares its own preconditions, and they gate it"
unit/logic/ai/test_utility_scorer.gd,test_a_tie_is_broken_by_lowest_index,,9388,0,0,0,0,0,0,candidate selection is deterministic and stably tie-broken
unit/logic/ai/test_utility_scorer.gd,test_the_tiebreak_is_stable_across_a_reordered_candidate_source,,9096,0,0,0,0,0,0,candidate selection is deterministic and stably tie-broken
unit/logic/ai/test_utility_scorer.gd,test_repeated_runs_agree,,11068,0,0,0,0,0,0,the same seed produces the same battle
unit/logic/ai/test_utility_scorer.gd,test_an_all_vetoed_field_selects_nothing,,9390,0,0,0,0,0,0,"a degenerate input yields an empty result, never an error"
unit/logic/ai/test_utility_scorer.gd,test_the_margin_separates_a_landslide_from_a_near_tie,,9039,0,0,0,0,0,0,the AI's decision is reconstructable from the combat log
unit/logic/ai/test_utility_scorer.gd,test_a_traced_score_can_be_reproduced_by_hand_from_its_entries,,9000,0,0,0,0,0,0,the AI's decision is reconstructable from the combat log
unit/logic/ai/test_utility_scorer.gd,test_the_trace_names_which_consideration_vetoed,,10497,0,0,0,0,0,0,the AI's decision is reconstructable from the combat log
unit/logic/ai/test_utility_scorer.gd,test_the_trace_carries_the_raw_input_alongside_the_curve_output,,9501,0,0,0,0,0,0,the AI's decision is reconstructable from the combat log
unit/logic/ai/test_utility_scorer.gd,test_a_profile_scales_an_action_without_changing_the_scorer,,9278,0,0,0,0,0,0,"a profile scales scoring as data, without touching the scorer"
unit/logic/ai/test_utility_scorer.gd,test_a_profile_scales_one_consideration_everywhere_it_appears,,10545,0,0,0,0,0,0,"a profile scales scoring as data, without touching the scorer"
unit/logic/ai/test_utility_scorer.gd,test_an_empty_profile_is_fully_neutral,,9427,0,0,0,0,0,0,an inert system scores neutral rather than vetoing
unit/logic/ai/test_utility_scorer.gd,test_the_log_records_every_candidate_not_only_the_winner,,34254,0,0,0,0,0,0,the AI's decision is reconstructable from the combat log
unit/logic/ai/test_utility_scorer.gd,test_the_log_records_the_tier_the_profile_and_what_was_visible,,16324,0,0,0,0,0,0,the AI's decision is reconstructable from the combat log
unit/logic/ai/test_utility_scorer.gd,test_the_log_records_the_margin_over_second_place,,17736,0,0,0,0,0,0,the AI's decision is reconstructable from the combat log
unit/logic/ai/test_utility_scorer.gd,test_a_logged_candidates_score_can_be_recomputed_from_its_own_trace,,19857,0,0,0,0,0,0,the AI's decision is reconstructable from the combat log
unit/logic/ai/test_utility_scorer.gd,test_the_log_distinguishes_an_unoffered_action_from_a_vetoed_one,,17634,0,0,0,0,0,0,the AI's decision is reconstructable from the combat log
unit/logic/ai/test_vertical_planning.gd,test_the_pit_is_genuinely_one_way,,15101,0,0,0,0,0,0,
unit/logic/ai/test_vertical_planning.gd,test_the_context_knows_which_cells_strand_the_unit,,21106,0,0,0,2,0,0,
unit/logic/ai/test_vertical_planning.gd,test_stranding_is_priced_rather_than_forbidden,,9372,0,0,0,0,0,0,
unit/logic/ai/test_vertical_planning.gd,test_a_good_enough_reason_outbids_the_stranding_penalty,,10275,0,0,0,0,0,0,
unit/logic/ai/test_vertical_planning.gd,test_every_relocating_action_prices_stranding,,9946,0,0,0,0,0,0,
unit/logic/ai/test_vertical_planning.gd,test_the_shelf_is_unreachable_by_walking,,27821,0,0,0,1,0,0,
unit/logic/ai/test_vertical_planning.gd,test_the_ride_is_offered_on_a_pad_and_nowhere_else,,34644,0,0,0,2,0,0,
unit/logic/ai/test_vertical_planning.gd,test_the_lift_is_worth_something_only_when_it_gains_ground,,35178,0,0,0,2,0,0,
unit/logic/ai/test_vertical_planning.gd,test_the_planner_rides_a_lift_to_reach_an_otherwise_unreachable_target,,106830,0,0,349,2,0,0,
unit/logic/ai/test_vertical_planning.gd,test_a_mindless_unit_is_never_offered_the_ride,,43176,0,0,135,2,0,0,
unit/logic/ai/test_vertical_planning.gd,test_the_planner_routes_up_a_ladder_with_no_climb_action_in_existence,,78389,0,1,552,3,0,3,
unit/logic/ai/test_vertical_planning.gd,test_the_shelf_is_reachable_only_by_the_ladder,,18499,0,0,0,0,0,0,
unit/logic/test_action_catalog.gd,test_a_shell_with_a_pistol_shows_shoot_and_overwatch,,10898,0,0,0,0,0,0,"an action is offered by the parts that provide it, never a hardcoded list"
unit/logic/test_action_catalog.gd,test_overwatch_def_queues_with_no_target,,10076,0,0,0,0,0,0,overwatch fires on a trigger inside its own window
unit/logic/test_action_catalog.gd,test_a_shell_with_a_welder_shows_repair,,9686,0,0,0,0,0,0,"an action is offered by the parts that provide it, never a hardcoded list"
unit/logic/test_action_catalog.gd,test_repair_def_is_a_part_picker,,10794,0,0,0,0,0,0,an action declares how it is targeted
unit/logic/test_action_catalog.gd,test_removing_the_pistol_removes_shoot_and_overwatch,,10040,0,0,0,0,0,0,"an action is offered by the parts that provide it, never a hardcoded list"
unit/logic/test_action_catalog.gd,test_a_saw_hand_adds_saw,,9887,0,0,0,0,0,0,"an action is offered by the parts that provide it, never a hardcoded list"
unit/logic/test_action_catalog.gd,test_an_inert_part_contributes_nothing,,11139,0,0,0,0,0,0,a destroyed part stops contributing
unit/logic/test_action_catalog.gd,test_the_bars_order_is_stable_across_refreshes,,10044,0,0,0,0,0,0,a list built from data comes out in a stable order
unit/logic/test_action_catalog.gd,test_actions_for_reads_the_matrix_as_a_source_and_gets_nothing_today,,9826,0,0,0,0,0,0,"an action is offered by the parts that provide it, never a hardcoded list"
unit/logic/test_action_catalog.gd,test_moving_overwatch_to_a_perk_changes_the_bar_with_no_code_edit,,9668,0,0,0,0,0,0,content is an open StringName vocabulary a designer can extend without code
unit/logic/test_action_catalog.gd,test_overwatch_disappears_when_no_part_provides_shoot,,10985,0,0,0,0,0,0,"an action is offered by the parts that provide it, never a hardcoded list"
unit/logic/test_action_catalog.gd,test_provider_for_returns_the_part_that_actually_provides_the_id,,9915,0,0,0,0,0,0,"an action is offered by the parts that provide it, never a hardcoded list"
unit/logic/test_action_catalog.gd,test_provider_for_returns_null_when_nothing_provides_the_id,,9530,0,0,0,0,0,0,"an action is offered by the parts that provide it, never a hardcoded list"
unit/logic/test_action_catalog.gd,test_provider_for_respects_the_same_operability_gate_as_actions_for,,11372,0,0,0,0,0,0,"one mechanism, distinctly logged — no parallel systems"
unit/logic/test_action_catalog.gd,test_build_firing_action_shoot_returns_an_attack_action,,9761,0,0,0,0,0,0,"an action is offered by the parts that provide it, never a hardcoded list"
unit/logic/test_action_catalog.gd,test_build_firing_action_burst_returns_a_burst_action,,9650,0,0,0,0,0,0,"an action is offered by the parts that provide it, never a hardcoded list"
unit/logic/test_action_catalog.gd,test_build_firing_action_saw_also_returns_an_attack_action,,11204,0,0,0,0,0,0,"an action is offered by the parts that provide it, never a hardcoded list"
unit/logic/test_action_catalog.gd,test_build_firing_action_returns_null_for_an_unrecognized_id,,9700,0,0,0,0,0,0,an open-vocabulary id is checked against the real vocabulary
unit/logic/test_action_catalog.gd,test_a_weapon_can_provide_both_stab_and_slash_with_different_payloads,,9585,0,0,0,0,0,0,"an action is offered by the parts that provide it, never a hardcoded list"
unit/logic/test_action_queue.gd,test_enqueue_validates_but_never_mutates_the_real_state,,20119,0,0,0,0,0,0,TACTICS queues intents and mutates nothing; RESOLUTION owns every mutation
unit/logic/test_action_queue.gd,test_enqueue_previews_against_already_queued_actions_not_just_the_real_state,,24340,0,0,0,0,0,0,TACTICS queues intents and mutates nothing; RESOLUTION owns every mutation
unit/logic/test_action_queue.gd,test_resolve_turn_applies_the_whole_queue_in_order,,29719,0,1,0,0,0,0,TACTICS queues intents and mutates nothing; RESOLUTION owns every mutation
unit/logic/test_action_queue.gd,test_resolve_until_stops_at_the_first_illegal_action_and_never_continues,,25141,0,0,0,0,0,0,a queued intent revalidates at resolution time
unit/logic/test_action_queue.gd,test_resolve_turn_replays_identically_from_the_same_seed,,30154,0,0,0,0,0,0,the same seed produces the same battle
unit/logic/test_aim_as_input.gd,test_a_camera_ray_through_the_drawn_reticle_recovers_the_same_aim_point,,9958,0,0,0,0,0,0,the drawn reticle and the fired shot come from the same call
unit/logic/test_aim_as_input.gd,test_the_shot_travels_from_the_muzzle_through_the_drawn_reticle,,52578,0,0,0,0,0,0,the drawn reticle and the fired shot come from the same call
unit/logic/test_aim_as_input.gd,test_the_aim_preview_reports_what_resolution_produces,,57851,0,0,0,0,0,0,the drawn reticle and the fired shot come from the same call
unit/logic/test_aim_as_input.gd,test_the_preview_follows_the_flag,,95428,0,0,0,0,0,1,the drawn reticle and the fired shot come from the same call
unit/logic/test_aim_as_input.gd,test_scatter_offsets_are_seeded_and_reproducible,,63206,0,0,0,0,0,0,the drawn reticle and the fired shot come from the same call
unit/logic/test_aim_controller.gd,test_the_reading_names_the_named_body_and_never_changes_resolves,,10219,0,0,0,0,0,1,
unit/logic/test_aim_controller.gd,test_layer_index_clamps_instead_of_going_out_of_bounds,,9712,0,0,0,0,0,1,an index clamps rather than going out of bounds
unit/logic/test_aim_controller.gd,test_a_near_body_fully_occluding_a_far_one_never_resolves_to_the_far_body,,13460,0,0,0,0,0,1,the frontmost region in the shot plane wins
unit/logic/test_aim_controller.gd,test_a_gap_in_the_near_body_lets_the_reticle_resolve_to_the_far_body,,10710,0,0,0,0,0,1,the frontmost region in the shot plane wins
unit/logic/test_aim_controller.gd,test_one_ring_and_five_ring_weapons_render_the_correct_ring_counts,,11165,0,0,0,0,0,1,"a weapon has N scatter rings, whatever its data authors"
unit/logic/test_aim_controller.gd,test_resolve_widens_the_drawn_rings_to_match_a_fired_shots_scatter,,10370,0,0,0,0,0,1,the drawn reticle and the fired shot come from the same call
unit/logic/test_aim_controller.gd,test_recoil_bound_radius_matches_recoil_resolver_widen_at_the_widest_pull,,9411,0,0,0,0,0,0,the drawn reticle and the fired shot come from the same call
unit/logic/test_aim_controller.gd,test_recoil_bound_radius_is_zero_when_the_armed_action_is_not_burst,,10496,0,0,0,0,0,0,the drawn reticle and the fired shot come from the same call
unit/logic/test_aim_controller.gd,test_recoil_bound_radius_is_zero_for_a_single_pull_weapon,,9808,0,0,0,0,0,0,the drawn reticle and the fired shot come from the same call
unit/logic/test_aim_controller.gd,test_recoil_bound_radius_is_zero_when_recoil_is_negligible,,9435,0,0,0,0,0,0,the drawn reticle and the fired shot come from the same call
unit/logic/test_aim_controller.gd,test_pellet_circle_radius_matches_spread_patterns_own_resolved_size,,9275,0,0,0,0,0,0,the drawn reticle and the fired shot come from the same call
unit/logic/test_aim_controller.gd,test_pellet_circle_radius_is_zero_for_a_single_projectile_weapon,,10220,0,0,0,0,0,0,the drawn reticle and the fired shot come from the same call
unit/logic/test_aim_controller.gd,test_pellet_circle_radius_is_zero_with_no_ammo_id_at_all,,9905,0,0,0,0,0,0,the drawn reticle and the fired shot come from the same call
unit/logic/test_aim_controller.gd,test_resolve_carries_the_recoil_bound_and_pellet_circle_into_the_result,,10097,0,0,0,0,0,1,the drawn reticle and the fired shot come from the same call
unit/logic/test_aim_controller.gd,test_layer_count_matches_the_number_of_distinct_bodies,,11215,0,0,0,0,0,1,the reticle reads a depth-sorted layer without changing what it resolves to
unit/logic/test_aim_controller.gd,test_layers_are_ordered_nearest_first,,10367,0,0,0,0,0,1,the frontmost region in the shot plane wins
unit/logic/test_aim_controller.gd,test_resolves_equals_the_active_resolver_for_a_corpus_of_reticle_positions,,11201,0,0,0,0,0,9,the drawn reticle and the fired shot come from the same call
unit/logic/test_aim_controller.gd,test_window_depth_uses_the_targets_own_nearest_depth_when_safe,,10628,0,0,0,0,0,0,the aim window sits in front of the muzzle at the target's own depth
unit/logic/test_aim_controller.gd,test_window_depth_ignores_other_layers_even_when_nearer_or_farther,,9562,0,0,0,0,0,0,the aim window sits in front of the muzzle at the target's own depth
unit/logic/test_aim_controller.gd,test_window_depth_never_lands_at_or_behind_the_muzzle,,9327,0,0,0,0,0,0,the aim window sits in front of the muzzle at the target's own depth
unit/logic/test_aim_controller.gd,test_window_depth_for_a_corpus_of_adjacent_shooter_target_pairs,,9168,0,0,0,0,0,0,the aim window sits in front of the muzzle at the target's own depth
unit/logic/test_aim_controller.gd,test_window_depth_falls_back_to_target_depth_with_no_layers_to_read,,10037,0,0,0,0,0,0,an unstated authored field takes its default
unit/logic/test_aim_controller.gd,test_window_depth_falls_back_to_target_depth_when_target_has_no_layer,,9780,0,0,0,0,0,0,an unstated authored field takes its default
unit/logic/test_aim_cost_probe.gd,test_where_the_aim_frame_budget_goes,,3328824,0,0,0,0,0,40,a measurement records which build produced it
unit/logic/test_aim_layer.gd,test_frontmost_depth_is_the_nearest_regions_depth,,9477,0,0,0,0,0,0,the frontmost region in the shot plane wins
unit/logic/test_aim_layer.gd,test_frontmost_depth_with_a_single_region,,9332,0,0,0,0,0,0,the frontmost region in the shot plane wins
unit/logic/test_aim_layer.gd,test_frontmost_depth_with_no_regions_defaults_to_zero,,10727,0,0,0,0,0,0,"a degenerate input yields an empty result, never an error"
unit/logic/test_aim_offset_bias.gd,test_the_reticle_and_the_resolver_agree_on_dead_centre,,97024,0,0,0,0,0,4,the drawn reticle and the fired shot come from the same call
unit/logic/test_aim_plane_geometry.gd,test_world_point_at_zero_offset_is_the_targets_own_cell,,10803,0,0,0,0,0,0,the aim plane and the ray through it stay mutually consistent
unit/logic/test_aim_plane_geometry.gd,test_world_point_lateral_offset_follows_the_perpendicular_axis,,9430,0,0,0,0,0,0,the aim plane and the ray through it stay mutually consistent
unit/logic/test_aim_plane_geometry.gd,test_world_point_vertical_offset_is_plain_world_up,,9277,0,0,0,0,0,0,the aim plane and the ray through it stay mutually consistent
unit/logic/test_aim_plane_geometry.gd,test_aim_point_from_ray_round_trips_through_world_point,,10930,0,0,0,0,0,0,the aim plane and the ray through it stay mutually consistent
unit/logic/test_aim_plane_geometry.gd,test_aim_point_from_ray_returns_null_when_parallel_to_the_plane,,9374,0,0,0,0,0,0,"a degenerate input yields an empty result, never an error"
unit/logic/test_aim_plane_geometry.gd,test_world_point_at_depth_matches_world_point_at_the_target_distance,,9275,0,0,0,0,0,0,the aim plane and the ray through it stay mutually consistent
unit/logic/test_aim_plane_geometry.gd,test_world_point_at_depth_zero_sits_at_the_shooters_own_cell,,10659,0,0,0,0,0,0,the aim plane and the ray through it stay mutually consistent
unit/logic/test_aim_plane_geometry.gd,test_aim_point_from_ray_returns_null_when_the_plane_is_behind_the_ray,,9441,0,0,0,0,0,0,"a degenerate input yields an empty result, never an error"
unit/logic/test_aim_plane_geometry.gd,test_ray_from_muzzle_returns_a_horizontal_direction,,9230,0,0,0,0,0,0,"a shot originates at the real muzzle, not the cell centre"
unit/logic/test_aim_plane_geometry.gd,test_ray_from_muzzle_origin_height_matches_the_aim_points_own_height,,9090,0,0,0,0,0,0,"a shot originates at the real muzzle, not the cell centre"
unit/logic/test_aim_plane_geometry.gd,test_ray_from_muzzle_actually_reaches_the_aim_world_point,,9998,0,0,0,0,0,0,"a shot originates at the real muzzle, not the cell centre"
unit/logic/test_aim_plane_geometry.gd,test_ray_from_muzzle_returns_empty_when_muzzle_sits_exactly_above_the_aim_point,,9768,0,0,0,0,0,0,"a degenerate input yields an empty result, never an error"
unit/logic/test_aim_point_units.gd,test_a_missed_lookup_returns_plane_centre_and_pushes_an_error,,27335,0,0,0,0,0,0,
unit/logic/test_aim_point_units.gd,test_a_miss_is_bounded_like_a_plane_point_not_like_a_map_coordinate,,9900,0,0,0,0,0,0,
unit/logic/test_aim_point_units.gd,test_a_part_the_plane_knows_about_resolves_to_a_real_region,,16801,0,0,0,0,0,1,
unit/logic/test_aim_point_units.gd,test_a_duplicated_part_does_not_match_the_original_by_identity,,23573,0,0,0,0,0,0,
unit/logic/test_ammo_def.gd,test_the_reference_ammo_set_loads_and_validates,,11498,0,0,0,0,0,0,authored weapon data matches its table
unit/logic/test_ammo_def.gd,test_every_reference_round_matches_the_ammo_table,,10550,0,0,0,0,0,0,authored weapon data matches its table
unit/logic/test_ammo_def.gd,test_buckshot_bonus_pen_is_negative,,10628,0,0,0,0,0,0,authored weapon data matches its table
unit/logic/test_ammo_def.gd,test_only_the_shotgun_shells_have_more_than_one_projectile,,10713,0,0,0,0,0,0,authored weapon data matches its table
unit/logic/test_announcements.gd,test_one_emit_puts_a_tagged_event_in_both_the_log_and_the_position,,9595,0,0,0,0,0,0,
unit/logic/test_announcements.gd,test_an_untagged_event_reaches_the_log_only,,9337,0,0,0,0,0,0,
unit/logic/test_announcements.gd,test_an_expired_announcement_leaves_the_position_and_stays_in_the_log,,9759,0,0,0,0,0,0,
unit/logic/test_announcements.gd,test_the_feed_reports_a_redraw_for_an_arrival_not_only_an_expiry,,10167,0,0,0,0,0,0,
unit/logic/test_announcements.gd,test_a_new_bout_starts_with_a_clear_position,,9522,0,0,0,0,0,0,
unit/logic/test_announcements.gd,test_priority_changes_both_duration_and_colour,,10004,0,0,0,0,0,0,
unit/logic/test_announcements.gd,test_the_sound_field_is_authored_and_nothing_consumes_it,,17240,0,0,0,0,0,0,
unit/logic/test_announcements.gd,test_an_unknown_priority_still_shows_with_the_default_treatment,,9506,0,0,0,0,0,0,
unit/logic/test_announcements.gd,test_tagging_does_not_change_what_kind_of_event_it_is,,11228,0,0,0,0,0,0,
unit/logic/test_ap_mp_pips.gd,test_ap_pip_states_length_and_lit_count_match_max_ap_and_ap,,10024,0,0,0,0,0,0,the pip row shows exactly the AP and MP the unit has
unit/logic/test_ap_mp_pips.gd,test_ap_pip_states_at_zero_ap_still_returns_max_ap_dim_slots,,9541,0,0,0,0,0,0,the pip row shows exactly the AP and MP the unit has
unit/logic/test_ap_mp_pips.gd,test_mp_pip_count_equals_the_units_mp,,9254,0,0,0,0,0,0,the pip row shows exactly the AP and MP the unit has
unit/logic/test_ap_mp_pips.gd,test_mp_pip_count_at_zero_mp_is_zero_not_missing,,10370,0,0,0,0,0,0,the pip row shows exactly the AP and MP the unit has
unit/logic/test_ap_mp_pips.gd,test_mp_pip_count_matches_a_whole_mp_value_exactly,,10324,0,0,0,0,0,0,the pip row shows exactly the AP and MP the unit has
unit/logic/test_ap_mp_pips.gd,test_a_real_move_actions_ap_burn_updates_both_pip_rows_together,,31853,0,0,0,0,0,0,the pip row shows exactly the AP and MP the unit has
unit/logic/test_battle_layout.gd,test_the_layout_places_every_slot_in_the_table,,9277,0,0,0,0,0,0,
unit/logic/test_battle_layout.gd,test_the_layout_does_not_place_the_action_bars_own_satellites,,8724,0,0,0,0,0,0,
unit/logic/test_battle_layout.gd,test_the_action_bar_is_bottom_centred_at_half_the_safe_width,,10233,0,0,0,0,0,0,
unit/logic/test_battle_layout.gd,test_the_inspect_panel_is_square_and_two_thirds_tall,,9008,0,0,0,0,0,0,
unit/logic/test_battle_layout.gd,test_the_inspect_viewer_is_half_as_wide_and_on_the_opposite_side,,8784,0,0,0,0,0,0,
unit/logic/test_battle_layout.gd,test_the_debug_menu_is_a_quarter_width_and_centred_on_the_top_edge,,8743,0,0,0,0,0,0,
unit/logic/test_battle_layout.gd,test_only_the_three_declared_surfaces_leave_the_safe_rect,,9929,0,0,0,0,0,0,
unit/logic/test_battle_layout.gd,test_the_perf_monitor_sits_in_the_true_bottom_right_corner,,9381,0,0,0,0,0,0,
unit/logic/test_battle_layout.gd,test_no_surface_lands_outside_the_screen_at_any_ratio,,9500,0,0,0,0,0,0,
unit/logic/test_battle_layout.gd,test_budging_is_idempotent_and_reversible,,9413,0,0,0,0,0,0,
unit/logic/test_battle_layout.gd,test_at_one_x_the_floor_is_what_moves_the_menu_not_the_measurement,,10431,0,0,0,0,0,0,
unit/logic/test_battle_layout.gd,test_the_budge_floor_scales_with_the_ui,,8922,0,0,0,0,0,0,
unit/logic/test_battle_layout.gd,test_a_real_overlap_beats_the_floor_rather_than_being_capped_by_it,,8836,0,0,0,0,0,0,
unit/logic/test_battle_layout.gd,test_a_scaled_up_ui_really_does_crowd_and_budging_clears_it,,10696,0,0,0,0,0,0,
unit/logic/test_battle_layout.gd,test_ui_scale_moves_the_layout_itself,,8826,0,0,0,0,0,0,
unit/logic/test_blocker_placement.gd,test_an_authored_blockers_height_size_offset_and_facing_all_survive_a_round_trip,,13686,0,0,0,0,0,0,
unit/logic/test_blocker_placement.gd,test_the_first_load_already_carries_what_was_authored,,11281,0,0,0,0,0,0,
unit/logic/test_blocker_placement.gd,test_a_blocker_with_no_authored_height_still_rests_on_its_tile,,12970,0,0,0,0,0,0,
unit/logic/test_blocker_placement.gd,test_a_raised_blockers_geometry_and_the_shot_plane_read_the_same_height,,11812,0,0,0,0,0,1,
unit/logic/test_blocker_placement.gd,test_moving_a_blocker_carries_its_placement_and_its_damage,,11318,0,0,0,0,0,0,
unit/logic/test_blocker_placement.gd,test_a_previewed_clone_copies_the_placement_and_not_the_part,,14019,0,0,0,0,0,0,
unit/logic/test_board_picker.gd,test_a_ray_straight_down_hits_the_cell_below_it,,9767,0,0,0,0,0,0,a picking ray resolves to the cell surface it actually crosses
unit/logic/test_board_picker.gd,test_rounds_to_the_nearest_cell_not_the_floor,,9514,0,0,0,0,0,0,a picking ray resolves to the cell surface it actually crosses
unit/logic/test_board_picker.gd,test_an_angled_ray_still_resolves_to_the_correct_ground_point,,9293,0,0,0,0,0,0,a picking ray resolves to the cell surface it actually crosses
unit/logic/test_board_picker.gd,test_a_ray_parallel_to_the_ground_never_hits_it,,12180,0,0,0,0,0,0,"a degenerate input yields an empty result, never an error"
unit/logic/test_board_picker.gd,test_a_ray_pointing_away_from_the_ground_never_hits_it,,9819,0,0,0,0,0,0,"a degenerate input yields an empty result, never an error"
unit/logic/test_board_picker.gd,test_a_ray_straight_down_hits_a_raised_cells_own_real_top_face,,10502,0,0,0,0,0,0,ray height follows the surface it passes over
unit/logic/test_board_picker.gd,test_plane_hit_t_reflects_a_raised_cells_own_real_height,,12141,0,0,0,0,0,0,ray height follows the surface it passes over
unit/logic/test_board_picker.gd,test_a_ray_over_a_flat_neighbor_of_a_raised_cell_stays_at_ground_level,,10327,0,0,0,0,0,0,ray height follows the surface it passes over
unit/logic/test_board_picker.gd,test_a_cell_hidden_behind_a_wall_is_not_visible_from_the_camera,,16329,0,0,0,0,0,0,
unit/logic/test_board_picker.gd,test_a_cell_is_never_hidden_by_whatever_stands_on_it,,14920,0,0,0,0,0,0,
unit/logic/test_board_picker.gd,test_a_raised_cells_own_floor_does_not_hide_it,,14432,0,0,0,0,0,0,
unit/logic/test_body_assembler.gd,test_assemble_docks_the_matrix_and_carries_the_templates_budget,,10948,0,0,0,0,0,0,"an assembly builds from a template and a loadout, or fails by name"
unit/logic/test_body_assembler.gd,test_assemble_carries_the_templates_shell_reach,,10753,0,0,0,0,0,0,"an assembly builds from a template and a loadout, or fails by name"
unit/logic/test_body_assembler.gd,test_mount_attachment_is_order_independent,,9976,0,0,0,0,0,0,"an assembly builds from a template and a loadout, or fails by name"
unit/logic/test_body_assembler.gd,test_a_template_with_12_shoulder_mounts_assembles_12_arms_at_12_transforms,,12171,0,0,0,0,0,0,"an assembly builds from a template and a loadout, or fails by name"
unit/logic/test_body_assembler.gd,test_two_loadouts_on_one_template_produce_two_armaments_one_skeleton,,10221,0,0,0,0,0,0,"an assembly builds from a template and a loadout, or fails by name"
unit/logic/test_body_assembler.gd,test_loadout_wins_over_a_mounts_own_default_part,,9975,0,0,0,0,0,0,"an assembly builds from a template and a loadout, or fails by name"
unit/logic/test_body_assembler.gd,test_unknown_root_pool_id_errors_by_name_and_fails_the_whole_assembly,,9672,0,0,0,0,0,0,"a misconfiguration is rejected, not silently absorbed"
unit/logic/test_body_assembler.gd,test_unknown_mount_pool_id_errors_by_name_and_fails_the_whole_assembly,,11304,0,0,0,0,0,0,"a misconfiguration is rejected, not silently absorbed"
unit/logic/test_body_assembler.gd,test_unknown_mount_socket_id_errors_by_name_and_fails_the_whole_assembly,,10110,0,0,0,0,0,0,"a misconfiguration is rejected, not silently absorbed"
unit/logic/test_body_assembler.gd,test_illegal_attachment_errors_by_name_and_fails_the_whole_assembly,,9767,0,0,0,0,0,0,an action refuses an illegal socket attachment
unit/logic/test_body_assembler.gd,test_root_part_that_cannot_host_a_matrix_errors_and_fails_the_whole_assembly,,11209,0,0,0,0,0,0,a matrix docks only into a free MATRIX socket
unit/logic/test_body_assembler.gd,test_a_loadout_override_of_empty_string_leaves_a_structural_mount_bare,,10224,0,0,0,0,0,0,"an assembly builds from a template and a loadout, or fails by name"
unit/logic/test_body_assembler.gd,test_omitting_a_mount_also_skips_its_own_children,,9779,0,0,0,0,0,0,"an assembly builds from a template and a loadout, or fails by name"
unit/logic/test_body_assembler.gd,test_a_loadout_override_of_empty_string_leaves_a_discretionary_socket_bare,,11318,0,0,0,0,0,0,"an assembly builds from a template and a loadout, or fails by name"
unit/logic/test_body_assembler.gd,test_a_lateral_armor_socket_puts_a_plate_on_the_outer_face_and_a_lateral_shot_hits_it,,10026,0,0,0,0,0,0,a part's socket transform decides where it projects in the shot plane
unit/logic/test_body_projector.gd,test_rotating_view_angle_produces_continuously_changing_rects,,10535,0,0,0,0,0,0,the shot plane varies continuously with the shooter's angle
unit/logic/test_body_projector.gd,test_visible_face_rects_union_to_the_same_silhouette_as_the_whole_box,,9594,0,0,0,0,0,0,a projected box's faces union to its own silhouette
unit/logic/test_body_projector.gd,test_a_near_edge_on_face_reads_incidence_well_past_45_degrees,,10686,0,0,0,0,0,0,the surface normal is the face actually hit
unit/logic/test_body_projector.gd,test_rear_part_is_occluded_from_the_front_but_frontmost_from_behind,,9780,0,0,0,0,0,0,the frontmost region in the shot plane wins
unit/logic/test_body_projector.gd,test_surface_normal_is_the_actual_face_hit_not_always_toward_the_shooter,,9491,0,0,0,0,0,0,the surface normal is the face actually hit
unit/logic/test_body_projector.gd,test_a_tilted_part_still_projects_when_its_local_up_rotates_into_the_view_axis,,10776,0,0,0,0,0,0,a part's socket transform decides where it projects in the shot plane
unit/logic/test_body_projector.gd,test_a_shot_from_directly_above_resolves_against_the_top_face,,9776,0,0,0,0,0,0,the surface normal is the face actually hit
unit/logic/test_body_projector.gd,test_a_hollow_part_projects_exactly_its_entering_and_exiting_faces_not_four_extra,,9458,0,0,0,0,0,0,a projected box's faces union to its own silhouette
unit/logic/test_body_projector.gd,test_the_same_arm_resource_projects_per_socket_transform_together_and_alone,,9577,0,0,0,0,0,0,a part's socket transform decides where it projects in the shot plane
unit/logic/test_body_projector.gd,test_twelve_shoulder_sockets_project_twelve_non_overlapping_arms,,11046,0,0,0,0,0,0,a part's socket transform decides where it projects in the shot plane
unit/logic/test_body_projector.gd,test_rotating_the_shoulder_socket_moves_the_pistol_at_the_end_of_the_chain,,10115,0,0,0,0,0,0,a part's socket transform decides where it projects in the shot plane
unit/logic/test_body_projector.gd,test_aiming_pose_changes_the_projected_shot_plane_vs_idle,,9815,0,0,0,0,0,0,a pose changes the projected shot plane
unit/logic/test_body_projector.gd,test_a_head_projects_higher_than_a_waist,,10906,0,0,0,0,0,0,a part's socket transform decides where it projects in the shot plane
unit/logic/test_body_projector.gd,test_a_tilted_parts_projected_height_reflects_its_real_corners_not_box_size_y,,9739,0,0,0,0,0,0,a part's socket transform decides where it projects in the shot plane
unit/logic/test_body_projector.gd,test_a_tilted_parts_surface_normal_gains_a_real_vertical_component,,9474,0,0,0,0,0,0,the surface normal is the face actually hit
unit/logic/test_body_projector.gd,test_prone_pose_changes_the_projected_shot_plane_vs_idle,,10664,0,0,0,0,0,0,a pose changes the projected shot plane
unit/logic/test_body_projector.gd,test_setting_mesh_scene_never_changes_the_projected_shot_plane,,9667,0,0,0,0,0,0,"the shot plane comes from body-space boxes, never from the mesh"
unit/logic/test_body_projector.gd,test_an_asymmetric_part_projects_on_the_same_side_it_renders,,9471,0,0,0,0,0,0,"the shot plane comes from body-space boxes, never from the mesh"
unit/logic/test_body_projector.gd,test_orientation_for_round_trips_through_forward_for_across_every_quadrant,,9203,0,0,0,0,0,0,orientation and forward vector round-trip in every quadrant
unit/logic/test_body_projector.gd,test_rotated_by_orientation_is_used_only_inside_body_projector_itself,,18790,0,0,0,0,0,0,"one mechanism, distinctly logged — no parallel systems"
unit/logic/test_body_projector.gd,test_a_mangled_or_disabled_part_still_projects_at_zero_hp,,9416,0,0,0,0,0,0,a part at zero HP still occupies space unless it was destroyed outright
unit/logic/test_body_projector.gd,test_a_plain_destroyed_part_still_vanishes_at_zero_hp,,10397,0,0,0,0,0,0,a part at zero HP still occupies space unless it was destroyed outright
unit/logic/test_body_projector.gd,test_an_occupied_socket_produces_an_aimable_joint_region_at_its_transform,,9948,0,0,0,0,0,0,a joint is aimable only while its socket is occupied and exposed
unit/logic/test_body_projector.gd,test_an_empty_socket_has_no_region,,9447,0,0,0,0,0,0,a joint is aimable only while its socket is occupied and exposed
unit/logic/test_body_projector.gd,test_a_joint_occluded_by_a_plate_isnt_hittable_until_the_plate_is_gone,,10955,0,0,0,0,0,2,a joint is aimable only while its socket is occupied and exposed
unit/logic/test_body_projector.gd,test_a_boxs_minimum_dimension_becomes_the_regions_thickness,,9793,0,0,0,0,0,0,a part's socket transform decides where it projects in the shot plane
unit/logic/test_body_skeleton.gd,test_the_torso_is_a_real_strut_skeleton_not_one_solid_box,,10537,0,0,0,0,0,0,internals sit behind cladding and become hittable once it is stripped
unit/logic/test_body_skeleton.gd,test_reactor_and_matrix_are_mounted_in_real_torso_sockets,,10743,0,0,0,0,0,0,internals sit behind cladding and become hittable once it is stripped
unit/logic/test_body_skeleton.gd,test_internals_sit_behind_cladding_in_the_shot_plane,,11331,0,0,0,0,0,1,internals sit behind cladding and become hittable once it is stripped
unit/logic/test_body_skeleton.gd,test_stripping_cladding_leaves_the_reactor_directly_hittable,,11760,0,0,0,0,0,1,internals sit behind cladding and become hittable once it is stripped
unit/logic/test_body_skeleton.gd,test_the_skeletons_own_struts_are_directly_hittable_once_stripped,,11940,0,0,0,0,0,1,internals sit behind cladding and become hittable once it is stripped
unit/logic/test_body_skeleton.gd,test_deep_strike_assembly_still_builds_with_the_new_torso_skeleton,,27645,0,0,0,0,0,0,"an assembly builds from a template and a loadout, or fails by name"
unit/logic/test_bonus_pen.gd,test_positive_bonus_pen_lets_a_sub_dt_shot_penetrate_for_its_full_damage,,11009,0,0,0,0,0,0,penetration decides whether a hit passes through or deflects
unit/logic/test_bonus_pen.gd,test_negative_bonus_pen_raises_the_bar,,9968,0,0,0,0,0,0,penetration decides whether a hit passes through or deflects
unit/logic/test_bonus_pen.gd,test_effective_dt_floors_at_zero_for_large_positive_pen,,9908,0,0,0,0,0,0,penetration decides whether a hit passes through or deflects
unit/logic/test_bonus_pen.gd,test_bonus_pen_never_alters_deflect_reflection_math_when_a_deflect_still_happens,,11260,0,0,0,0,0,0,penetration decides whether a hit passes through or deflects
unit/logic/test_bot_profiles.gd,test_a_profile_round_trips_through_datalibrary_save_and_load,,35610,0,0,0,0,0,0,data round-trips through save and load
unit/logic/test_bot_profiles.gd,test_a_variant_is_a_full_standalone_preset_sharing_only_its_family,,11356,0,0,0,0,0,0,a variant groups with the base it derives from
unit/logic/test_bot_profiles.gd,test_editing_the_base_leaves_the_variant_unchanged,,11661,0,0,0,0,0,0,a variant groups with the base it derives from
unit/logic/test_bot_profiles.gd,test_spawning_a_profile_builds_through_body_assembler,,14642,0,0,0,0,0,0,"one mechanism, distinctly logged — no parallel systems"
unit/logic/test_bot_profiles.gd,test_an_unknown_template_id_returns_null_not_a_crash,,10275,0,0,0,0,0,0,an open-vocabulary id is checked against the real vocabulary
unit/logic/test_bot_profiles.gd,test_the_reference_profiles_load_and_assemble,,34055,0,0,0,0,0,0,"an assembly builds from a template and a loadout, or fails by name"
unit/logic/test_bout_corpus.gd,test_reading_the_corpus_twice_plays_no_extra_bouts,,8371,0,0,0,0,0,0,a shared fixture is played once and handed out as copies
unit/logic/test_bout_corpus.gd,test_the_corpus_draws_distinct_seeds,,8478,0,0,0,0,0,0,a shared fixture is played once and handed out as copies
unit/logic/test_bout_corpus.gd,test_one_reader_cannot_mutate_another_readers_records,,9368,0,0,0,0,0,0,a shared fixture is played once and handed out as copies
unit/logic/test_bout_corpus.gd,test_the_sample_dictionary_is_a_copy_too,,7817,0,0,0,0,0,0,a shared fixture is played once and handed out as copies
unit/logic/test_bout_corpus.gd,test_canned_records_match_the_shape_of_real_ones,,8458,0,0,0,0,0,0,a shared fixture is played once and handed out as copies
unit/logic/test_bout_corpus.gd,test_a_canned_sample_is_internally_consistent,,8758,0,0,0,0,0,0,a shared fixture is played once and handed out as copies
unit/logic/test_builder_controller.gd,test_assemble_produces_a_unit_structurally_identical_to_code,,34776,0,0,0,0,0,0,"one mechanism, distinctly logged — no parallel systems"
unit/logic/test_builder_controller.gd,test_an_unknown_template_id_returns_null,,12182,0,0,0,0,0,0,an open-vocabulary id is checked against the real vocabulary
unit/logic/test_builder_controller.gd,test_set_part_fills_an_empty_socket,,14114,0,0,0,0,0,0,the builder edits an assembly through the game's own legality rules
unit/logic/test_builder_controller.gd,test_set_part_replaces_an_already_filled_socket,,13474,0,0,0,0,0,0,the builder edits an assembly through the game's own legality rules
unit/logic/test_builder_controller.gd,test_clear_socket_empties_a_loadout_only_socket,,12930,0,0,0,0,0,0,the builder edits an assembly through the game's own legality rules
unit/logic/test_builder_controller.gd,test_the_pickers_legal_set_matches_bodyassemblers_own_attachment_rule,,14139,0,0,0,0,0,0,"one mechanism, distinctly logged — no parallel systems"
unit/logic/test_builder_controller.gd,test_every_illegal_part_carries_a_non_empty_reason,,13501,0,0,0,0,0,0,"a refusal says why, by name"
unit/logic/test_builder_controller.gd,test_an_illegal_part_over_the_mass_budget_names_the_overage,,13231,0,0,0,0,0,0,"a refusal says why, by name"
unit/logic/test_builder_controller.gd,test_validate_reports_the_same_violations_as_deep_strikes_own_check,,14250,0,0,0,0,0,0,"one mechanism, distinctly logged — no parallel systems"
unit/logic/test_builder_controller.gd,test_load_from_unit_reproduces_the_same_assembly_on_the_next_build,,18074,0,0,0,0,0,0,data round-trips through save and load
unit/logic/test_builder_controller.gd,test_a_preset_round_trips_through_save_and_load,,17736,0,0,0,0,0,0,data round-trips through save and load
unit/logic/test_builder_controller.gd,test_calling_assemble_twice_produces_the_same_shape_each_time,,14240,0,0,0,0,0,0,a build is reproducible from the same inputs
unit/logic/test_camera_orbit_state.gd,test_orbit_accumulates_yaw,,9351,0,0,0,0,0,0,camera orbit accumulates and clamps within its own bounds
unit/logic/test_camera_orbit_state.gd,test_pitch_clamps_and_never_reaches_a_pole,,10781,0,0,0,0,0,0,camera orbit accumulates and clamps within its own bounds
unit/logic/test_camera_orbit_state.gd,test_zoom_clamps_within_bounds,,9689,0,0,0,0,0,0,camera orbit accumulates and clamps within its own bounds
unit/logic/test_camera_orbit_state.gd,test_pan_offsets_along_the_given_axes,,9277,0,0,0,0,0,0,camera orbit accumulates and clamps within its own bounds
unit/logic/test_camera_orbit_state.gd,test_attack_framing_fits_both_bodies_across_a_range_of_distances_and_angles,,11027,0,0,0,0,0,0,"attack framing fits both bodies on screen, solved rather than hand-derived"
unit/logic/test_camera_orbit_state.gd,test_attack_framing_keeps_the_shooter_in_front_of_the_camera,,9549,0,0,0,0,0,0,"attack framing fits both bodies on screen, solved rather than hand-derived"
unit/logic/test_camera_orbit_state.gd,test_attack_framing_solves_a_larger_back_for_a_giant_target,,9308,0,0,0,0,0,0,"attack framing fits both bodies on screen, solved rather than hand-derived"
unit/logic/test_camera_orbit_state.gd,test_attack_framing_returns_the_smallest_qualifying_back,,9196,0,0,0,0,0,0,"attack framing fits both bodies on screen, solved rather than hand-derived"
unit/logic/test_camera_orbit_state.gd,test_attack_framing_falls_back_when_shooter_and_target_share_a_cell,,10797,0,0,0,0,0,0,"a degenerate input yields an empty result, never an error"
unit/logic/test_camera_orbit_state.gd,test_attack_framing_orbits_the_target_not_a_literal_point,,9706,0,0,0,0,0,0,"attack framing fits both bodies on screen, solved rather than hand-derived"
unit/logic/test_camera_orbit_state.gd,test_attack_framing_is_deterministic,,9529,0,0,0,0,0,0,a build is reproducible from the same inputs
unit/logic/test_camera_orbit_state.gd,test_sniper_framing_pans_directly_on_the_targets_own_center,,10703,0,0,0,0,0,0,sniper framing centres the target at the current yaw and pitch
unit/logic/test_camera_orbit_state.gd,test_sniper_framing_fits_the_targets_own_sphere_across_a_range_of_radii,,9508,0,0,0,0,0,0,sniper framing centres the target at the current yaw and pitch
unit/logic/test_camera_orbit_state.gd,test_sniper_framing_solves_a_new_angle_rather_than_keeping_the_current_one,,9343,0,0,0,0,0,0,
unit/logic/test_camera_orbit_state.gd,test_a_degenerate_shooter_target_pair_keeps_the_current_angle,,10639,0,0,0,0,0,0,
unit/logic/test_camera_orbit_state.gd,test_sniper_framing_is_deterministic,,9515,0,0,0,0,0,0,a build is reproducible from the same inputs
unit/logic/test_camera_orbit_state.gd,test_framing_across_height_deltas_fits_and_never_drops_below_the_lower_body,,9484,0,0,0,0,0,0,"attack framing fits both bodies on screen, solved rather than hand-derived"
unit/logic/test_camera_orbit_state.gd,test_same_level_attack_framing_is_pinned_against_regression,,9216,0,0,0,0,0,0,"attack framing fits both bodies on screen, solved rather than hand-derived"
unit/logic/test_camera_orbit_state.gd,test_sniper_framing_centers_the_target_at_any_height,,10656,0,0,0,0,0,0,sniper framing centres the target at the current yaw and pitch
unit/logic/test_camera_orbit_state.gd,test_solved_framing_is_continuous_across_the_zero_height_crossing,,9863,0,0,0,0,0,0,"attack framing fits both bodies on screen, solved rather than hand-derived"
unit/logic/test_cell_inspection.gd,test_inspect_out_of_bounds_returns_empty,,11114,0,0,0,0,0,0,
unit/logic/test_cell_inspection.gd,test_inspect_reports_terrain_and_the_real_field_object,,11990,0,0,0,0,0,0,
unit/logic/test_cell_inspection.gd,test_inspect_reports_empty_for_an_unfloored_cell,,11147,0,0,0,0,0,0,
unit/logic/test_cell_inspection.gd,test_inspect_reports_ramp_for_a_ramp_tagged_surface,,10827,0,0,0,0,0,0,
unit/logic/test_cell_inspection.gd,test_inspect_reports_any_unit_at_the_cell_regardless_of_squad,,10692,0,0,0,0,0,0,
unit/logic/test_cell_inspection.gd,test_inspect_ignores_a_dead_unit_at_the_cell,,12067,0,0,0,0,0,0,
unit/logic/test_cell_inspection.gd,test_inspect_reports_a_field_object_at_the_cell,,10896,0,0,0,0,0,0,
unit/logic/test_cell_inspection.gd,test_visible_from_selected_is_null_with_nothing_selected,,10626,0,0,0,0,0,0,
unit/logic/test_cell_inspection.gd,test_visible_from_selected_reflects_line_of_sight_to_the_hovered_cell,,11888,0,0,0,0,0,0,
unit/logic/test_close_range_sight.gd,test_two_adjacent_units_on_open_flat_ground_see_each_other,,11354,0,0,0,0,0,0,
unit/logic/test_close_range_sight.gd,test_two_units_two_cells_apart_on_open_flat_ground_see_each_other,,11018,0,0,0,0,0,0,
unit/logic/test_close_range_sight.gd,test_a_wall_beside_the_line_never_blocks_it,,26073,0,0,0,0,0,0,
unit/logic/test_close_range_sight.gd,test_a_blocker_at_either_endpoint_does_not_blind_the_pair,,12718,0,0,0,0,0,0,
unit/logic/test_close_range_sight.gd,test_a_ladder_at_either_endpoint_does_not_blind_the_pair,,14136,0,0,0,0,0,0,
unit/logic/test_close_range_sight.gd,test_a_ladder_beside_the_line_does_not_blind_the_pair,,14500,0,0,0,0,0,0,
unit/logic/test_close_range_sight.gd,test_two_adjacent_units_at_different_floor_heights_see_each_other,,16508,0,0,0,0,0,0,
unit/logic/test_close_range_sight.gd,test_a_wall_on_a_raised_neighbour_does_not_blind_the_pair,,12874,0,0,0,0,0,0,
unit/logic/test_close_range_sight.gd,test_the_planner_sees_an_adjacent_enemy_through_the_real_world_view,,19218,0,0,0,0,0,0,
unit/logic/test_close_range_sight.gd,test_what_blinds_is_decided_by_height_and_not_by_being_a_wall,,20906,0,0,0,0,0,0,
unit/logic/test_combat_action_speed.gd,test_lower_speed_resolves_first_regardless_of_queue_order,,10169,0,0,0,0,0,0,"resolution order is by action speed, tie-broken by unit id"
unit/logic/test_combat_action_speed.gd,test_a_weapon_with_a_lower_speed_out_paces_a_face_action,,12954,0,0,0,0,0,0,"resolution order is by action speed, tie-broken by unit id"
unit/logic/test_combat_action_speed.gd,test_attack_actions_speed_reads_the_weapons_own_field_live,,9998,0,0,0,0,0,0,"resolution order is by action speed, tie-broken by unit id"
unit/logic/test_combat_action_speed.gd,test_tied_speed_breaks_deterministically_by_unit_id,,9912,0,0,0,0,0,0,"resolution order is by action speed, tie-broken by unit id"
unit/logic/test_combat_action_speed.gd,test_face_actions_speed_and_unit_id_are_fixed_and_correct,,10903,0,0,0,0,0,0,"resolution order is by action speed, tie-broken by unit id"
unit/logic/test_combat_log.gd,test_memory_sink_collects_events,,11119,0,0,0,0,0,0,the combat log dispatches every event to every attached sink
unit/logic/test_combat_log.gd,test_events_of_kind_filters,,9639,0,0,0,0,0,0,the combat log dispatches every event to every attached sink
unit/logic/test_combat_log.gd,test_log_dispatches_to_multiple_sinks,,9417,0,0,0,0,0,0,the combat log dispatches every event to every attached sink
unit/logic/test_combat_log.gd,test_remove_sink_stops_further_dispatch_to_it,,11132,0,0,0,0,0,0,the combat log dispatches every event to every attached sink
unit/logic/test_combat_log.gd,test_remove_sink_is_a_no_op_for_a_sink_never_added,,9544,0,0,0,0,0,0,"a degenerate input yields an empty result, never an error"
unit/logic/test_combat_log.gd,test_log_event_to_string_is_readable,,9332,0,0,0,0,0,0,"a log line is readable prose, not a struct dump"
unit/logic/test_combat_log.gd,test_file_sink_writes_and_appends_line,,9472,0,0,0,0,0,0,the combat log dispatches every event to every attached sink
unit/logic/test_combat_log.gd,test_file_sink_default_path_produces_out_combat_log,,11107,0,0,0,0,0,0,an unstated authored field takes its default
unit/logic/test_combat_log.gd,test_the_first_replaying_sink_receives_no_history,,9759,0,0,0,0,0,0,
unit/logic/test_combat_log.gd,test_a_later_replaying_sink_receives_everything_since_the_floor,,9567,0,0,0,0,0,0,
unit/logic/test_combat_log.gd,test_an_ordinary_sink_is_never_replayed_into,,11304,0,0,0,0,0,0,
unit/logic/test_combat_log.gd,test_the_replay_floor_survives_a_history_trim,,19219,0,0,0,0,0,0,
unit/logic/test_combat_state.gd,test_add_unit_assigns_sequential_ids_and_occupies_cell,,11078,0,0,0,0,0,0,the combat state owns unit ids and cell occupancy
unit/logic/test_combat_state.gd,test_initial_units_get_first_turn_started,,12725,0,0,0,0,0,0,turn order advances exactly once per end of turn
unit/logic/test_combat_state.gd,test_advance_turn_cycles_and_resets_ap,,11522,0,2,0,0,0,0,a turn restores AP and renews the free MP grant
unit/logic/test_combat_state.gd,test_the_free_mp_grant_renews_every_turn_not_just_the_first,,11168,0,2,0,0,0,0,a turn restores AP and renews the free MP grant
unit/logic/test_combat_state.gd,test_spending_the_free_starting_mp_never_touches_ap,,15566,0,0,0,0,0,0,a turn restores AP and renews the free MP grant
unit/logic/test_combat_state.gd,test_burning_an_ap_adds_another_mp_per_ap_on_top_of_the_free_grant,,14762,0,0,0,0,0,0,movement spends MP and converts AP when MP runs out
unit/logic/test_combat_state.gd,test_advance_turn_skips_dead_units,,12476,0,1,0,0,0,0,turn order advances exactly once per end of turn
unit/logic/test_combat_state.gd,test_advance_turn_skips_shut_down_units,,11509,0,1,0,0,0,0,turn order advances exactly once per end of turn
unit/logic/test_combat_state.gd,test_round_number_increments_once_per_full_cycle_not_per_unit_turn,,11559,0,6,0,0,0,0,a round is one full cycle of the turn order
unit/logic/test_combat_state.gd,test_round_number_increments_every_turn_with_a_single_unit,,12741,0,2,0,0,0,0,a round is one full cycle of the turn order
unit/logic/test_combat_state.gd,test_round_number_wraps_correctly_around_a_dead_unit,,11515,0,2,0,0,0,0,a round is one full cycle of the turn order
unit/logic/test_combat_state.gd,test_advance_turn_emits_turn_start_for_the_incoming_unit,,12231,0,1,0,0,0,0,every mutation emits a combat log event
unit/logic/test_combat_state.gd,test_organics_decay_demotion_emits_surrogate_demoted,,12075,0,3,0,0,0,0,a surrogate decays down its authored tiers
unit/logic/test_combat_state.gd,test_try_apply_rejects_illegal_action_without_mutating,,11321,0,0,0,0,0,0,TACTICS queues intents and mutates nothing; RESOLUTION owns every mutation
unit/logic/test_combat_state.gd,test_every_squad_defaults_to_unassigned_control,,12554,0,0,0,0,0,0,"a squad is human or AI, never both and never neither once started"
unit/logic/test_combat_state.gd,test_a_squad_can_be_set_to_ai_control,,11130,0,0,0,0,0,0,"a squad is human or AI, never both and never neither once started"
unit/logic/test_combat_state.gd,test_assign_all_to_human_sets_every_present_squad_human,,10966,0,0,0,0,0,0,"a squad is human or AI, never both and never neither once started"
unit/logic/test_combat_state.gd,test_assign_rest_to_ai_sets_named_squads_human_and_the_rest_ai,,12095,0,0,0,0,0,0,"a squad is human or AI, never both and never neither once started"
unit/logic/test_combat_state.gd,test_all_squads_assigned_is_false_until_every_present_squad_has_a_real_controller,,11600,0,0,0,0,0,0,"a squad is human or AI, never both and never neither once started"
unit/logic/test_combat_state.gd,test_dup_carries_squad_controllers_into_the_preview,,12296,0,0,0,0,0,0,a preview copy carries the state it must and none of the state it must not
unit/logic/test_combat_state.gd,test_is_resolving_is_true_only_during_an_active_resolve_until_call,,12604,0,0,0,0,0,0,"a debug injection lands at a step boundary, never mid-resolution"
unit/logic/test_combat_state.gd,test_dup_never_copies_is_resolving,,12523,0,0,0,0,0,0,a preview copy carries the state it must and none of the state it must not
unit/logic/test_combat_state.gd,test_dup_carries_was_injected_into_the_preview,,13859,0,0,0,0,0,0,a preview copy carries the state it must and none of the state it must not
unit/logic/test_combat_state.gd,test_force_current_unit_sets_current_unit_without_resetting_resources,,11471,0,0,0,0,0,0,a debug verb forces the exact state it names
unit/logic/test_combat_state.gd,test_killing_the_current_unit_advances_the_turn,,11838,0,1,0,0,0,0,turn order advances exactly once per end of turn
unit/logic/test_combat_state.gd,test_the_survivor_is_selectable_once_the_dead_unit_stops_being_current,,12140,0,1,0,0,0,0,only the current unit may act
unit/logic/test_combat_state.gd,test_killing_a_non_current_unit_leaves_the_turn_where_it_was,,12772,0,0,0,0,0,0,turn order advances exactly once per end of turn
unit/logic/test_combat_state_initiative.gd,test_turn_order_is_by_resolution_speed_fastest_first,,10208,0,2,0,0,0,0,"resolution order is by action speed, tie-broken by unit id"
unit/logic/test_combat_state_initiative.gd,test_a_faster_unit_acts_before_a_slower_one,,9892,0,0,0,0,0,0,"resolution order is by action speed, tie-broken by unit id"
unit/logic/test_combat_state_initiative.gd,test_tied_resolution_speed_breaks_by_unit_id_ascending,,11347,0,0,0,0,0,0,"resolution order is by action speed, tie-broken by unit id"
unit/logic/test_combat_state_initiative.gd,test_initiative_order_is_deterministic,,10337,0,6,0,0,0,0,a build is reproducible from the same inputs
unit/logic/test_combat_state_initiative.gd,test_advance_turn_still_skips_dead_units_under_initiative_order,,9798,0,1,0,0,0,0,turn order advances exactly once per end of turn
unit/logic/test_combat_state_initiative.gd,test_a_pack_of_equal_speed_units_forms_one_simultaneous_group,,9818,0,0,0,0,0,0,equal-speed units resolve as one simultaneous group
unit/logic/test_combat_state_initiative.gd,test_simultaneous_group_excludes_units_outside_the_band_tolerance,,11277,0,0,0,0,0,0,equal-speed units resolve as one simultaneous group
unit/logic/test_combat_state_initiative.gd,test_simultaneous_group_excludes_the_dead,,9966,0,0,0,0,0,0,equal-speed units resolve as one simultaneous group
unit/logic/test_combat_state_initiative.gd,test_a_mixed_speed_multi_squad_roster_keeps_cycling_fairly,,10936,0,12,0,0,0,0,a round is one full cycle of the turn order
unit/logic/test_combat_tester_presets.gd,test_all_three_variants_load_and_assemble_with_no_violations,,23390,0,0,0,0,0,0,"an assembly builds from a template and a loadout, or fails by name"
unit/logic/test_combat_tester_presets.gd,test_all_three_variants_share_the_same_profile_family,,10549,0,0,0,0,0,0,a variant groups with the base it derives from
unit/logic/test_combat_tester_presets.gd,test_group_by_family_lists_all_three_variants_together,,11054,0,0,0,0,0,0,a variant groups with the base it derives from
unit/logic/test_combat_tester_presets.gd,test_the_body_has_every_part_and_cladding_everywhere,,14944,0,0,0,0,0,0,an authored preset's content matches what it claims to be
unit/logic/test_combat_tester_presets.gd,test_the_chest_wears_the_torso_sized_wedge,,14888,0,0,0,0,0,0,an authored preset's content matches what it claims to be
unit/logic/test_combat_tester_presets.gd,test_both_legs_wear_the_half_cylinder_plate_and_arms_do_not,,15739,0,0,0,0,0,0,an authored preset's content matches what it claims to be
unit/logic/test_combat_tester_presets.gd,test_each_variant_carries_its_own_named_weapon,,23588,0,0,0,0,0,0,an authored preset's content matches what it claims to be
unit/logic/test_command_log.gd,test_a_refused_injection_produces_a_paired_command_and_outcome_with_a_reason,,36677,0,0,0,0,0,0,"every command logs a paired outcome, refused or not"
unit/logic/test_command_log.gd,test_an_accepted_injection_also_produces_the_pair,,21031,0,0,0,0,0,0,"every command logs a paired outcome, refused or not"
unit/logic/test_command_log.gd,test_the_command_half_records_the_arguments_that_were_sent,,20054,0,0,0,0,0,0,"every command logs a paired outcome, refused or not"
unit/logic/test_command_log.gd,test_clear_cover_on_an_empty_cell_now_says_why,,20386,0,0,0,0,0,0,"a refusal says why, by name"
unit/logic/test_command_log.gd,test_place_cover_with_an_unknown_part_now_says_why,,19497,0,0,0,0,0,0,"a refusal says why, by name"
unit/logic/test_command_log.gd,test_set_passable_off_the_grid_now_says_why,,20341,0,0,0,0,0,0,"a refusal says why, by name"
unit/logic/test_command_log.gd,test_set_cell_level_off_the_grid_now_says_why,,21124,0,0,0,0,0,0,"a refusal says why, by name"
unit/logic/test_command_log.gd,test_remove_object_on_an_empty_cell_now_says_why,,19864,0,0,0,0,0,0,"a refusal says why, by name"
unit/logic/test_command_log.gd,test_move_object_from_an_empty_cell_now_says_why,,20181,0,0,0,0,0,0,"a refusal says why, by name"
unit/logic/test_command_log.gd,test_attach_part_distinguishes_an_unknown_part_from_an_unknown_socket,,33138,0,0,0,0,0,0,"a refusal says why, by name"
unit/logic/test_command_log.gd,test_killing_an_already_dead_unit_now_says_why,,19879,0,0,0,0,0,0,"a refusal says why, by name"
unit/logic/test_command_log.gd,test_a_tactics_refusal_and_a_resolution_refusal_read_differently,,20484,0,0,0,0,0,0,TACTICS queues intents and mutates nothing; RESOLUTION owns every mutation
unit/logic/test_command_log.gd,test_try_apply_no_longer_refuses_silently,,21161,0,0,0,0,0,0,"a refusal says why, by name"
unit/logic/test_command_log.gd,test_the_pairing_survives_a_resolve_until_stop,,20020,0,0,0,0,0,0,"every command logs a paired outcome, refused or not"
unit/logic/test_completion_sampler.gd,test_a_sample_reports_every_seed_it_drew,,11256,0,0,0,0,0,0,a sampled measurement reports the seeds it drew
unit/logic/test_completion_sampler.gd,test_a_sample_draws_without_replacement,,11662,0,0,0,0,0,0,a sampled measurement reports the seeds it drew
unit/logic/test_completion_sampler.gd,test_the_same_rng_seed_replays_the_same_draw,,10133,0,0,0,0,0,0,the same seed produces the same battle
unit/logic/test_completion_sampler.gd,test_different_rng_seeds_draw_different_samples,,10398,0,0,0,0,0,0,a sampled measurement reports the seeds it drew
unit/logic/test_completion_sampler.gd,test_a_fixed_seed_list_yields_identical_results_twice,,10859356,2,24,71036,60,24,8,the same seed produces the same battle
unit/logic/test_completion_sampler.gd,test_the_escalation_seed_list_is_fixed_and_starts_at_zero,,11575,0,0,0,0,0,0,a sampled measurement reports the seeds it drew
unit/logic/test_completion_sampler.gd,test_a_sample_below_the_floor_escalates_and_one_above_it_does_not,,11052,0,0,0,0,0,0,a completion rate below the floor escalates on the binomial tail
unit/logic/test_completion_sampler.gd,test_escalation_probability_is_the_exact_binomial_tail,,10161,0,0,0,0,0,0,a completion rate below the floor escalates on the binomial tail
unit/logic/test_completion_sampler.gd,test_a_larger_sample_is_steadier_than_a_smaller_one,,10798,0,0,0,0,0,0,a completion rate below the floor escalates on the binomial tail
unit/logic/test_completion_sampler.gd,test_a_healthy_rate_almost_never_escalates,,10971,0,0,0,0,0,0,a completion rate below the floor escalates on the binomial tail
unit/logic/test_completion_sampler.gd,test_describe_carries_the_seed_list_and_one_line_per_bout,,11415,0,0,0,0,0,0,a sampled measurement reports the seeds it drew
unit/logic/test_completion_sampler.gd,test_the_in_window_verb_reports_the_same_sample_and_changes_nothing,,22362357,1,29,61759,78,27,20,a shared fixture is played once and handed out as copies
unit/logic/test_containers.gd,test_backpack_is_soft_with_the_better_mass_discount_but_less_capacity,,9754,0,0,0,0,0,0,no container dominates another — each trades capacity against mass
unit/logic/test_containers.gd,test_trash_barrel_is_rigid_with_the_floor_discount_but_more_capacity,,9484,0,0,0,0,0,0,no container dominates another — each trades capacity against mass
unit/logic/test_containers.gd,test_neither_container_dominates_the_other,,10776,0,0,0,0,0,0,no container dominates another — each trades capacity against mass
unit/logic/test_continuous_height_and_escapes.gd,test_a_0_3_high_part_is_standable_and_pathable,,24935,0,0,0,0,0,0,
unit/logic/test_continuous_height_and_escapes.gd,test_a_0_3_high_tile_is_struck_by_a_ray_aimed_at_it,,6319,0,0,0,0,0,0,
unit/logic/test_continuous_height_and_escapes.gd,test_awkward_heights_are_never_quantized,,6288,0,0,0,0,0,0,
unit/logic/test_continuous_height_and_escapes.gd,test_a_shot_into_open_space_is_counted_as_escaped,,6015,0,0,0,0,0,0,
unit/logic/test_continuous_height_and_escapes.gd,test_a_shot_that_strikes_a_wall_is_not_counted_as_escaped,,12875,0,0,0,0,0,0,
unit/logic/test_continuous_height_and_escapes.gd,test_the_miss_event_says_it_escaped,,6651,0,0,0,0,0,0,
unit/logic/test_continuous_height_and_escapes.gd,test_a_fully_floored_flat_board_leaks_nothing,,24708,0,0,0,0,0,0,
unit/logic/test_continuous_height_and_escapes.gd,test_the_same_sweep_over_an_unfloored_board_does_leak,,8253,0,0,0,0,0,0,
unit/logic/test_continuous_height_and_escapes.gd,test_the_counter_is_reset_with_the_other_diagnostics,,5758,0,0,0,0,0,0,
unit/logic/test_control_bindings.gd,test_all_returns_a_non_empty_list_of_trigger_action_pairs,,9322,0,0,0,0,0,0,"the controls overlay reads the real bindings, never a second copy"
unit/logic/test_control_bindings.gd,test_the_log_path_is_folded_into_one_of_the_rows,,10841,0,0,0,0,0,0,"the controls overlay reads the real bindings, never a second copy"
unit/logic/test_control_bindings.gd,test_reset_turn_row_shows_the_real_reset_turn_keys_own_letter,,9545,0,0,0,0,0,0,"the controls overlay reads the real bindings, never a second copy"
unit/logic/test_control_bindings.gd,test_toggle_key_is_h,,9144,0,0,0,0,0,0,"the controls overlay reads the real bindings, never a second copy"
unit/logic/test_csv_line.gd,test_a_plain_record_splits_on_commas,,10140,0,0,0,0,0,0,a value round-trips through the file it is written to
unit/logic/test_csv_line.gd,test_a_quoted_field_keeps_its_own_commas,,10512,0,0,0,0,0,0,a value round-trips through the file it is written to
unit/logic/test_csv_line.gd,test_a_doubled_quote_reads_as_one_literal_quote,,9461,0,0,0,0,0,0,a value round-trips through the file it is written to
unit/logic/test_csv_line.gd,test_trailing_empty_fields_are_kept,,9249,0,0,0,0,0,0,a value round-trips through the file it is written to
unit/logic/test_csv_line.gd,test_escape_quotes_only_what_needs_it,,9174,0,0,0,0,0,0,a value round-trips through the file it is written to
unit/logic/test_csv_line.gd,test_any_field_round_trips_through_join_and_split,,12066,0,0,0,0,0,0,a value round-trips through the file it is written to
unit/logic/test_cutout_gate_over_zoom.gd,test_an_empty_board_is_never_blocked_at_any_zoom,,45208,0,0,0,0,0,0,
unit/logic/test_cutout_gate_over_zoom.gd,test_a_wall_off_to_the_side_is_never_blocked_at_any_zoom,,45865,0,0,0,0,0,0,
unit/logic/test_cutout_gate_over_zoom.gd,test_which_sample_ray_keeps_the_cutout_alive_across_zoom,,244104,0,0,0,2,0,0,
unit/logic/test_damage_resolver.gd,test_chaingun_burst_under_dt_fails_to_penetrate_steel,,26605,0,0,0,0,0,0,penetration decides whether a hit passes through or deflects
unit/logic/test_damage_resolver.gd,test_rifle_round_over_dt_damages_the_plate_and_the_part_behind,,10143,0,0,0,0,0,1,penetration spill carries through to the part behind
unit/logic/test_damage_resolver.gd,test_penetration_spill_is_reduced_by_effective_dt_not_reapplied_in_full,,10090,0,0,0,0,0,1,penetration spill carries through to the part behind
unit/logic/test_damage_resolver.gd,test_a_bare_margin_penetration_spills_zero_and_stops_at_the_plate,,11283,0,0,0,0,0,1,penetration spill carries through to the part behind
unit/logic/test_damage_resolver.gd,test_stop_dead_damages_the_plate_deflect_does_not,,10036,0,0,0,0,0,0,penetration decides whether a hit passes through or deflects
unit/logic/test_damage_resolver.gd,test_a_graze_retains_about_90_percent_a_near_right_angle_bounce_about_25_percent,,9735,0,0,0,0,0,0,a deflection retains energy by its incidence angle
unit/logic/test_damage_resolver.gd,test_a_burst_across_a_wide_surface_retains_a_spread_not_one_repeated_value,,11527,0,0,0,0,0,6,a deflection retains energy by its incidence angle
unit/logic/test_damage_resolver.gd,test_depth_cap_of_zero_stops_a_deflection_from_spawning_any_ricochet,,10082,0,0,0,0,0,2,ricochet depth caps bound deflection chains
unit/logic/test_damage_resolver.gd,test_damage_floor_stops_a_deflection_from_spawning_a_ricochet,,9891,0,0,0,0,0,2,ricochet depth caps bound deflection chains
unit/logic/test_damage_resolver.gd,test_a_ricochet_can_tag_a_pre_positioned_third_party_and_replays_identically,,12313,0,0,0,0,0,5,the same seed produces the same battle
unit/logic/test_damage_resolver.gd,test_each_ricochet_hop_stamps_its_own_real_origin_and_hit_point,,10338,0,0,0,0,0,3,a shot's logged geometry is the geometry it fired
unit/logic/test_damage_resolver.gd,test_crit_chance_over_100_percent_always_crits_and_the_excess_is_the_double_crit_chance,,12265,0,0,0,0,0,0,crit chance past 100% rolls over into a double crit
unit/logic/test_damage_resolver.gd,test_crit_effects_bypass_armor_when_armored_bonus_damage_when_not,,10381,0,0,0,0,0,0,crit chance past 100% rolls over into a double crit
unit/logic/test_damage_resolver.gd,test_double_crit_end_to_end_bypasses_armor_and_applies_bonus_damage,,10556,0,0,0,0,0,1,crit chance past 100% rolls over into a double crit
unit/logic/test_damage_resolver.gd,test_destroying_a_volatile_part_detonates_and_hits_units_in_radius_only,,10019,0,0,0,0,0,0,a volatile part detonates on destruction and hits only what is in radius
unit/logic/test_damage_resolver.gd,test_the_goo_barrel_field_object_detonates,,10868,0,0,0,0,0,0,a volatile part detonates on destruction and hits only what is in radius
unit/logic/test_damage_resolver.gd,test_detonate_is_a_no_op_without_real_detonate_damage,,10126,0,0,0,0,0,0,a volatile part detonates on destruction and hits only what is in radius
unit/logic/test_damage_resolver.gd,test_fragment_sprays_rays_that_hit_and_terminate,,9928,0,0,0,0,0,4,a volatile part detonates on destruction and hits only what is in radius
unit/logic/test_damage_resolver.gd,test_meltdown_counts_down_then_detonates,,11085,0,0,0,0,0,0,a primed meltdown detonates when its trigger fires
unit/logic/test_damage_resolver.gd,test_trigger_primed_meltdowns_detonates_a_live_countdown_immediately,,10217,0,0,0,0,0,0,a primed meltdown detonates when its trigger fires
unit/logic/test_damage_resolver.gd,test_trigger_primed_meltdowns_is_a_no_op_with_nothing_armed,,9746,0,0,0,0,0,0,a primed meltdown detonates when its trigger fires
unit/logic/test_damage_resolver.gd,test_meltdown_detonates_early_if_re_killed_mid_countdown,,9819,0,0,0,0,0,0,a primed meltdown detonates when its trigger fires
unit/logic/test_damage_resolver.gd,test_resolve_impact_incidence_uses_the_regions_real_3d_normal_not_a_flattened_one,,10424,0,0,0,0,0,0,the surface normal is the face actually hit
unit/logic/test_damage_resolver.gd,test_a_tilted_flight_vertical_slope_changes_which_region_resolve_shot_hits,,10147,0,0,0,0,0,2,"elevation changes the shot geometry, not the rules"
unit/logic/test_damage_resolver.gd,test_a_deflection_off_a_real_tilted_body_part_gains_a_genuine_vertical_component,,10018,0,0,0,0,0,2,a deflection retains energy by its incidence angle
unit/logic/test_damage_resolver_consequences.gd,test_destroying_the_matrix_hosting_part_ejects_it_demotes_and_disables,,9703,0,1,0,0,0,0,"a destroyed shell ejects its matrix, which survives as a field item"
unit/logic/test_damage_resolver_consequences.gd,test_eject_matrix_if_needed_is_a_no_op_for_a_part_that_hosts_none,,11060,0,0,0,0,0,0,"a destroyed shell ejects its matrix, which survives as a field item"
unit/logic/test_damage_resolver_consequences.gd,test_destroying_a_head_that_hosts_the_matrix_ejects_it,,10069,0,1,0,0,0,0,"a destroyed shell ejects its matrix, which survives as a field item"
unit/logic/test_damage_resolver_consequences.gd,test_destroying_an_arm_never_ejects_a_matrix,,9566,0,0,0,0,0,0,"a destroyed shell ejects its matrix, which survives as a field item"
unit/logic/test_damage_resolver_consequences.gd,test_a_torso_chewed_to_spinal_still_functions_it_only_stops_at_matrix_ejection,,9386,0,0,0,0,0,0,a part at zero HP still occupies space unless it was destroyed outright
unit/logic/test_damage_resolver_consequences.gd,test_a_mangling_part_stays_attached_and_flips_is_mangled,,11209,0,0,0,0,0,0,a part at zero HP still occupies space unless it was destroyed outright
unit/logic/test_damage_resolver_consequences.gd,test_a_disabled_part_stays_attached_and_flips_is_disabled,,9873,0,0,0,0,0,0,a part at zero HP still occupies space unless it was destroyed outright
unit/logic/test_damage_resolver_consequences.gd,test_a_broken_pistol_is_still_identifiably_a_pistol,,9684,0,0,0,0,0,0,a part at zero HP still occupies space unless it was destroyed outright
unit/logic/test_damage_resolver_consequences.gd,test_wreckage_yields_its_own_salvage,,11138,0,0,0,0,0,0,destroying a field object yields its salvage to the mission
unit/logic/test_damage_resolver_consequences.gd,test_a_mangling_parts_own_id_carries_no_salvage_the_wreckage_does,,9539,0,0,0,0,0,0,destroying a field object yields its salvage to the mission
unit/logic/test_damage_resolver_consequences.gd,test_mangle_residual_dt_is_exactly_a_quarter_of_the_resolved_value,,9393,0,0,0,0,0,0,every final stat goes through StatResolver
unit/logic/test_damage_resolver_deflect_modes.gd,test_slide_deflect_mode_resolves_an_adjacent_point_not_a_ricochet,,9672,0,0,0,0,0,2,"a deflect mode decides whether a hit bounces, slides or stops"
unit/logic/test_damage_resolver_deflect_modes.gd,test_none_deflect_mode_never_bounces_or_slides,,10670,0,0,0,0,0,2,"a deflect mode decides whether a hit bounces, slides or stops"
unit/logic/test_damage_resolver_deflect_modes.gd,test_slide_deflect_never_lands_back_on_the_shooters_own_excluded_body,,10322,0,0,0,0,0,2,"a deflect mode decides whether a hit bounces, slides or stops"
unit/logic/test_damage_resolver_spherecast.gd,test_a_point_stab_falls_through_the_gap_and_hits_nothing,,10046,0,0,0,0,0,1,a thrust's own width decides which gaps it can thread
unit/logic/test_damage_resolver_spherecast.gd,test_a_wide_stab_cannot_thread_the_same_gap,,9710,0,0,0,0,0,1,a thrust's own width decides which gaps it can thread
unit/logic/test_damage_resolver_spherecast.gd,test_a_narrow_stab_still_threads_the_same_gap,,11296,0,0,0,0,0,1,a thrust's own width decides which gaps it can thread
unit/logic/test_damage_source_of_truth.gd,test_weapon_resolver_is_the_only_reader_of_part_damage,,10424,0,0,0,0,0,0,"one mechanism, distinctly logged — no parallel systems"
unit/logic/test_damage_source_of_truth.gd,test_reference_weapons_still_carry_damage_on_the_part_not_an_ammo_ref,,10086,0,0,0,0,0,0,authored weapon data matches its table
unit/logic/test_damage_source_of_truth.gd,test_ammo_def_damage_is_authored_but_the_reference_pistol_has_none_chambered,,9590,0,0,0,0,0,0,authored weapon data matches its table
unit/logic/test_dartboard.gd,test_same_seed_produces_identical_impact_points,,10276,0,0,0,0,0,0,the same seed produces the same battle
unit/logic/test_dartboard.gd,test_works_with_one_two_three_or_five_rings,,11758,0,0,0,0,0,0,"a weapon has N scatter rings, whatever its data authors"
unit/logic/test_dartboard.gd,test_ring_weights_hold_over_many_samples,,11618,0,0,0,0,0,0,scatter lands in a ring at the weight its data authors
unit/logic/test_dartboard.gd,test_tight_inner_ring_sniper_hits_a_small_region_a_chaingun_cannot,,9729,0,0,0,0,0,0,scatter lands in a ring at the weight its data authors
unit/logic/test_dartboard.gd,test_spin_up_shrinks_a_ring_through_the_resolver_and_names_itself_in_sources,,9683,0,0,0,0,0,0,every final stat goes through StatResolver
unit/logic/test_dartboard.gd,test_a_spread_burst_varies_in_height_not_just_lateral_position,,10383,0,0,0,0,0,0,"scatter is two-dimensional, vertical as well as lateral"
unit/logic/test_dartboard.gd,test_vertical_spread_reaches_the_same_ring_radius_as_lateral_spread,,13015,0,0,0,0,0,0,"scatter is two-dimensional, vertical as well as lateral"
unit/logic/test_dartboard.gd,test_a_single_projectile_still_lands_within_the_ring_in_both_axes,,10456,0,0,0,0,0,0,"scatter is two-dimensional, vertical as well as lateral"
unit/logic/test_dartboard.gd,test_same_seed_produces_identical_3d_scatter,,10371,0,0,0,0,0,0,the same seed produces the same battle
unit/logic/test_dartboard_texture.gd,test_center_pixel_is_the_aiming_dot_at_full_opacity,,12030,0,0,0,0,0,0,the drawn dartboard renders the same rings the weapon fires
unit/logic/test_dartboard_texture.gd,test_pixel_beyond_the_outer_ring_is_fully_transparent,,11607,0,0,0,0,0,0,the drawn dartboard renders the same rings the weapon fires
unit/logic/test_dartboard_texture.gd,test_the_majority_ring_renders_more_opaque_than_a_lighter_one,,20119,0,0,0,0,0,0,the drawn dartboard renders the same rings the weapon fires
unit/logic/test_dartboard_texture.gd,test_adjacent_equal_weight_rings_still_show_a_crisp_boundary,,20260,0,0,0,0,0,0,the drawn dartboard renders the same rings the weapon fires
unit/logic/test_dartboard_texture.gd,test_empty_rings_produces_a_fully_transparent_image,,9651,0,0,0,0,0,0,"a degenerate input yields an empty result, never an error"
unit/logic/test_dartboard_texture.gd,test_the_output_size_matches_the_requested_size,,10256,0,0,0,0,0,0,the drawn dartboard renders the same rings the weapon fires
unit/logic/test_dartboard_texture.gd,test_a_one_ring_weapon_draws_exactly_one_band,,18598,0,0,0,0,0,0,"a weapon has N scatter rings, whatever its data authors"
unit/logic/test_dartboard_texture.gd,test_a_five_ring_weapon_draws_exactly_five_bands,,22411,0,0,0,0,0,0,"a weapon has N scatter rings, whatever its data authors"
unit/logic/test_dartboard_texture.gd,test_output_is_byte_identical_for_rings_scaled_by_a_uniform_factor,,28570,0,0,0,0,0,0,a build is reproducible from the same inputs
unit/logic/test_dartboard_texture.gd,test_a_bound_beyond_the_rings_draws_a_visible_ring_there,,16148,0,0,0,0,0,0,the drawn reticle and the fired shot come from the same call
unit/logic/test_dartboard_texture.gd,test_no_bound_ring_drawn_when_bound_radius_is_within_the_weighted_rings,,39816,0,0,0,0,0,0,the drawn reticle and the fired shot come from the same call
unit/logic/test_dartboard_texture.gd,test_output_with_a_bound_is_still_byte_identical_under_a_uniform_rescale,,24039,0,0,0,0,0,0,a build is reproducible from the same inputs
unit/logic/test_dartboard_texture.gd,test_build_solid_dot_is_fully_opaque_inside_and_transparent_outside,,9619,0,0,0,0,0,0,the drawn dartboard renders the same rings the weapon fires
unit/logic/test_data_library.gd,test_a_builtin_part_loads,,10460,0,0,0,0,0,0,user data overrides builtin data by id
unit/logic/test_data_library.gd,test_a_user_file_with_the_same_id_overrides_the_builtin,,10370,0,0,0,0,0,0,user data overrides builtin data by id
unit/logic/test_data_library.gd,test_a_user_only_id_loads,,11718,0,0,0,0,0,0,user data overrides builtin data by id
unit/logic/test_data_library.gd,test_an_invalid_file_is_rejected_by_name_not_silently_dropped,,10471,0,0,0,0,0,0,"a misconfiguration is rejected, not silently absorbed"
unit/logic/test_data_library.gd,test_an_unknown_id_returns_null_not_a_crash,,10757,0,0,0,0,0,0,an open-vocabulary id is checked against the real vocabulary
unit/logic/test_data_library.gd,test_parts_pool_returns_every_loaded_part,,11114,0,0,0,0,0,0,user data overrides builtin data by id
unit/logic/test_data_library.gd,test_material_table_aggregates_every_loaded_material,,10154,0,0,0,0,0,0,user data overrides builtin data by id
unit/logic/test_data_library.gd,test_resources_of_type_returns_every_loaded_definition_of_that_type,,10414,0,0,0,0,0,0,user data overrides builtin data by id
unit/logic/test_data_library.gd,test_resources_of_type_returns_fresh_duplicates,,11302,0,0,0,0,0,0,"a data read hands back a copy, never the cached resource"
unit/logic/test_data_library.gd,test_source_of_reports_builtin_and_user_and_override_correctly,,10838,0,0,0,0,0,0,user data overrides builtin data by id
unit/logic/test_data_library.gd,test_source_of_an_overridden_id_reports_user,,10436,0,0,0,0,0,0,user data overrides builtin data by id
unit/logic/test_data_library.gd,test_save_writes_a_valid_tres_to_the_user_root,,11883,0,0,0,0,0,0,data round-trips through save and load
unit/logic/test_data_library.gd,test_save_rejects_an_invalid_resource_without_writing_a_file,,10083,0,0,0,0,0,0,"a misconfiguration is rejected, not silently absorbed"
unit/logic/test_data_library.gd,test_an_exported_remap_entry_resolves_to_its_authored_name,,9286,0,0,0,0,0,0,an exported build's remapped paths resolve to the same authored ids
unit/logic/test_data_library.gd,test_an_ordinary_editor_entry_is_unchanged,,11101,0,0,0,0,0,0,an exported build's remapped paths resolve to the same authored ids
unit/logic/test_data_library.gd,test_both_exported_forms_of_one_resource_agree_on_the_authored_name,,9511,0,0,0,0,0,0,an exported build's remapped paths resolve to the same authored ids
unit/logic/test_data_library.gd,test_non_resource_entries_are_ignored,,9536,0,0,0,0,0,0,an exported build's remapped paths resolve to the same authored ids
unit/logic/test_data_migration_losslessness.gd,test_every_expected_part_id_is_present_exactly_once,,28614,0,0,0,0,0,0,a data migration loses nothing against its pre-migration snapshot
unit/logic/test_data_migration_losslessness.gd,test_every_part_matches_its_pre_migration_snapshot,,20440,0,0,0,0,0,0,a data migration loses nothing against its pre-migration snapshot
unit/logic/test_data_migration_losslessness.gd,test_every_expected_material_id_is_present_exactly_once,,10086,0,0,0,0,0,0,a data migration loses nothing against its pre-migration snapshot
unit/logic/test_data_migration_losslessness.gd,test_every_material_matches_its_pre_migration_snapshot,,9879,0,0,0,0,0,0,a data migration loses nothing against its pre-migration snapshot
unit/logic/test_data_validator.gd,test_a_valid_part_produces_no_errors,,9564,0,0,0,0,0,0,"a misconfiguration is rejected, not silently absorbed"
unit/logic/test_data_validator.gd,test_a_bad_failure_mode_produces_a_named_error,,9459,0,0,0,0,0,0,"a refusal says why, by name"
unit/logic/test_data_validator.gd,test_a_valid_ammo_row_produces_no_errors,,10397,0,0,0,0,0,0,"a misconfiguration is rejected, not silently absorbed"
unit/logic/test_data_validator.gd,test_a_bad_stack_type_produces_a_named_error_with_the_rows_id,,9581,0,0,0,0,0,0,"a refusal says why, by name"
unit/logic/test_data_validator.gd,test_a_dt_curve_out_of_order_is_caught,,9352,0,0,0,0,0,0,"a misconfiguration is rejected, not silently absorbed"
unit/logic/test_data_validator.gd,test_an_ascending_dt_curve_produces_no_errors,,10575,0,0,0,0,0,0,"a misconfiguration is rejected, not silently absorbed"
unit/logic/test_death_mid_turn.gd,test_killing_the_selected_unit_clears_the_selection,,22414,0,1,0,0,0,0,death clears everything keyed to the unit that died
unit/logic/test_death_mid_turn.gd,test_the_dead_units_queued_plan_does_not_survive_it,,36632,0,1,0,1,0,0,death clears everything keyed to the unit that died
unit/logic/test_death_mid_turn.gd,test_the_selection_invalidates_without_being_notified,,22786,0,0,0,0,0,0,death clears everything keyed to the unit that died
unit/logic/test_death_mid_turn.gd,test_another_units_death_leaves_the_selection_alone,,22593,0,0,0,0,0,0,death clears everything keyed to the unit that died
unit/logic/test_death_mid_turn.gd,test_killing_the_current_unit_ends_its_turn,,21791,0,1,0,0,0,0,death ends the turn of the unit that died
unit/logic/test_death_mid_turn.gd,test_a_death_during_resolution_does_not_advance_the_turn_underneath_it,,23596,0,0,0,0,0,0,RESOLUTION owns every mutation and its own ordering
unit/logic/test_death_mid_turn.gd,test_a_dead_unit_selects_as_a_wreck_not_as_a_unit,,23021,0,1,0,0,0,0,"a corpse is selectable as a wreck, never as a unit"
unit/logic/test_death_mid_turn.gd,test_a_wreck_cannot_be_given_orders,,23230,0,1,0,0,0,0,"a corpse is selectable as a wreck, never as a unit"
unit/logic/test_death_mid_turn.gd,test_a_wreck_can_be_inspected,,22905,0,1,0,0,0,0,"a corpse is selectable as a wreck, never as a unit"
unit/logic/test_death_mid_turn.gd,test_both_click_shapes_resolve_a_corpse_to_its_wreck,,22330,0,1,0,0,0,0,"a corpse is selectable as a wreck, never as a unit"
unit/logic/test_death_mid_turn.gd,test_a_living_unit_still_selects_as_a_unit,,22172,0,0,0,0,0,0,"a corpse is selectable as a wreck, never as a unit"
unit/logic/test_deep_strike.gd,test_assemble_random_hosts_the_matrix_on_the_root_part,,30277,0,0,0,0,0,0,a matrix docks only into a free MATRIX socket
unit/logic/test_deep_strike.gd,test_assemble_random_is_deterministic_from_the_same_seed,,14595,0,0,0,0,0,0,the same seed produces the same world
unit/logic/test_deep_strike.gd,test_validate_assembly_passes_a_normal_random_cyborg,,14554,0,0,0,0,0,0,"an assembly builds from a template and a loadout, or fails by name"
unit/logic/test_deep_strike.gd,test_validate_assembly_catches_a_mass_violation,,13874,0,0,0,0,0,0,"a misconfiguration is rejected, not silently absorbed"
unit/logic/test_deep_strike.gd,test_is_armed_true_when_a_weapon_has_its_required_manipulators,,11146,0,0,0,0,0,0,an action requires a part that provides it
unit/logic/test_deep_strike.gd,test_is_armed_false_with_no_weapon_at_all,,9543,0,0,0,0,0,0,an action requires a part that provides it
unit/logic/test_deep_strike.gd,test_is_armed_false_when_the_weapon_has_no_capable_manipulator,,9446,0,0,0,0,0,0,an action requires a part that provides it
unit/logic/test_deep_strike.gd,test_a_burst_into_a_deep_struck_cyborg_can_hit_a_limb_not_just_the_root,,17753,0,0,0,0,0,0,"a hit resolves spatially against the shot plane, never a facing table"
unit/logic/test_deep_strike.gd,test_leg_cladding_cannot_attach_to_a_heads_cladding_socket,,13960,0,0,0,0,0,0,an action refuses an illegal socket attachment
unit/logic/test_deep_strike.gd,test_a_keyed_cladding_part_attaches_only_to_its_own_kind,,22740,0,0,0,0,0,0,an action refuses an illegal socket attachment
unit/logic/test_deep_strike.gd,test_any_plate_attaches_to_any_armor_socket,,73512,0,0,0,0,0,0,an action refuses an illegal socket attachment
unit/logic/test_deep_strike.gd,test_fuzz_many_random_cyborgs_never_crash_and_always_validate,,437196,0,0,0,0,0,0,"an assembly builds from a template and a loadout, or fails by name"
unit/logic/test_deflect_resistance_scales_with_penetration.gd,test_bonus_pen_converts_an_oblique_deflect_into_a_stop_dead,,11117,0,0,0,0,0,0,penetration decides whether a hit passes through or deflects
unit/logic/test_deflect_resistance_scales_with_penetration.gd,test_enough_bonus_pen_closes_the_deflect_door_at_the_most_grazing_angle,,12018,0,0,0,0,0,0,penetration decides whether a hit passes through or deflects
unit/logic/test_deflect_resistance_scales_with_penetration.gd,test_zero_bonus_pen_leaves_the_original_fixed_threshold_unchanged,,12207,0,0,0,0,0,0,penetration decides whether a hit passes through or deflects
unit/logic/test_deflect_resistance_scales_with_penetration.gd,test_negative_bonus_pen_narrows_the_stop_dead_window,,12274,0,0,0,0,0,0,penetration decides whether a hit passes through or deflects
unit/logic/test_deflect_resistance_scales_with_penetration.gd,test_the_deflect_threshold_bonus_pen_scale_is_a_real_table_tunable,,10660,0,0,0,0,0,0,"a balance number is a data tunable, not a literal in code"
unit/logic/test_description_builder.gd,test_render_marks_only_changed_values,,10290,0,0,0,0,0,0,a tooltip names which sources changed a stat and how
unit/logic/test_description_builder.gd,test_render_appends_a_new_effect_line_from_ammo,,11667,0,0,0,0,0,0,a tooltip names which sources changed a stat and how
unit/logic/test_description_builder.gd,test_drill_down_lists_each_source_with_its_operation,,9804,0,0,0,0,0,0,a tooltip names which sources changed a stat and how
unit/logic/test_description_builder.gd,test_drill_down_is_empty_for_an_unmodified_stat,,9616,0,0,0,0,0,0,a tooltip names which sources changed a stat and how
unit/logic/test_detonation_draw.gd,test_the_timing_matches_the_specified_ratio,,9589,0,0,0,0,0,0,whatever is drawn comes from the same computation the resolver used
unit/logic/test_detonation_draw.gd,test_the_sphere_is_translucent_and_red,,9603,0,0,0,0,0,0,whatever is drawn comes from the same computation the resolver used
unit/logic/test_detonation_draw.gd,test_a_detonation_logs_its_centre_and_its_real_radius,,36557,0,0,0,0,0,0,whatever is drawn comes from the same computation the resolver used
unit/logic/test_detonation_draw.gd,test_zeroing_a_barrels_hp_detonates_it,,14448,0,0,0,0,0,0,"a destroyed part runs its own failure mode, however it was destroyed"
unit/logic/test_detonation_draw.gd,test_setting_a_barrel_above_zero_does_not_detonate_it,,11257,0,0,0,0,0,0,"a destroyed part runs its own failure mode, however it was destroyed"
unit/logic/test_detonation_draw.gd,test_a_barrel_detonates_its_neighbour_exactly_once,,10588,0,0,0,0,0,0,a chain reaction resolves in waves and never re-explodes a part
unit/logic/test_detonation_draw.gd,test_two_barrels_in_range_of_each_other_do_not_loop,,9941,0,0,0,0,0,0,a chain reaction resolves in waves and never re-explodes a part
unit/logic/test_detonation_draw.gd,test_a_part_on_a_unit_detonates_at_its_own_position,,21773,0,0,0,0,0,0,whatever is drawn comes from the same computation the resolver used
unit/logic/test_editor_controller.gd,test_placing_appends_in_authored_order_and_reads_back_at_its_cell,,10785,0,0,0,0,0,0,
unit/logic/test_editor_controller.gd,test_an_illegal_placement_is_still_placed_and_only_warned_about,,11149,0,0,0,0,0,0,
unit/logic/test_editor_controller.gd,test_remove_top_takes_the_last_thing_authored_at_that_cell_only,,12204,0,0,0,0,0,0,
unit/logic/test_editor_controller.gd,test_clearing_a_cell_removes_everything_on_it,,11820,0,0,0,0,0,0,
unit/logic/test_editor_controller.gd,test_height_and_facing_apply_to_the_top_surface_and_refuse_without_one,,11585,0,0,0,0,0,0,
unit/logic/test_editor_controller.gd,test_a_spawn_marker_of_none_clears_rather_than_records,,10084,0,0,0,0,0,0,
unit/logic/test_editor_controller.gd,test_claims_are_added_resized_retyped_and_removed_by_index,,10767,0,0,0,0,0,0,
unit/logic/test_editor_controller.gd,test_declaring_an_edge_twice_on_one_side_replaces_rather_than_stacks,,10919,0,0,0,0,0,0,
unit/logic/test_editor_controller.gd,test_a_cell_chance_replaces_its_own_kind_and_leaves_the_other,,11199,0,0,0,0,0,0,
unit/logic/test_editor_controller.gd,test_the_declaration_fields_are_discovered_from_the_section_format_itself,,10141,0,0,0,0,0,0,
unit/logic/test_editor_controller.gd,test_an_unknown_section_field_is_refused_rather_than_written_into_the_void,,10490,0,0,0,0,0,0,
unit/logic/test_editor_controller.gd,test_an_unset_section_field_reads_the_formats_own_default,,10615,0,0,0,0,0,0,
unit/logic/test_editor_controller.gd,test_undo_restores_the_prior_state_exactly,,12649,0,0,0,0,0,0,
unit/logic/test_editor_controller.gd,test_undoing_a_claim_resize_restores_the_box_it_had,,11623,0,0,0,0,0,0,
unit/logic/test_editor_controller.gd,test_undo_walks_back_several_steps_and_then_refuses,,11388,0,0,0,0,0,0,
unit/logic/test_editor_controller.gd,test_loading_clears_the_undo_stack,,12478,0,0,0,0,0,0,
unit/logic/test_editor_controller.gd,test_a_map_round_trips_through_disk_unchanged,,12264,0,0,0,0,0,0,
unit/logic/test_editor_controller.gd,test_a_section_round_trips_through_disk_with_its_whole_vocabulary,,13354,0,0,0,0,0,0,
unit/logic/test_editor_controller.gd,test_a_saved_map_loads_back_as_a_map_file_the_serializer_accepts,,13305,0,0,0,0,0,0,
unit/logic/test_editor_controller.gd,test_loading_a_null_resource_refuses_rather_than_wiping_the_model,,12361,0,0,0,0,0,0,
unit/logic/test_editor_controller.gd,test_the_model_becomes_a_board_through_the_ordinary_serializer,,13454,0,0,0,0,0,0,
unit/logic/test_editor_controller.gd,test_a_board_that_fails_navigability_still_loads_and_is_reported,,17544,0,0,0,0,0,0,
unit/logic/test_editor_controller.gd,test_a_navigable_board_reports_nothing,,13934,0,0,0,0,0,0,
unit/logic/test_editor_controller.gd,test_the_target_decides_which_formats_opinion_is_reported,,10522,0,0,0,0,0,0,
unit/logic/test_editor_controller.gd,test_a_placement_outside_the_board_is_named,,10425,0,0,0,0,0,0,
unit/logic/test_editor_controller.gd,test_a_placement_naming_a_part_nobody_has_is_named,,10665,0,0,0,0,0,0,
unit/logic/test_editor_controller.gd,test_a_board_with_no_size_says_so_rather_than_listing_every_placement,,10866,0,0,0,0,0,0,
unit/logic/test_editor_controller.gd,test_a_section_edge_nothing_could_satisfy_is_reported,,13892,0,0,0,0,0,0,
unit/logic/test_editor_controller.gd,test_a_clean_map_has_nothing_to_say,,15845,0,0,0,0,0,0,
unit/logic/test_editor_controller.gd,test_a_second_blocker_on_one_cell_is_refused_and_says_why,,11673,0,0,0,0,0,0,
unit/logic/test_editor_controller.gd,test_a_refused_placement_does_not_consume_an_undo_step,,10112,0,0,0,0,0,0,
unit/logic/test_editor_controller.gd,test_a_second_surface_on_one_cell_is_still_placed_and_still_only_warned,,11292,0,0,0,0,0,0,
unit/logic/test_editor_controller.gd,test_the_render_survives_a_model_it_cannot_fully_draw,,10995,0,0,0,0,0,0,
unit/logic/test_editor_tools.gd,test_ten_tools_became_seven,,11718,0,0,0,0,0,0,
unit/logic/test_editor_tools.gd,test_the_retired_verbs_are_gone_from_the_vocabulary,,10208,0,0,0,0,0,0,
unit/logic/test_editor_tools.gd,test_every_verb_that_folded_into_place_map_thing_is_reachable_as_one,,10442,0,0,0,0,0,0,
unit/logic/test_editor_tools.gd,test_place_terrain_derives_the_kind_from_the_part,,10699,0,0,0,0,0,0,
unit/logic/test_editor_tools.gd,test_the_other_place_tools_carry_their_own_kind,,10827,0,0,0,0,0,0,
unit/logic/test_editor_tools.gd,test_the_place_tools_partition_the_pool,,20625,0,0,0,0,0,0,
unit/logic/test_editor_tools.gd,test_a_tool_that_places_nothing_offers_nothing,,11730,0,0,0,0,0,0,
unit/logic/test_engine_error_tap.gd,test_a_diagnostic_lands_in_the_stream_ordered_against_surrounding_events,,9927,0,0,0,0,0,0,an engine diagnostic joins the combat log stream in order
unit/logic/test_engine_error_tap.gd,test_every_logger_error_type_maps_to_its_own_severity,,9498,0,0,0,0,0,0,an engine diagnostic joins the combat log stream in order
unit/logic/test_engine_error_tap.gd,test_text_prefers_the_rationale_but_data_keeps_both_halves,,9288,0,0,0,0,0,0,a diagnostic's data form and its prose carry the same facts
unit/logic/test_engine_error_tap.gd,test_a_diagnostic_is_stamped_with_the_watched_battles_turn_and_phase,,31897,0,0,0,0,0,0,an engine diagnostic joins the combat log stream in order
unit/logic/test_engine_error_tap.gd,test_with_no_state_it_still_logs_just_without_the_stamping,,10739,0,0,0,0,0,0,"a degenerate input yields an empty result, never an error"
unit/logic/test_engine_error_tap.gd,test_a_sink_can_decline_diagnostics_while_still_taking_combat_events,,9754,0,0,0,0,0,0,the combat log dispatches every event to every attached sink
unit/logic/test_engine_error_tap.gd,test_memory_file_and_stdout_sinks_all_carry_diagnostics_without_special_casing,,9685,0,0,0,0,0,0,the combat log dispatches every event to every attached sink
unit/logic/test_engine_error_tap.gd,test_an_error_raised_while_emitting_does_not_recurse,,10667,0,0,0,0,0,0,an error raised inside the logger never recurses
unit/logic/test_engine_error_tap.gd,test_a_real_push_error_is_captured_once_installed_and_never_after_removal,,9763,0,0,0,0,0,0,an engine diagnostic joins the combat log stream in order
unit/logic/test_every_firing_path_announces_itself.gd,test_no_unlisted_file_reaches_a_shot_resolver,,314865,0,0,0,0,0,0,
unit/logic/test_every_firing_path_announces_itself.gd,test_every_listed_path_builds_an_announcement,,9705,0,0,0,0,0,0,
unit/logic/test_every_firing_path_announces_itself.gd,test_a_shot_that_strikes_nothing_still_announces,,14500,0,0,0,0,0,0,
unit/logic/test_every_firing_path_announces_itself.gd,test_one_pull_throwing_many_projectiles_announces_once,,14841,0,0,0,0,0,0,
unit/logic/test_every_firing_path_announces_itself.gd,test_the_announcement_carries_origin_direction_facing_and_weapon,,14631,0,0,0,0,0,0,
unit/logic/test_every_firing_path_announces_itself.gd,test_the_announcement_reports_the_angle_between_facing_and_travel,,9890,0,0,0,0,0,0,
unit/logic/test_every_firing_path_announces_itself.gd,test_the_vocabulary_is_neutral_and_the_method_is_data,,12996,0,0,0,0,0,0,
unit/logic/test_every_firing_path_announces_itself.gd,test_a_previewed_shot_announces_nothing,,13885,0,0,0,0,0,0,
unit/logic/test_every_firing_path_announces_itself.gd,test_a_real_attack_action_announces_once_facing_where_it_ends_up_pointed,,18291,0,0,0,0,0,1,
unit/logic/test_every_firing_path_announces_itself.gd,test_a_real_burst_action_announces_once_per_pull,,20518,0,0,0,0,0,1,
unit/logic/test_every_firing_path_announces_itself.gd,test_a_real_stab_action_announces_a_thrust,,18726,0,0,0,0,0,1,
unit/logic/test_face_placement.gd,test_a_top_face_places_above_and_a_side_face_places_beside,,11628,0,0,0,0,0,0,
unit/logic/test_face_placement.gd,test_each_side_face_steps_into_its_own_neighbour,,12311,0,0,0,0,0,0,
unit/logic/test_face_placement.gd,test_a_bottom_face_places_under_what_was_clicked,,12383,0,0,0,0,0,0,
unit/logic/test_face_placement.gd,test_a_diagonal_normal_resolves_to_one_orthogonal_step,,10713,0,0,0,0,0,0,
unit/logic/test_face_placement.gd,test_no_struck_face_falls_back_to_the_authored_height,,10625,0,0,0,0,0,0,
unit/logic/test_face_placement.gd,test_an_empty_cell_reports_a_span_at_the_ground,,10749,0,0,0,0,0,0,
unit/logic/test_face_placement.gd,test_the_span_covers_every_placement_at_the_cell,,10975,0,0,0,0,0,0,
unit/logic/test_field_objects.gd,test_no_field_objects_factory_file_remains,,10781,0,0,0,0,0,0,content is an open StringName vocabulary a designer can extend without code
unit/logic/test_field_objects.gd,test_scrap_pile_has_real_geometry_material_and_salvage,,10529,0,0,0,0,0,0,an authored preset's content matches what it claims to be
unit/logic/test_field_objects.gd,test_goo_barrel_is_volatile_and_detonates,,10684,0,0,0,0,0,0,a volatile part detonates on destruction and hits only what is in radius
unit/logic/test_field_objects.gd,test_goo_barrel_can_attach_to_a_barrel_slot,,12273,0,0,0,0,0,0,an action refuses an illegal socket attachment
unit/logic/test_field_objects.gd,test_crate_has_real_geometry_material_and_salvage,,12492,0,0,0,0,0,0,an authored preset's content matches what it claims to be
unit/logic/test_field_objects.gd,test_every_starter_field_object_is_destructible_by_default,,12265,0,0,0,0,0,0,an unstated authored field takes its default
unit/logic/test_field_objects.gd,test_pillar_exists_and_masks_torso_height,,10252,0,0,0,0,0,0,cover between muzzle and target stops the shot
unit/logic/test_field_objects.gd,test_forklift_exists_hosts_no_matrix_and_carries_a_power_socket,,10669,0,0,0,0,0,0,an authored preset's content matches what it claims to be
unit/logic/test_field_objects.gd,test_barrel_pallet_exists_with_four_empty_barrel_slots,,17962,0,0,0,0,0,0,an authored preset's content matches what it claims to be
unit/logic/test_field_objects.gd,test_a_goo_barrel_can_actually_attach_into_a_barrel_pallet_slot,,10452,0,0,0,0,0,0,an action refuses an illegal socket attachment
unit/logic/test_field_objects.gd,test_an_attached_barrel_projects_into_the_shot_plane_as_its_own_hittable_region,,11478,0,0,0,0,0,1,a part's socket transform decides where it projects in the shot plane
unit/logic/test_file_sink.gd,test_uisink_and_filesink_receive_an_equal_line_count_event_for_event,,10245,0,0,0,0,0,0,the combat log dispatches every event to every attached sink
unit/logic/test_file_sink.gd,test_removing_one_sink_does_not_change_what_the_other_receives,,11930,0,0,0,0,0,0,the combat log dispatches every event to every attached sink
unit/logic/test_file_sink.gd,test_removing_the_other_sink_does_not_change_what_filesink_receives,,10562,0,0,0,0,0,0,the combat log dispatches every event to every attached sink
unit/logic/test_file_sink.gd,test_a_second_sink_on_one_path_neither_truncates_nor_corrupts_the_log,,10144,0,0,0,0,0,0,a value round-trips through the file it is written to
unit/logic/test_file_sink.gd,test_a_new_sink_appends_to_an_existing_log_rather_than_replacing_it,,10042,0,0,0,0,0,0,a value round-trips through the file it is written to
unit/logic/test_file_sink.gd,test_a_new_session_archives_the_previous_log_and_starts_clean,,11968,0,0,0,0,0,0,a value round-trips through the file it is written to
unit/logic/test_file_sink.gd,test_a_second_sink_within_one_session_still_appends_and_does_not_rotate,,10488,0,0,0,0,0,0,a value round-trips through the file it is written to
unit/logic/test_file_sink.gd,test_an_empty_previous_log_is_not_archived,,11507,0,0,0,0,0,0,a value round-trips through the file it is written to
unit/logic/test_fps_meter.gd,test_instantaneous_is_the_last_frames_own_rate,,14762,0,0,0,0,0,0,the frame-rate readout is a real rate over a time-bounded window
unit/logic/test_fps_meter.gd,test_the_average_is_a_real_frame_rate_not_a_mean_of_rates,,12942,0,0,0,0,0,0,the frame-rate readout is a real rate over a time-bounded window
unit/logic/test_fps_meter.gd,test_samples_older_than_the_window_fall_out,,8727,0,0,0,0,0,0,the frame-rate readout is a real rate over a time-bounded window
unit/logic/test_fps_meter.gd,test_the_window_is_time_bounded_at_wildly_different_frame_rates,,11291,0,0,0,0,0,0,the frame-rate readout is a real rate over a time-bounded window
unit/logic/test_fps_meter.gd,test_a_zero_or_negative_delta_is_dropped_not_clamped,,9845,0,0,0,0,0,0,"a degenerate input yields an empty result, never an error"
unit/logic/test_fps_meter.gd,test_a_meter_with_no_samples_reports_zero_rather_than_dividing_by_zero,,9443,0,0,0,0,0,0,"a degenerate input yields an empty result, never an error"
unit/logic/test_fps_meter.gd,test_the_readout_always_shows_both_numbers,,10837,0,0,0,0,0,0,a diagnostic's data form and its prose carry the same facts
unit/logic/test_fps_meter.gd,test_reset_clears_the_window,,9706,0,0,0,0,0,0,the frame-rate readout is a real rate over a time-bounded window
unit/logic/test_generated_board_sight_sweep.gd,test_close_range_sight_on_a_generated_board,,10856915,0,0,0,2,0,0,
unit/logic/test_generated_board_sight_sweep.gd,test_one_cell_blindness_splits_orthogonal_from_diagonal,,2169640,0,0,0,0,0,0,
unit/logic/test_generated_board_sight_sweep.gd,test_the_sight_predicate_and_the_ray_march_agree_on_this_board,,18915551,0,0,0,0,0,0,
unit/logic/test_generation_heights.gd,test_a_tall_shelf_is_generated_somewhere_in_a_seed_sweep,,9826554,0,0,0,60,0,0,
unit/logic/test_generation_heights.gd,test_every_generated_tall_shelf_is_reachable,,969488,0,0,0,0,0,0,
unit/logic/test_generation_heights.gd,test_no_generated_wall_is_shorter_than_the_floor_beside_it,,91181,0,0,0,0,0,0,
unit/logic/test_generation_heights.gd,test_spanning_a_level_change_is_the_exception_and_still_happens,,19885,0,0,0,0,0,0,
unit/logic/test_generation_heights.gd,test_a_ladder_carries_a_drop_too_tall_to_hop,,15131,0,0,0,0,0,0,
unit/logic/test_generation_heights.gd,test_a_short_drop_still_costs_a_hop_and_needs_no_ladder,,13605,0,0,0,0,0,0,
unit/logic/test_gizmo.gd,test_a_drag_along_the_axis_converts_pixels_to_world_units,,12949,0,0,0,0,0,0,
unit/logic/test_gizmo.gd,test_movement_perpendicular_to_the_axis_moves_nothing,,12200,0,0,0,0,0,0,
unit/logic/test_gizmo.gd,test_dragging_the_up_arrow_thirty_pixels_produces_zero_point_three,,11887,0,0,0,0,0,0,
unit/logic/test_gizmo.gd,test_every_value_a_drag_produces_lands_on_the_grid,,12343,0,0,0,0,0,0,
unit/logic/test_gizmo.gd,test_a_value_that_started_off_grid_is_snapped_onto_it,,12609,0,0,0,0,0,0,
unit/logic/test_gizmo.gd,test_an_axis_pointing_at_the_camera_moves_nothing,,11721,0,0,0,0,0,0,
unit/logic/test_gizmo.gd,test_a_drag_is_measured_from_its_own_start_not_from_the_last_frame,,13284,0,0,0,0,0,0,
unit/logic/test_gizmo.gd,test_polling_the_value_while_nothing_is_dragged_returns_the_start_value,,11902,0,0,0,0,0,0,
unit/logic/test_gizmo.gd,test_a_second_click_on_the_same_claim_swaps_to_the_resize_handles,,13033,0,0,0,0,0,0,
unit/logic/test_gizmo.gd,test_clicking_a_different_claim_starts_that_one_at_translate,,12139,0,0,0,0,0,0,
unit/logic/test_gizmo.gd,test_a_click_on_nothing_clears_the_gizmo,,11824,0,0,0,0,0,0,
unit/logic/test_gizmo.gd,test_a_placement_always_arrives_at_the_translate_arrows,,11608,0,0,0,0,0,0,
unit/logic/test_gizmo.gd,test_focusing_something_else_cancels_a_drag_in_progress,,13188,0,0,0,0,0,0,
unit/logic/test_gizmo.gd,test_the_gizmo_holds_no_selection_of_its_own,,11882,0,0,0,0,0,0,
unit/logic/test_gizmo.gd,test_a_ray_along_an_arm_hits_that_arms_handle,,13107,0,0,0,0,0,0,
unit/logic/test_gizmo.gd,test_a_ray_into_empty_space_hits_no_handle,,11934,0,0,0,0,0,0,
unit/logic/test_gizmo.gd,test_the_resize_set_offers_one_handle_per_face,,12876,0,0,0,0,0,0,
unit/logic/test_gizmo.gd,test_resizing_moves_the_dragged_face_and_leaves_the_opposite_one,,12253,0,0,0,0,0,0,
unit/logic/test_gizmo.gd,test_dragging_the_negative_face_grows_the_box_downward,,11725,0,0,0,0,0,0,
unit/logic/test_gizmo.gd,test_a_resize_that_would_collapse_the_volume_is_refused,,12163,0,0,0,0,0,0,
unit/logic/test_gizmo.gd,test_a_resized_extent_lands_on_the_grid,,14052,0,0,0,0,0,0,
unit/logic/test_gizmo.gd,test_translating_moves_the_box_without_resizing_it,,11780,0,0,0,0,0,0,
unit/logic/test_gizmo_grow.gd,test_a_z_drag_on_an_x_face_grows_both_ways_and_does_not_move_it,,13049,0,0,0,0,0,0,
unit/logic/test_gizmo_grow.gd,test_a_y_drag_on_a_top_face_moves_that_face_alone,,12029,0,0,0,0,0,0,
unit/logic/test_gizmo_grow.gd,test_a_top_face_mirrors_the_two_grid_axes,,11746,0,0,0,0,0,0,
unit/logic/test_gizmo_grow.gd,test_the_negative_face_grows_outward_too,,12905,0,0,0,0,0,0,
unit/logic/test_gizmo_grow.gd,test_every_authored_size_is_snapped,,12209,0,0,0,0,0,0,
unit/logic/test_gizmo_grow.gd,test_a_drag_that_would_collapse_the_axis_is_refused,,11826,0,0,0,0,0,0,
unit/logic/test_gizmo_grow.gd,test_no_struck_face_mirrors,,13200,0,0,0,0,0,0,
unit/logic/test_gizmo_grow.gd,test_a_normal_names_the_axis_it_points_along,,11929,0,0,0,0,0,0,
unit/logic/test_grid.gd,test_in_bounds,,11701,0,0,0,0,0,0,"the grid answers bounds, neighbours and distance consistently"
unit/logic/test_grid.gd,test_default_cell_values,,13182,0,0,0,0,0,0,an unstated authored field takes its default
unit/logic/test_grid.gd,test_set_get_cell_data_roundtrip,,12114,0,0,0,0,0,0,"the grid answers bounds, neighbours and distance consistently"
unit/logic/test_grid.gd,test_surfaces_at_defaults_empty,,12646,0,0,0,0,0,0,"a degenerate input yields an empty result, never an error"
unit/logic/test_grid.gd,test_add_surface_appends_in_order,,12659,0,0,0,0,0,0,a list built from data comes out in a stable order
unit/logic/test_grid.gd,test_dup_copies_surfaces_independently,,12073,0,0,0,0,0,0,a preview copy carries the state it must and none of the state it must not
unit/logic/test_grid.gd,test_neighbors_center_cell_has_eight,,13117,0,0,0,0,0,0,"the grid answers bounds, neighbours and distance consistently"
unit/logic/test_grid.gd,test_neighbors_corner_cell_excludes_out_of_bounds,,11917,0,0,0,0,0,0,"the grid answers bounds, neighbours and distance consistently"
unit/logic/test_grid.gd,test_distance_chebyshev,,11654,0,0,0,0,0,0,"the grid answers bounds, neighbours and distance consistently"
unit/logic/test_grid.gd,test_distance_manhattan,,12840,0,0,0,0,0,0,"the grid answers bounds, neighbours and distance consistently"
unit/logic/test_grid.gd,test_line_handles_the_same_cell_horizontal_and_vertical_cases,,12335,0,0,0,0,0,0,a grid line is symmetric and includes both bordering cells on a diagonal
unit/logic/test_grid.gd,test_line_exact_diagonal_includes_both_bordering_cells,,12532,0,0,0,0,0,0,a grid line is symmetric and includes both bordering cells on a diagonal
unit/logic/test_grid.gd,test_line_endpoints_are_first_and_last,,12617,0,0,0,0,0,0,a grid line is symmetric and includes both bordering cells on a diagonal
unit/logic/test_grid.gd,test_line_is_symmetric,,11972,0,0,0,0,0,0,a grid line is symmetric and includes both bordering cells on a diagonal
unit/logic/test_grid.gd,test_line_symmetric_on_exact_diagonal,,13288,0,0,0,0,0,0,a grid line is symmetric and includes both bordering cells on a diagonal
unit/logic/test_grid.gd,test_grid_height_no_longer_exists_anywhere,,25923,0,0,0,0,0,0,a retired mechanism leaves no trace in the code
unit/logic/test_grid.gd,test_shootable_part_at_returns_the_blocker_when_present,,13277,0,0,0,0,0,0,"a shot resolves against whatever occupies the target cell, unit or not"
unit/logic/test_grid.gd,test_shootable_part_at_falls_back_to_the_first_loose_part_field_item,,11950,0,0,0,0,0,0,"a shot resolves against whatever occupies the target cell, unit or not"
unit/logic/test_grid.gd,test_shootable_part_at_returns_null_for_a_loose_matrix_only,,12787,0,0,0,0,0,0,"a shot resolves against whatever occupies the target cell, unit or not"
unit/logic/test_grid.gd,test_shootable_part_at_returns_null_with_nothing_at_the_cell,,12163,0,0,0,0,0,0,"a shot resolves against whatever occupies the target cell, unit or not"
unit/logic/test_grid_placement.gd,test_a_cell_holds_two_surfaces_at_different_heights,,12064,0,0,0,0,0,0,a surface attaches only where its own attach rule allows
unit/logic/test_grid_placement.gd,test_downward_attaching_surface_is_legal_on_an_empty_cell,,11644,0,0,0,0,0,0,a surface attaches only where its own attach rule allows
unit/logic/test_grid_placement.gd,test_side_attaching_surface_is_rejected_on_an_empty_cell,,13172,0,0,0,0,0,0,a surface attaches only where its own attach rule allows
unit/logic/test_grid_placement.gd,test_side_attaching_surface_is_accepted_against_a_compatible_neighbour,,12040,0,0,0,0,0,0,a surface attaches only where its own attach rule allows
unit/logic/test_grid_placement.gd,test_side_attaching_surface_does_not_count_a_diagonal_neighbour,,13014,0,0,0,0,0,0,a surface attaches only where its own attach rule allows
unit/logic/test_grid_placement.gd,test_side_attaching_surface_is_rejected_once_the_matching_socket_is_full,,12082,0,0,0,0,0,0,a surface attaches only where its own attach rule allows
unit/logic/test_hover_and_turn_end.gd,test_the_dwell_is_the_specified_one_and_a_half_seconds,,11722,0,0,0,0,0,0,
unit/logic/test_hover_and_turn_end.gd,test_it_fires_exactly_once_when_the_delay_is_crossed,,12442,0,0,0,0,0,0,
unit/logic/test_hover_and_turn_end.gd,test_aiming_at_the_same_target_does_not_restart_the_clock,,12085,0,0,0,0,0,0,
unit/logic/test_hover_and_turn_end.gd,test_aiming_at_a_new_target_starts_the_wait_again,,11802,0,0,0,0,0,0,
unit/logic/test_hover_and_turn_end.gd,test_cancelling_clears_both_the_wait_and_the_reveal,,13114,0,0,0,0,0,0,
unit/logic/test_hover_and_turn_end.gd,test_two_independent_dwells_agree_on_when_to_fire,,12041,0,0,0,0,0,0,
unit/logic/test_hover_and_turn_end.gd,test_a_spent_unit_ends_its_turn_without_being_asked,,13284,0,0,0,0,0,0,
unit/logic/test_hover_and_turn_end.gd,test_unspent_ap_or_mp_each_raise_the_prompt_on_their_own,,12426,0,0,0,0,0,0,
unit/logic/test_hover_and_turn_end.gd,test_floating_point_residue_does_not_raise_a_prompt,,11930,0,0,0,0,0,0,
unit/logic/test_hover_and_turn_end.gd,test_a_null_selection_is_a_real_state_and_never_asks,,12960,0,0,0,0,0,0,
unit/logic/test_hover_and_turn_end.gd,test_the_message_names_exactly_what_is_unspent,,12418,0,0,0,0,0,0,
unit/logic/test_hover_and_turn_end.gd,test_the_line_under_a_point_is_the_last_one_starting_at_or_above_it,,11872,0,0,0,0,0,0,
unit/logic/test_hover_and_turn_end.gd,test_a_point_above_the_first_line_is_on_no_line_at_all,,13313,0,0,0,0,0,0,
unit/logic/test_hover_and_turn_end.gd,test_a_line_overflows_only_when_it_is_genuinely_wider_than_the_view,,11783,0,0,0,0,0,0,
unit/logic/test_hover_and_turn_end.gd,test_reading_a_line_outside_the_text_is_empty_rather_than_an_error,,13103,0,0,0,0,0,0,
unit/logic/test_inspect_rows.gd,test_weapons_come_before_containers_before_body_parts,,13569,0,0,0,0,0,0,"inspect rows group by kind, then follow the inventory's own order"
unit/logic/test_inspect_rows.gd,test_a_weapon_carried_inside_a_container_still_groups_as_a_weapon,,12336,0,0,0,0,0,0,"inspect rows group by kind, then follow the inventory's own order"
unit/logic/test_inspect_rows.gd,test_order_within_a_group_matches_inventory_rows_own_depth_first_order,,12706,0,0,0,0,0,0,"inspect rows group by kind, then follow the inventory's own order"
unit/logic/test_instant_resolver.gd,test_contenders_resolve_fastest_first,,13987,0,0,0,0,0,0,"resolution order is by action speed, tie-broken by unit id"
unit/logic/test_instant_resolver.gd,test_a_resolution_that_kills_a_contender_drops_that_contenders_own_queued_action,,12492,0,0,0,0,0,0,a queued intent revalidates at resolution time
unit/logic/test_instant_resolver.gd,test_a_tied_resolution_speed_breaks_by_the_higher_personal_speed,,12211,0,0,0,0,0,0,"resolution order is by action speed, tie-broken by unit id"
unit/logic/test_instant_resolver.gd,test_a_full_tie_breaks_deterministically_by_unit_id,,14760,0,0,0,0,0,0,"resolution order is by action speed, tie-broken by unit id"
unit/logic/test_instant_resolver.gd,test_the_instant_is_deterministic_across_independent_runs,,13063,0,0,0,0,0,0,a build is reproducible from the same inputs
unit/logic/test_instant_resolver.gd,test_a_lone_contender_resolves_unchanged,,14120,0,0,0,0,0,0,"resolution order is by action speed, tie-broken by unit id"
unit/logic/test_instant_resolver.gd,test_an_already_illegal_contender_is_dropped_without_resolving,,12654,0,1,0,0,0,0,a queued intent revalidates at resolution time
unit/logic/test_intelligence_tiers.gd,test_a_preset_authors_the_tier_its_units_are_assembled_with,,30679,0,0,0,0,0,0,
unit/logic/test_intelligence_tiers.gd,test_the_authored_presets_carry_more_than_one_tier,,13880,0,0,0,0,0,0,
unit/logic/test_intelligence_tiers.gd,test_a_generated_bout_contains_more_than_one_tier,,304130,1,0,0,2,0,0,
unit/logic/test_intelligence_tiers.gd,test_the_per_tier_probe_builds_a_bout_entirely_at_that_tier,,1179780,4,0,0,8,0,0,
unit/logic/test_intelligence_tiers.gd,test_the_per_tier_probe_does_not_edit_the_registry,,302792,1,0,0,2,0,0,
unit/logic/test_intelligence_tiers.gd,test_a_mindless_unit_is_offered_no_shoot_cover_or_overwatch,,12530,0,0,0,0,0,0,
unit/logic/test_intelligence_tiers.gd,test_a_grunt_shoots_and_takes_cover_but_does_not_overwatch,,12788,0,0,0,0,0,0,
unit/logic/test_intelligence_tiers.gd,test_memory_starts_at_grunt,,12711,0,0,0,0,0,0,
unit/logic/test_intelligence_tiers.gd,test_a_grunt_remembers_a_sighting_and_does_not_read_the_blackboard,,13171,0,0,0,0,0,0,
unit/logic/test_intelligence_tiers.gd,test_only_elite_runs_lookahead,,14063,0,0,0,0,0,0,
unit/logic/test_internal_targeting.gd,test_a_default_center_mass_shot_never_reaches_the_occluded_reactor,,15024,0,0,0,0,0,2,internals sit behind cladding and become hittable once it is stripped
unit/logic/test_internal_targeting.gd,test_a_known_position_aim_reaches_the_reactor_through_the_same_cascade,,14438,0,0,0,0,0,2,an aimed shot targets a named internal part
unit/logic/test_internal_targeting.gd,test_stripping_cladding_makes_the_reactor_directly_targetable,,14508,0,0,0,0,0,1,internals sit behind cladding and become hittable once it is stripped
unit/logic/test_internal_targeting.gd,test_a_part_absent_from_the_plane_has_no_aim_offset,,14612,0,0,0,0,0,1,"a degenerate input yields an empty result, never an error"
unit/logic/test_inventory.gd,test_attach_succeeds_within_bulk_limit,,13171,0,0,0,0,0,0,"a container holds by bulk, and nesting counts the container not its contents"
unit/logic/test_inventory.gd,test_attach_rejects_over_bulk,,12100,0,0,0,0,0,0,"a container holds by bulk, and nesting counts the container not its contents"
unit/logic/test_inventory.gd,test_nested_container_occupies_parent_by_own_bulk_not_contents,,13143,0,0,0,0,0,0,"a container holds by bulk, and nesting counts the container not its contents"
unit/logic/test_inventory.gd,test_external_bulk_of_a_soft_container_grows_with_its_contents,,12405,0,0,0,0,0,0,"a container holds by bulk, and nesting counts the container not its contents"
unit/logic/test_inventory.gd,test_external_bulk_of_a_rigid_container_ignores_its_contents,,11844,0,0,0,0,0,0,"a container holds by bulk, and nesting counts the container not its contents"
unit/logic/test_inventory.gd,test_an_empty_soft_backpack_nests_in_a_barrel_a_full_one_may_not,,13209,0,0,0,0,0,0,"a container holds by bulk, and nesting counts the container not its contents"
unit/logic/test_inventory.gd,test_attach_rejects_cycle_when_target_already_contains_source,,11851,0,0,0,0,0,0,an assembly can never contain itself
unit/logic/test_inventory.gd,test_attach_rejects_self_attachment,,11649,0,0,0,0,0,0,an assembly can never contain itself
unit/logic/test_inventory.gd,test_attach_rejects_non_container_target,,12811,0,0,0,0,0,0,an action refuses an illegal socket attachment
unit/logic/test_inventory.gd,test_attach_respects_shell_max_mass,,12089,0,0,0,0,0,0,a shell's mass and RAM budgets are both hard limits
unit/logic/test_inventory.gd,test_a_weightless_drone_swarm_fails_on_ram_while_passing_mass,,12009,0,0,0,0,0,0,a shell's mass and RAM budgets are both hard limits
unit/logic/test_inventory.gd,test_detach_removes_part_and_returns_true,,13204,0,0,0,0,0,0,a part detaches from an assembly without disturbing the rest
unit/logic/test_inventory.gd,test_detach_returns_false_when_not_present,,11723,0,0,0,0,0,0,a part detaches from an assembly without disturbing the rest
unit/logic/test_inventory.gd,test_walk_visits_root_and_all_descendants,,13360,0,0,0,0,0,0,assembly traversal reaches every part
unit/logic/test_inventory.gd,test_flatten_excludes_root_but_includes_all_depths,,11925,0,0,0,0,0,0,assembly traversal reaches every part
unit/logic/test_inventory.gd,test_carried_mass_of_a_worn_backpack_discounts_its_contents_once,,11760,0,0,0,0,0,0,"the worn-layer mass discount applies once, at a floor"
unit/logic/test_inventory_rows.gd,test_the_root_part_is_row_zero_at_depth_zero,,29164,0,0,0,0,0,0,"inventory rows mirror the real assembly tree, depth first"
unit/logic/test_inventory_rows.gd,test_a_socketed_child_shows_the_sockets_own_id,,13246,0,0,0,0,0,0,"inventory rows mirror the real assembly tree, depth first"
unit/logic/test_inventory_rows.gd,test_a_socket_with_no_authored_id_falls_back_to_its_socket_type,,12463,0,0,0,0,0,0,an unstated authored field takes its default
unit/logic/test_inventory_rows.gd,test_a_backpack_is_both_socketed_and_shows_its_contents_distinctly,,12112,0,0,0,0,0,0,"inventory rows mirror the real assembly tree, depth first"
unit/logic/test_inventory_rows.gd,test_a_destroyed_part_and_its_whole_subtree_are_omitted,,12048,0,0,0,0,0,0,a destroyed part stops contributing
unit/logic/test_inventory_rows.gd,test_dt_is_resolved_from_the_material_table,,13041,0,0,0,0,0,0,every final stat goes through StatResolver
unit/logic/test_inventory_rows.gd,test_a_part_requiring_an_unmet_capability_is_flagged_inert,,11953,0,0,0,0,0,0,a part whose required capability is unmet is inert
unit/logic/test_joints.gd,test_attach_copies_joint_hp_from_the_child_not_the_parent,,13114,0,0,0,0,0,0,"a joint has its own HP, and depleting it severs the subtree intact"
unit/logic/test_joints.gd,test_the_same_heavy_arm_severs_just_as_hard_on_any_frame,,12121,0,0,0,0,0,0,"a joint has its own HP, and depleting it severs the subtree intact"
unit/logic/test_joints.gd,test_depleting_joint_hp_severs_and_drops_the_intact_subtree_sockets_still_populated,,12200,0,0,0,0,0,0,"a joint has its own HP, and depleting it severs the subtree intact"
unit/logic/test_joints.gd,test_depleting_part_hp_runs_failure_mode_and_never_touches_the_joint,,13351,0,0,0,0,0,0,"a joint has its own HP, and depleting it severs the subtree intact"
unit/logic/test_joints.gd,test_apply_damage_to_joint_floors_at_zero_and_severs_exactly_there,,11986,0,0,0,0,0,0,"a joint has its own HP, and depleting it severs the subtree intact"
unit/logic/test_joints.gd,test_sever_joint_is_a_no_op_for_an_empty_socket,,12094,0,0,0,0,0,0,"a degenerate input yields an empty result, never an error"
unit/logic/test_joints.gd,test_resolve_shot_on_a_joint_hit_depletes_joint_hp_never_part_hp,,13721,0,0,0,0,0,2,"a joint has its own HP, and depleting it severs the subtree intact"
unit/logic/test_joints.gd,test_resolve_shot_severs_the_joint_and_drops_the_subtree_when_depleted,,12473,0,0,0,0,0,2,"a joint has its own HP, and depleting it severs the subtree intact"
unit/logic/test_joints.gd,test_a_fresh_joint_defaults_to_3_hp,,13139,0,0,0,0,0,0,an unstated authored field takes its default
unit/logic/test_joints.gd,test_a_default_joint_takes_3_points_across_hits_before_severing,,12076,0,0,0,0,0,0,"a joint has its own HP, and depleting it severs the subtree intact"
unit/logic/test_joints.gd,test_joint_cladding_absorbs_a_hit_before_the_joint_takes_any_damage,,12254,0,0,0,0,0,2,internals sit behind cladding and become hittable once it is stripped
unit/logic/test_joints.gd,test_an_uncladded_joint_takes_hits_directly_at_the_default_joint_hp,,13552,0,0,0,0,0,2,"a joint has its own HP, and depleting it severs the subtree intact"
unit/logic/test_kit_equipper.gd,test_stock_is_a_noop_when_kit_is_null,,13902,0,0,0,0,0,0,"a degenerate input yields an empty result, never an error"
unit/logic/test_kit_equipper.gd,test_stock_fills_the_kits_own_container_with_its_own_items,,12851,0,0,0,0,0,0,"a kit stocks and equips through the real attach path, or fails by name"
unit/logic/test_kit_equipper.gd,test_stock_errors_by_name_on_an_unknown_pool_id,,12977,0,0,0,0,0,0,"a refusal says why, by name"
unit/logic/test_kit_equipper.gd,test_stock_errors_when_the_container_socket_does_not_exist,,12950,0,0,0,0,0,0,"a refusal says why, by name"
unit/logic/test_kit_equipper.gd,test_equip_instant_moves_the_weapon_from_its_container_into_its_socket,,13151,0,0,0,0,0,0,"a kit stocks and equips through the real attach path, or fails by name"
unit/logic/test_kit_equipper.gd,test_equip_is_a_noop_when_kit_is_null,,13819,0,0,0,0,0,0,"a degenerate input yields an empty result, never an error"
unit/logic/test_kit_equipper.gd,test_equip_defaults_to_instant_mode,,13930,0,0,0,0,0,0,an unstated authored field takes its default
unit/logic/test_kit_equipper.gd,test_an_unimplemented_equip_mode_fails_named_never_crashes,,15949,0,0,0,0,0,0,"an unimplemented hook is flagged, not silently inert"
unit/logic/test_kit_equipper.gd,test_equip_instant_chambers_the_kits_own_ammo,,14505,0,0,0,0,0,0,"a kit stocks and equips through the real attach path, or fails by name"
unit/logic/test_kit_equipper.gd,test_equip_fails_named_when_the_weapon_never_made_it_into_the_kit,,14510,0,0,0,0,0,0,"a refusal says why, by name"
unit/logic/test_knowledge.gd,test_knows_internal_defaults_to_true_with_no_sensor_system_to_gate_on,,13218,0,0,0,0,0,0,"an unimplemented hook is flagged, not silently inert"
unit/logic/test_ladder.gd,test_a_floor_authors_ledge_sockets_for_anything_to_attach_to,,29417,0,0,0,0,0,0,
unit/logic/test_ladder.gd,test_a_ladder_side_attaches_to_a_raised_surface,,14049,0,0,0,0,0,0,
unit/logic/test_ladder.gd,test_a_ladder_with_no_surface_to_attach_to_is_rejected,,12380,0,0,0,0,0,0,
unit/logic/test_ladder.gd,test_three_stacked_segments_span_three_levels,,12405,0,0,0,0,0,0,
unit/logic/test_ladder.gd,test_the_socket_taken_is_the_one_on_the_side_the_ladder_stands,,13928,0,0,0,0,0,0,
unit/logic/test_ladder.gd,test_a_unit_with_no_climbing_capability_climbs_a_ladder,,12694,0,0,0,0,0,0,
unit/logic/test_ladder.gd,test_the_same_unit_cannot_climb_a_bare_face,,13821,0,0,0,0,0,0,
unit/logic/test_ladder.gd,test_a_ladders_reach_is_what_bounds_the_climb_not_the_bare_face_cap,,13082,0,0,0,0,0,0,
unit/logic/test_ladder.gd,test_move_cost_opens_a_ladder_edge_for_a_non_climber,,12233,0,0,0,0,0,0,
unit/logic/test_ladder.gd,test_move_cost_prefers_a_stair_step_over_a_ladder,,14037,0,0,0,0,0,0,
unit/logic/test_ladder.gd,test_a_ladder_is_destructible_unlike_the_floor_it_hangs_from,,12498,0,0,0,0,0,0,
unit/logic/test_ladder.gd,test_removing_a_ladder_closes_the_route_again,,12482,0,0,0,0,0,0,
unit/logic/test_ladder.gd,test_a_one_level_rise_gets_one_segment_that_does_not_overshoot,,15814,0,0,0,0,0,0,
unit/logic/test_ladder.gd,test_a_four_level_rise_stacks_four_flush_segments,,14120,0,0,0,0,0,0,
unit/logic/test_ladder.gd,test_a_socketed_ladder_is_emitted_once_not_twice,,15702,0,0,0,0,0,0,
unit/logic/test_ladder.gd,test_a_climbs_price_follows_its_rise_not_its_segment_count,,12443,0,0,0,0,0,0,
unit/logic/test_ledge_veneer.gd,test_a_veneer_between_two_floors_snaps_to_both,,15405,0,0,0,0,0,0,
unit/logic/test_ledge_veneer.gd,test_a_veneer_with_nothing_above_it_takes_the_odd_default,,15150,0,0,0,0,0,0,
unit/logic/test_ledge_veneer.gd,test_a_veneer_with_nothing_under_it_matches_the_tile_it_hangs_from,,14981,0,0,0,0,0,0,
unit/logic/test_ledge_veneer.gd,test_an_unanchored_veneer_grows_up_by_the_default,,14011,0,0,0,0,0,0,
unit/logic/test_ledge_veneer.gd,test_snapping_is_the_same_wall_whichever_direction_it_was_grown,,13900,0,0,0,0,0,0,
unit/logic/test_ledge_veneer.gd,test_it_snaps_to_the_nearest_surface_each_way,,15952,0,0,0,0,0,0,
unit/logic/test_ledge_veneer.gd,test_a_taller_veneer_is_tougher_in_proportion,,13771,0,0,0,0,0,0,
unit/logic/test_ledge_veneer.gd,test_only_the_rise_is_derived,,14156,0,0,0,0,0,0,
unit/logic/test_life_support.gd,test_decay_advances_when_exposed_and_unpowered,,12261,0,0,0,0,0,0,an exposed surrogate decays unless powered life support holds it
unit/logic/test_life_support.gd,test_holds_with_power_and_no_organics,,12059,0,0,0,0,0,0,an exposed surrogate decays unless powered life support holds it
unit/logic/test_life_support.gd,test_winds_back_and_consumes_organics_when_powered_and_carried,,11887,0,0,0,0,0,0,an exposed surrogate decays unless powered life support holds it
unit/logic/test_life_support.gd,test_regen_floors_at_zero_and_never_fires_once_nothing_is_exposed,,13478,0,0,0,0,0,0,an exposed surrogate decays unless powered life support holds it
unit/logic/test_life_support.gd,test_killing_the_reactor_stops_power_and_detonates,,29867,0,0,0,0,0,0,a volatile part detonates on destruction and hits only what is in radius
unit/logic/test_life_support.gd,test_killing_the_reactor_resumes_decay_on_the_next_tick,,12018,0,0,0,0,0,0,an exposed surrogate decays unless powered life support holds it
unit/logic/test_line_of_fire.gd,test_has_clear_line_of_fire_is_true_with_nothing_in_the_way,,12158,0,0,0,0,0,1,a shot needs line of sight
unit/logic/test_line_of_fire.gd,test_has_clear_line_of_fire_is_false_when_a_wall_blocks_the_shot,,13735,0,0,0,0,0,1,a shot needs line of sight
unit/logic/test_line_of_fire.gd,test_has_clear_line_of_fire_matches_the_real_shotplanes_own_first_hit,,12416,0,0,0,0,0,2,"one mechanism, distinctly logged — no parallel systems"
unit/logic/test_line_of_fire.gd,test_open_field_line_of_fire_matches_line_of_sight,,13512,0,0,0,0,0,1,"one mechanism, distinctly logged — no parallel systems"
unit/logic/test_line_of_fire.gd,test_has_clear_line_of_fire_is_true_against_an_elevated_target,,16987,0,0,0,0,0,1,"elevation changes the shot geometry, not the rules"
unit/logic/test_line_of_fire.gd,test_first_hit_never_resolves_to_a_wall_behind_the_shooter,,13613,0,0,0,0,0,2,"a shot originates at the real muzzle, not the cell centre"
unit/logic/test_line_of_fire.gd,test_cached_first_hit_agrees_with_the_uncached_resolution,,12525,0,0,0,0,0,2,a cache returns exactly what the uncached path would
unit/logic/test_line_of_fire.gd,test_cached_first_hit_reuses_the_same_region_on_a_repeat_lookup,,12133,0,0,0,0,0,1,a cache returns exactly what the uncached path would
unit/logic/test_line_of_fire.gd,test_has_clear_line_of_fire_agrees_with_and_without_a_cache,,13597,0,0,0,0,0,2,a cache returns exactly what the uncached path would
unit/logic/test_load_map_verb.gd,test_loading_the_committed_map_replaces_the_board_and_places_units_on_spawns,,35475,0,0,0,0,0,0,
unit/logic/test_load_map_verb.gd,test_each_squad_lands_on_its_own_spawn_marker,,35198,0,0,0,0,0,0,
unit/logic/test_load_map_verb.gd,test_a_path_that_is_not_a_map_is_refused_without_touching_the_board,,19109,0,0,0,0,0,0,
unit/logic/test_load_map_verb.gd,test_a_missing_path_is_refused_rather_than_crashing,,19211,0,0,0,0,0,0,
unit/logic/test_load_map_verb.gd,test_the_verb_is_registered_and_rebuilds_the_board,,24099,0,0,0,0,0,0,
unit/logic/test_load_map_verb.gd,test_the_verb_offers_a_dropdown_of_map_names_not_a_text_box,,23128,0,0,0,0,0,0,
unit/logic/test_load_map_verb.gd,test_the_catalogue_reads_maps_off_disk,,26364,0,0,0,0,0,0,
unit/logic/test_load_map_verb.gd,test_load_map_accepts_a_display_name_from_the_dropdown,,33852,0,0,0,0,0,0,
unit/logic/test_load_map_verb.gd,test_a_name_that_matches_no_map_is_refused,,19976,0,0,0,0,0,0,
unit/logic/test_load_map_verb.gd,test_the_section_catalogue_lists_the_authored_sections,,25962,0,0,0,0,0,0,
unit/logic/test_load_map_verb.gd,test_previewing_a_section_produces_a_board_containing_only_that_section,,23587,0,0,0,0,0,0,
unit/logic/test_load_map_verb.gd,test_a_section_name_that_matches_nothing_is_refused,,21322,0,0,0,0,0,0,
unit/logic/test_load_map_verb.gd,test_the_preview_verb_is_registered_and_rebuilds_the_board,,24224,0,0,0,0,0,0,
unit/logic/test_log_fold.gd,test_attack_summary_has_the_correct_hit_and_miss_count,,6135,0,0,0,0,0,0,the log folds a run of identical adjacent events into one counted row
unit/logic/test_log_fold.gd,test_identical_adjacent_results_fold_with_a_count,,5854,0,0,0,0,0,0,the log folds a run of identical adjacent events into one counted row
unit/logic/test_log_fold.gd,test_non_adjacent_identical_results_do_not_fold_together,,5653,0,0,0,0,0,0,the log folds a run of identical adjacent events into one counted row
unit/logic/test_log_fold.gd,test_a_curved_move_folds_every_leg_into_one_group,,5636,0,0,0,0,0,0,the log folds a run of identical adjacent events into one counted row
unit/logic/test_log_fold.gd,test_expanding_a_group_shows_every_underlying_event,,5493,0,0,0,0,0,0,the log folds a run of identical adjacent events into one counted row
unit/logic/test_log_fold.gd,test_a_cascade_event_appends_to_its_own_hit_line_not_a_new_one,,5538,0,0,0,0,0,0,the log folds a run of identical adjacent events into one counted row
unit/logic/test_log_fold.gd,test_a_standalone_face_action_is_its_own_group,,7202,0,0,0,0,0,0,the log folds a run of identical adjacent events into one counted row
unit/logic/test_log_fold.gd,test_an_unrecognized_event_kind_still_gets_its_own_row,,5789,0,0,0,0,0,0,an unknown open-vocabulary id falls back rather than failing
unit/logic/test_log_fold.gd,test_burst_fired_names_the_weapon_a_plain_attack_does_not,,5476,0,0,0,0,0,0,"a log line is readable prose, not a struct dump"
unit/logic/test_log_fold.gd,test_unit_down_suffix_only_appears_with_a_live_state_and_a_dead_target,,7659,0,0,0,0,0,0,"a log line is readable prose, not a struct dump"
unit/logic/test_log_fold.gd,test_folding_never_changes_what_other_sinks_on_the_same_log_receive,,12396,0,0,0,0,0,0,the combat log dispatches every event to every attached sink
unit/logic/test_log_fold.gd,test_a_run_of_plumbing_events_folds_into_one_counted_row,,5924,0,0,0,0,0,0,the log folds a run of identical adjacent events into one counted row
unit/logic/test_log_fold.gd,test_different_plumbing_kinds_do_not_share_a_row,,5790,0,0,0,0,0,0,the log folds a run of identical adjacent events into one counted row
unit/logic/test_log_fold.gd,test_an_fps_dump_is_not_swallowed_by_a_wall_cutout_run,,5748,0,0,0,0,0,0,the log folds a run of identical adjacent events into one counted row
unit/logic/test_log_fold.gd,test_consecutive_fps_dumps_still_fold_together,,6965,0,0,0,0,0,0,the log folds a run of identical adjacent events into one counted row
unit/logic/test_log_fold.gd,test_a_diagnostic_keeps_its_own_row_and_is_never_folded_into_plumbing,,6153,0,0,0,0,0,0,an engine diagnostic joins the combat log stream in order
unit/logic/test_log_fold.gd,test_folding_plumbing_never_drops_an_event,,5815,0,0,0,0,0,0,the log folds a run of identical adjacent events into one counted row
unit/logic/test_log_playback.gd,test_a_known_event_stream_maps_to_the_expected_cue_list_with_expected_offsets,,13535,0,0,0,0,0,0,"the event stream drives playback cues, one per event, in order"
unit/logic/test_log_playback.gd,test_replaying_the_same_stream_twice_produces_an_identical_cue_list,,12145,0,0,0,0,0,0,a build is reproducible from the same inputs
unit/logic/test_log_playback.gd,test_total_duration_covers_lead_in_every_cue_and_the_tail,,13028,0,0,0,0,0,0,"the event stream drives playback cues, one per event, in order"
unit/logic/test_log_playback.gd,test_total_duration_of_an_empty_stream_is_still_lead_in_plus_tail,,12060,0,0,0,0,0,0,"a degenerate input yields an empty result, never an error"
unit/logic/test_log_playback.gd,test_affected_unit_ids_collects_actors_and_impact_targets,,11846,0,0,0,0,0,0,"the event stream drives playback cues, one per event, in order"
unit/logic/test_log_playback.gd,test_affected_unit_ids_never_includes_the_no_unit_sentinel,,13417,0,0,0,0,0,0,"the event stream drives playback cues, one per event, in order"
unit/logic/test_log_playback.gd,test_affected_unit_ids_deduplicates,,11822,0,0,0,0,0,0,"the event stream drives playback cues, one per event, in order"
unit/logic/test_log_playback.gd,test_affected_unit_ids_of_an_empty_stream_is_empty,,11770,0,0,0,0,0,0,"a degenerate input yields an empty result, never an error"
unit/logic/test_loot_table.gd,test_pools_are_mostly_exclusive,,13311,0,0,0,0,0,0,"loot pools stay mostly exclusive, and an overlap item is tagged by its source"
unit/logic/test_loot_table.gd,test_overlap_designs_appear_in_both_full_pools,,12015,0,0,0,0,0,0,"loot pools stay mostly exclusive, and an overlap item is tagged by its source"
unit/logic/test_loot_table.gd,test_the_overlap_stays_small_relative_to_each_pool,,13067,0,0,0,0,0,0,"loot pools stay mostly exclusive, and an overlap item is tagged by its source"
unit/logic/test_loot_table.gd,test_draw_from_merchant_tags_an_overlap_item_standard,,12701,0,0,0,0,0,0,"loot pools stay mostly exclusive, and an overlap item is tagged by its source"
unit/logic/test_loot_table.gd,test_draw_from_hulk_tags_an_overlap_item_original_pattern_or_prototype,,12113,0,0,0,0,0,0,"loot pools stay mostly exclusive, and an overlap item is tagged by its source"
unit/logic/test_loot_table.gd,test_draw_leaves_non_overlap_items_untagged,,13508,0,0,0,0,0,0,"loot pools stay mostly exclusive, and an overlap item is tagged by its source"
unit/logic/test_loot_table.gd,test_draw_is_deterministic_from_the_same_seed,,13291,0,0,0,0,0,0,the same seed produces the same world
unit/logic/test_los.gd,test_los_symmetric_on_open_ground,,9297,0,0,0,0,0,0,line of sight is symmetric and blocked only by opacity
unit/logic/test_los.gd,test_wall_blocks_los_both_directions,,9451,0,0,0,0,0,0,line of sight is symmetric and blocked only by opacity
unit/logic/test_los.gd,test_los_clear_when_no_wall_in_path,,9667,0,0,0,0,0,0,line of sight is symmetric and blocked only by opacity
unit/logic/test_los.gd,test_los_ignores_geometry_on_the_endpoint_cells,,8775,0,0,0,0,0,0,
unit/logic/test_los.gd,test_corner_blocking_rule_on_exact_diagonal,,7800,0,0,0,0,0,0,a grid line is symmetric and includes both bordering cells on a diagonal
unit/logic/test_los.gd,test_corner_blocking_rule_other_bordering_cell,,8191,0,0,0,0,0,0,a grid line is symmetric and includes both bordering cells on a diagonal
unit/logic/test_los.gd,test_cover_blocks_sight_when_it_stands_in_the_line_and_not_when_it_is_below_it,,12044,0,0,0,0,0,0,
unit/logic/test_los.gd,test_visible_cells_open_ground_matches_chebyshev_disc,,16005,0,0,0,0,0,0,line of sight is symmetric and blocked only by opacity
unit/logic/test_los.gd,test_visible_cells_excludes_cells_behind_wall,,13459,0,0,0,0,0,0,line of sight is symmetric and blocked only by opacity
unit/logic/test_los.gd,test_destroying_a_wall_with_a_real_shot_clears_los_through_it,,10605,0,0,0,0,0,1,line of sight is symmetric and blocked only by opacity
unit/logic/test_mag_lift.gd,test_riding_the_lift_costs_one_ap_and_places_the_unit_on_the_upper_pad,,17146,0,0,0,0,0,0,
unit/logic/test_mag_lift.gd,test_the_pathfinder_knows_nothing_about_the_lift,,16658,0,0,0,1,0,0,
unit/logic/test_mag_lift.gd,test_a_lift_with_no_ap_refuses_and_says_why,,17650,0,0,0,0,0,0,
unit/logic/test_mag_lift.gd,test_standing_off_the_pad_is_a_different_refusal_from_being_broke,,16336,0,0,0,0,0,0,
unit/logic/test_mag_lift.gd,test_a_pad_with_no_partner_refuses_by_name,,15819,0,0,0,0,0,0,
unit/logic/test_mag_lift.gd,test_the_lift_rides_back_down_for_the_same_one_ap,,17061,0,0,0,0,0,0,
unit/logic/test_mag_lift.gd,test_a_hop_down_needs_no_lift_and_a_ride_needs_one,,16822,0,0,0,0,0,0,
unit/logic/test_mag_lift.gd,test_neither_pad_obstructs_a_shot_crossing_its_cell,,12867,0,0,0,0,0,0,
unit/logic/test_mag_lift.gd,test_a_pad_contributes_no_geometry_at_all,,12002,0,0,0,0,0,0,
unit/logic/test_mag_lift.gd,test_a_shot_from_the_upper_pad_originates_at_the_upper_height,,17627,0,0,0,0,0,0,
unit/logic/test_mag_lift.gd,test_generated_maps_stand_lifts_where_ladders_would_go,,185142,0,0,0,2,0,0,
unit/logic/test_mag_lift.gd,test_every_generated_pad_pairs_with_one_that_pairs_back,,16777,0,0,0,0,0,0,
unit/logic/test_mag_lift.gd,test_a_repair_with_no_rng_is_still_a_ladder,,12759,0,0,0,0,0,0,
unit/logic/test_map_corpus.gd,test_a_second_read_generates_nothing,,275220,0,0,0,2,0,0,a shared fixture is played once and handed out as copies
unit/logic/test_map_corpus.gd,test_a_different_seed_or_size_is_a_different_map,,476008,0,0,0,6,0,0,the same seed produces the same world
unit/logic/test_map_corpus.gd,test_copy_hands_back_something_safe_to_mutate,,239207,0,0,0,2,0,0,"a data read hands back a copy, never the cached resource"
unit/logic/test_map_corpus.gd,test_a_mutation_through_read_is_visible_to_every_later_reader,,246383,0,0,0,2,0,0,
unit/logic/test_map_corpus.gd,test_read_returns_identity_so_determinism_checks_must_not_use_it,,811766,0,0,0,6,0,0,turning a tier or restriction off changes the decision
unit/logic/test_map_corpus.gd,test_the_cached_map_is_a_real_generated_map,,250673,0,0,0,2,0,0,a shared fixture is played once and handed out as copies
unit/logic/test_map_gen.gd,test_a_generated_map_contains_more_than_one_level,,194562,0,0,0,2,0,0,a generated map is multi-level and every raised area is reachable
unit/logic/test_map_gen.gd,test_every_raised_area_is_reachable_except_the_one_br60_01_names,,10047755,0,0,0,148,0,0,
unit/logic/test_map_gen.gd,test_generate_is_seed_deterministic,,790353,0,0,0,8,0,0,the same seed produces the same world
unit/logic/test_map_gen.gd,test_spawn_zones_reachable_across_many_seeds,,167572,0,0,0,50,0,0,every spawn zone is walkable and reachable
unit/logic/test_map_gen.gd,test_cover_density_within_target_band,,67682,0,0,0,0,0,0,cover density lands inside its authored band
unit/logic/test_map_gen.gd,test_generate_resolves_every_cell_into_a_destructible_wall_part_or_empty_space,,101641,0,0,0,0,0,0,every generated cell resolves to a real part or to empty space
unit/logic/test_map_gen.gd,test_barrel_pallet_barrel_count_is_deterministic_and_in_range,,20211977,0,0,0,200,0,0,the same seed produces the same world
unit/logic/test_map_gen.gd,test_carved_rooms_are_at_least_seven_on_their_min_dimension,,12522,0,0,0,0,0,0,carved rooms and corridors match their authored dimensions
unit/logic/test_map_gen.gd,test_carved_corridors_are_three_to_five_wide,,15599,0,0,0,0,0,0,carved rooms and corridors match their authored dimensions
unit/logic/test_map_gen.gd,test_default_size_map_splits_into_multiple_rooms_with_hallways,,35926,0,0,0,0,0,0,carved rooms and corridors match their authored dimensions
unit/logic/test_map_gen.gd,test_sight_is_stopped_exactly_where_a_wall_part_sits,,17452,0,0,0,0,0,0,
unit/logic/test_map_gen.gd,test_spawn_zones_are_distinct_even_in_a_single_room_grid,,1329984,0,0,0,100,0,0,every spawn zone is walkable and reachable
unit/logic/test_map_gen.gd,test_generated_map_cells_carry_at_most_one_correctly_typed_floor_surface,,695595,0,0,0,0,0,0,every generated cell resolves to a real part or to empty space
unit/logic/test_map_gen.gd,test_carving_the_same_cell_twice_leaves_exactly_one_surface,,12209,0,0,0,0,0,0,every generated cell resolves to a real part or to empty space
unit/logic/test_map_gen.gd,test_ensure_spawns_connected_fallback_connects_disconnected_spawns,,14411,0,0,0,3,0,0,every spawn zone is walkable and reachable
unit/logic/test_map_gen.gd,test_connect_with_a_stair_lays_evenly_spaced_treads_no_taller_than_the_step_height,,10960,0,0,0,0,0,0,
unit/logic/test_map_gen.gd,test_a_larger_step_height_builds_a_shorter_stair,,12343,0,0,0,0,0,0,
unit/logic/test_map_gen.gd,test_repair_stranded_elevation_reverts_an_unreachable_tread_to_plain_ground,,10977,0,0,0,1,0,0,
unit/logic/test_map_gen.gd,test_connect_with_a_stair_places_nothing_when_no_approach_has_room_for_the_flight,,11658,0,0,0,0,0,0,
unit/logic/test_map_gen.gd,test_spawn_zones_are_walkable,,11674,0,0,0,0,0,0,every spawn zone is walkable and reachable
unit/logic/test_map_gen.gd,test_map_gen_touches_grids_spawn_marker_api_only_in_spawn_marking,,14591,0,0,0,0,0,0,"one mechanism, distinctly logged — no parallel systems"
unit/logic/test_map_gen_raised_rooms.gd,test_the_generator_still_authors_raised_rooms,,8016369,0,0,0,80,0,0,a generated map is multi-level and every raised area is reachable
unit/logic/test_map_gen_raised_rooms.gd,test_no_cover_object_sits_in_a_pit_of_its_own,,84870,0,0,0,0,0,0,nothing the generator places sits in a pit it cannot leave
unit/logic/test_map_gen_raised_rooms.gd,test_no_floored_cell_anywhere_sits_in_a_pit,,193536,0,0,0,0,0,0,nothing the generator places sits in a pit it cannot leave
unit/logic/test_map_gen_raised_rooms.gd,test_every_spawn_zone_has_a_uniform_floor_height,,23125,0,0,0,0,0,0,every spawn zone is walkable and reachable
unit/logic/test_map_gen_raised_rooms.gd,test_a_unit_on_any_spawn_cell_can_reach_more_than_its_own_cell,,2257046,0,0,0,318,0,0,every spawn zone is walkable and reachable
unit/logic/test_map_gen_reachability.gd,test_no_walkable_ground_is_unreachable_from_every_spawn_at_the_bout_board_size,,17830711,0,0,0,100,0,0,
unit/logic/test_map_gen_reachability.gd,test_the_rooms_zero_anchor_theory_is_measured_not_assumed,,1578223,0,0,0,0,0,0,
unit/logic/test_map_navigability.gd,test_no_generated_map_contains_ground_a_unit_cannot_leave,,589524,0,0,0,0,0,0,
unit/logic/test_map_navigability.gd,test_the_invariant_reports_a_pit_that_has_no_route_out,,15875,0,0,0,0,0,0,
unit/logic/test_map_navigability.gd,test_a_pit_deeper_than_a_step_is_repaired_with_a_ladder,,17707,0,0,0,0,0,0,
unit/logic/test_map_navigability.gd,test_every_repair_is_a_ladder_now_that_the_ramp_branch_is_gone,,16791,0,0,0,0,0,0,
unit/logic/test_map_navigability.gd,test_a_drop_within_the_step_height_never_strands,,16525,0,0,0,0,0,0,
unit/logic/test_map_navigability.gd,test_an_authored_map_that_fails_the_invariant_still_loads,,46569,0,0,0,0,0,0,
unit/logic/test_map_serializer.gd,test_a_generated_map_round_trips_through_the_format,,373324,0,0,0,2,0,0,
unit/logic/test_map_serializer.gd,test_stacked_surfaces_keep_their_authored_order,,14819,0,0,0,0,0,0,
unit/logic/test_map_serializer.gd,test_a_damaged_blocker_reloads_intact_because_parts_are_stored_by_id,,14222,0,0,0,0,0,0,
unit/logic/test_map_serializer.gd,test_occupancy_is_not_saved,,366707,0,0,0,2,0,0,
unit/logic/test_map_serializer.gd,test_a_placement_naming_an_unknown_part_is_rejected_with_the_name_in_it,,15615,0,0,0,0,0,0,
unit/logic/test_map_serializer.gd,test_a_placement_outside_the_grid_is_rejected_with_the_cell_in_it,,14102,0,0,0,0,0,0,
unit/logic/test_map_serializer.gd,test_an_unknown_placement_kind_is_rejected,,15280,0,0,0,0,0,0,
unit/logic/test_map_serializer.gd,test_two_blockers_on_one_cell_is_rejected_rather_than_silently_keeping_the_last,,14383,0,0,0,0,0,0,
unit/logic/test_map_serializer.gd,test_a_lenient_build_keeps_every_placement_it_can_draw,,15313,0,0,0,0,0,0,
unit/logic/test_map_serializer.gd,test_a_lenient_build_names_what_it_could_not_draw,,14679,0,0,0,0,0,0,
unit/logic/test_map_serializer.gd,test_strict_and_lenient_agree_on_a_map_with_nothing_to_skip,,426168,0,0,0,2,0,0,
unit/logic/test_map_serializer.gd,test_non_positive_dimensions_are_rejected,,14055,0,0,0,0,0,0,
unit/logic/test_map_serializer.gd,test_a_null_map_is_an_error_not_a_crash,,15011,0,0,0,0,0,0,
unit/logic/test_map_serializer.gd,test_mismatched_sparse_arrays_are_rejected,,14340,0,0,0,0,0,0,
unit/logic/test_map_serializer.gd,test_a_map_with_no_walkable_surface_still_loads_and_is_reported,,15436,0,0,0,0,0,0,
unit/logic/test_map_serializer.gd,test_a_generated_map_reports_no_authoring_problems,,347822,0,0,0,2,0,0,
unit/logic/test_map_serializer.gd,test_a_bout_on_a_round_tripped_map_is_identical_to_one_on_the_generated_map,,9490972,2,16,26776,36,16,48,
unit/logic/test_material_entry.gd,test_dt_at_interpolates_linearly_between_authored_points,,15303,0,0,0,0,0,0,"DT comes from the material's authored curve, interpolated and clamped"
unit/logic/test_material_entry.gd,test_dt_at_clamps_below_the_first_and_above_the_last_point,,14521,0,0,0,0,0,0,"DT comes from the material's authored curve, interpolated and clamped"
unit/logic/test_material_entry.gd,test_a_thicker_plate_of_the_same_material_yields_higher_dt,,15176,0,0,0,0,0,0,"DT comes from the material's authored curve, interpolated and clamped"
unit/logic/test_material_entry.gd,test_editing_a_curve_row_changes_dt_with_no_code_change,,14577,0,0,0,0,0,0,"a balance number is a data tunable, not a literal in code"
unit/logic/test_material_entry.gd,test_dt_at_falls_back_to_the_flat_dt_field_when_no_curve_is_authored,,15291,0,0,0,0,0,0,an unstated authored field takes its default
unit/logic/test_melee_delivery.gd,test_apply_lean_leaves_pose_idle_when_weapon_alone_covers_the_distance,,2483,0,0,0,0,0,0,a lean covers the reach shortfall and exposes the striker
unit/logic/test_melee_delivery.gd,test_apply_lean_sets_a_root_override_proportional_to_the_shortfall,,1486,0,0,0,0,0,0,a lean covers the reach shortfall and exposes the striker
unit/logic/test_melee_delivery.gd,test_reset_pose_snaps_back_to_idle,,971,0,0,0,0,0,0,a lean covers the reach shortfall and exposes the striker
unit/logic/test_melee_delivery.gd,test_a_small_lean_still_masked_by_cover_does_not_trigger,,23157,0,0,0,0,0,2,overwatch fires on a trigger inside its own window
unit/logic/test_melee_delivery.gd,test_a_large_lean_clears_cover_and_triggers,,8141,0,0,0,0,0,4,overwatch fires on a trigger inside its own window
unit/logic/test_melee_delivery.gd,test_a_larger_required_lean_exposes_more_than_a_smaller_one,,12514,0,0,0,0,0,6,a lean covers the reach shortfall and exposes the striker
unit/logic/test_melee_delivery.gd,test_an_unexposed_striker_cannot_be_interrupted,,6981,0,0,0,0,0,0,overwatch fires on a trigger inside its own window
unit/logic/test_melee_delivery.gd,test_find_step_in_cell_returns_null_when_already_in_reach,,7985,0,0,0,0,0,0,"a step-in cell is a reachable cell inside reach, or none at all"
unit/logic/test_melee_delivery.gd,test_find_step_in_cell_finds_a_reachable_cell_within_reach_of_the_target,,9565,0,0,0,1,0,0,"a step-in cell is a reachable cell inside reach, or none at all"
unit/logic/test_melee_delivery.gd,test_find_step_in_cell_is_a_legal_destination_for_a_real_move_action,,14012,0,0,0,2,0,0,"a step-in cell is a reachable cell inside reach, or none at all"
unit/logic/test_melee_delivery.gd,test_find_step_in_cell_returns_null_when_nothing_reachable_is_in_range,,7736,0,0,0,1,0,0,"a step-in cell is a reachable cell inside reach, or none at all"
unit/logic/test_melee_line.gd,test_zero_length_is_a_single_point_at_the_aim_point,,15549,0,0,0,0,0,0,a melee line hits every part it crosses
unit/logic/test_melee_line.gd,test_horizontal_line_spans_the_lateral_axis_centered_on_the_aim_point,,14131,0,0,0,0,0,0,a melee line hits every part it crosses
unit/logic/test_melee_line.gd,test_vertical_line_spans_the_real_height_axis_centered_on_the_aim_point,,15557,0,0,0,0,0,0,a melee line hits every part it crosses
unit/logic/test_melee_line.gd,test_diagonal_line_moves_both_axes_equally,,14317,0,0,0,0,0,0,a melee line hits every part it crosses
unit/logic/test_melee_line.gd,test_the_lines_own_span_matches_slash_length_exactly,,15406,0,0,0,0,0,0,a melee line hits every part it crosses
unit/logic/test_melee_line.gd,test_an_unrecognized_orientation_falls_back_to_horizontal_never_crashes,,14250,0,0,0,0,0,0,an unknown open-vocabulary id falls back rather than failing
unit/logic/test_melee_reach.gd,test_weapon_length_is_zero_for_an_unarmed_strike,,16278,0,0,0,0,0,0,total reach is shell reach plus weapon length
unit/logic/test_melee_reach.gd,test_weapon_length_is_zero_for_a_weapon_with_no_weapon_def,,14781,0,0,0,0,0,0,an unstated authored field takes its default
unit/logic/test_melee_reach.gd,test_total_reach_is_shell_reach_plus_weapon_length,,15572,0,0,0,0,0,0,total reach is shell reach plus weapon length
unit/logic/test_melee_reach.gd,test_lean_needed_is_zero_when_weapon_alone_covers_the_distance,,15779,0,0,0,0,0,0,a lean covers the reach shortfall and exposes the striker
unit/logic/test_melee_reach.gd,test_lean_needed_is_the_shortfall_after_weapon_length,,14890,0,0,0,0,0,0,a lean covers the reach shortfall and exposes the striker
unit/logic/test_melee_reach.gd,test_the_knife_and_spear_worked_example,,15938,0,0,0,0,0,0,total reach is shell reach plus weapon length
unit/logic/test_melee_reach.gd,test_in_reach_is_true_within_total_reach,,14259,0,0,0,0,0,0,melee reach bounds where a blade can land
unit/logic/test_melee_reach.gd,test_in_reach_is_false_beyond_total_reach,,15852,0,0,0,0,0,0,melee reach bounds where a blade can land
unit/logic/test_melee_reach.gd,test_a_weapon_with_no_authored_length_leans_on_shell_reach_alone,,14325,0,0,0,0,0,0,an unstated authored field takes its default
unit/logic/test_melee_reach.gd,test_distance_3d_matches_flat_distance_at_the_same_height,,15858,0,0,0,0,0,0,"distance is measured in three dimensions, height included"
unit/logic/test_melee_reach.gd,test_distance_3d_is_the_worked_example_square_root_of_two_when_one_up,,14660,0,0,0,0,0,0,"distance is measured in three dimensions, height included"
unit/logic/test_melee_reach.gd,test_a_reach_1_sword_cannot_hit_someone_1_up_but_a_reach_2_polearm_can,,15795,0,0,0,0,0,0,"distance is measured in three dimensions, height included"
unit/logic/test_membership_disagreement.gd,test_the_projector_and_the_view_disagree_and_this_is_br60_02,,14662,0,0,0,0,0,0,
unit/logic/test_membership_disagreement.gd,test_a_mangled_part_is_admitted_and_then_has_no_geometry_to_strike,,15878,0,0,0,0,0,0,
unit/logic/test_membership_disagreement.gd,test_a_destroyed_wall_is_mangled_only_because_mangle_is_the_default_failure_mode,,14368,0,0,0,0,0,0,
unit/logic/test_mission_state.gd,test_extract_banks_gathered_resources_and_items,,15728,0,0,0,0,0,0,extraction banks the run's loot; termination loses it
unit/logic/test_mission_state.gd,test_terminate_discards_gathered_loot,,14871,0,0,0,0,0,0,extraction banks the run's loot; termination loses it
unit/logic/test_mission_state.gd,test_extract_returns_every_matrix_to_the_roster,,16024,0,0,0,0,0,0,every matrix comes home whatever the outcome
unit/logic/test_mission_state.gd,test_terminate_still_returns_every_matrix_even_though_loot_is_lost,,14908,0,0,0,0,0,0,every matrix comes home whatever the outcome
unit/logic/test_mission_state.gd,test_a_carried_matrix_that_was_never_reimplanted_still_comes_home,,14498,0,0,0,0,0,0,every matrix comes home whatever the outcome
unit/logic/test_mission_state.gd,test_extract_sets_the_extracted_outcome,,15981,0,0,0,0,0,0,a mission ends in exactly one outcome
unit/logic/test_mission_state.gd,test_terminate_sets_the_terminated_outcome,,14575,0,0,0,0,0,0,a mission ends in exactly one outcome
unit/logic/test_mission_state.gd,test_strand_sets_the_stranded_outcome_and_still_returns_every_matrix,,16204,0,0,0,0,0,0,a mission ends in exactly one outcome
unit/logic/test_mission_state.gd,test_is_stranded_false_while_a_player_unit_is_alive,,15107,0,0,0,0,0,0,a mission ends in exactly one outcome
unit/logic/test_mission_state.gd,test_is_stranded_true_once_no_player_unit_remains_alive,,15909,0,0,0,0,0,0,a mission ends in exactly one outcome
unit/logic/test_mission_state.gd,test_squad_ready_to_extract_false_while_any_unit_is_still_active,,14613,0,0,0,0,0,0,the squad extracts once every unit is out or dead
unit/logic/test_mission_state.gd,test_squad_ready_to_extract_true_once_every_unit_has_extracted,,15273,0,0,0,0,0,0,the squad extracts once every unit is out or dead
unit/logic/test_mission_state.gd,test_squad_ready_to_extract_false_when_everyone_simply_died,,15203,0,0,0,0,0,0,the squad extracts once every unit is out or dead
unit/logic/test_mission_state.gd,test_squad_ready_to_extract_true_with_a_mix_of_extracted_and_dead,,16539,0,0,0,0,0,0,the squad extracts once every unit is out or dead
unit/logic/test_mission_state.gd,test_extract_unit_marks_the_unit_and_clears_its_grid_occupancy,,14704,0,1,0,0,0,0,extraction happens only at the zone
unit/logic/test_mission_state.gd,test_extract_unit_emits_a_per_unit_extract_event,,15939,0,1,0,0,0,0,every mutation emits a combat log event
unit/logic/test_mission_state.gd,test_extract_unit_triggers_the_full_mission_extract_once_the_squad_is_out,,14736,0,1,0,0,0,0,the squad extracts once every unit is out or dead
unit/logic/test_mission_state.gd,test_extract_unit_never_triggers_the_mission_for_a_non_player_squad,,14387,0,1,0,0,0,0,player advantage is asymmetric on purpose
unit/logic/test_mission_state.gd,test_extract_unit_does_not_trigger_the_mission_while_a_squadmate_is_still_active,,15878,0,1,0,0,0,0,the squad extracts once every unit is out or dead
unit/logic/test_mission_state.gd,test_complete_objective_only_tracks_known_ids_once,,14629,0,0,0,0,0,0,an objective completes when the thing it names is done
unit/logic/test_multi_level_geometry.gd,test_a_shot_between_units_on_different_levels_carries_a_real_vertical_component,,21259,0,0,0,0,0,1,"elevation changes the shot geometry, not the rules"
unit/logic/test_multi_level_geometry.gd,test_a_shooter_above_a_target_resolves_against_its_top_face,,19815,0,0,0,0,0,1,"elevation changes the shot geometry, not the rules"
unit/logic/test_multi_level_geometry.gd,test_a_shot_from_higher_ground_resolves_against_more_of_the_target,,25736,0,0,0,0,0,2,"elevation changes the shot geometry, not the rules"
unit/logic/test_one_aim_path.gd,test_the_player_and_the_ai_build_the_same_shot,,12592,0,0,0,0,0,0,
unit/logic/test_one_aim_path.gd,test_the_ai_leaves_the_aim_offset_at_centre,,12490,0,0,0,0,0,0,
unit/logic/test_one_aim_path.gd,test_only_the_catalog_constructs_a_firing_action,,22676,0,0,0,0,0,0,
unit/logic/test_one_aim_path.gd,test_the_aim_point_is_the_torso_centre_not_the_frontmost_region,,12798,0,0,0,0,0,1,
unit/logic/test_one_aim_path.gd,test_the_aim_point_sits_on_the_axis_at_every_range,,18039,0,0,0,0,0,2,
unit/logic/test_overwatch.gd,test_a_mover_whose_torso_stays_masked_by_cover_does_not_trigger,,21183,0,0,0,0,0,2,overwatch fires on a trigger inside its own window
unit/logic/test_overwatch.gd,test_a_mover_whose_torso_clears_cover_does_trigger,,21016,0,0,0,0,0,4,overwatch fires on a trigger inside its own window
unit/logic/test_overwatch.gd,test_a_real_bodied_overwatcher_still_triggers_against_its_own_body,,20627,0,0,0,0,0,4,overwatch fires on a trigger inside its own window
unit/logic/test_overwatch.gd,test_the_trigger_fires_at_the_first_qualifying_cell_not_the_nearest,,60255,0,0,0,0,0,4,overwatch fires on a trigger inside its own window
unit/logic/test_overwatch.gd,test_out_of_arc_movement_does_not_trigger,,20852,0,0,0,0,0,0,overwatch only threatens cells inside its authored arc
unit/logic/test_overwatch.gd,test_overwatch_fires_only_once,,20475,0,0,0,0,0,4,overwatch fires on a trigger inside its own window
unit/logic/test_overwatch.gd,test_the_exchange_is_logged,,21302,0,0,0,0,0,4,every mutation emits a combat log event
unit/logic/test_overwatch.gd,test_the_exchanges_own_impact_carries_real_origin_and_hit_geometry,,21565,0,0,0,0,0,4,a shot's logged geometry is the geometry it fired
unit/logic/test_overwatch.gd,test_the_exchange_is_deterministic_from_the_same_seed,,25729,0,0,0,0,0,8,the same seed produces the same battle
unit/logic/test_overwatch.gd,test_the_exchange_still_lands_against_an_elevated_mover,,21274,0,0,0,0,0,4,"elevation changes the shot geometry, not the rules"
unit/logic/test_overwatch.gd,test_torso_visible_agrees_with_an_independently_built_resolve_ray_call,,22962,0,0,0,0,0,4,"one mechanism, distinctly logged — no parallel systems"
unit/logic/test_overwatch.gd,test_would_trigger_at_reports_the_same_overwatcher_check_trigger_would_actually_fire,,20313,0,0,0,0,0,2,"one mechanism, distinctly logged — no parallel systems"
unit/logic/test_overwatch.gd,test_would_trigger_at_is_empty_when_out_of_arc,,20796,0,0,0,0,0,0,overwatch only threatens cells inside its authored arc
unit/logic/test_overwatch.gd,test_would_trigger_at_evaluates_a_hypothetical_cell_not_the_movers_real_one,,26115,0,0,0,0,0,2,a preview mutates nothing
unit/logic/test_overwatch.gd,test_would_trigger_at_never_mutates_the_real_state,,25281,0,0,0,0,0,2,a preview mutates nothing
unit/logic/test_overwatch.gd,test_would_trigger_at_ignores_the_dead,,20238,0,0,0,0,0,0,the dead take no part in resolution
unit/logic/test_overwatch.gd,test_arc_deg_is_reconciled_to_30,,15171,0,0,0,0,0,0,"a balance number is a data tunable, not a literal in code"
unit/logic/test_overwatch.gd,test_a_cell_between_30_and_45_degrees_no_longer_triggers,,19994,0,0,0,0,0,0,overwatch only threatens cells inside its authored arc
unit/logic/test_overwatch.gd,test_a_cell_well_inside_30_degrees_still_triggers,,21083,0,0,0,0,0,2,overwatch only threatens cells inside its authored arc
unit/logic/test_overwatch.gd,test_arc_cells_matches_would_trigger_at_exhaustively,,1560630,0,0,0,0,0,68,"one mechanism, distinctly logged — no parallel systems"
unit/logic/test_overwatch.gd,test_arc_cells_is_empty_when_the_overwatcher_is_unarmed,,21069,0,0,0,0,0,0,an action requires a part that provides it
unit/logic/test_overwatch.gd,test_all_threatened_cells_unions_across_every_armed_overwatcher,,3220935,0,0,0,0,0,1280,overwatch only threatens cells inside its authored arc
unit/logic/test_overwatch.gd,test_all_threatened_cells_never_includes_the_mover_threatening_itself,,24547,0,0,0,0,0,0,overwatch only threatens cells inside its authored arc
unit/logic/test_part_graph.gd,test_torso_with_12_shoulder_sockets_hosts_12_arms,,15060,0,0,0,0,0,0,"a part attaches to any matching socket, with no parent-specific code"
unit/logic/test_part_graph.gd,test_part_mounts_on_any_shoulder_any_shell_no_parent_specific_code,,16163,0,0,0,0,0,0,"a part attaches to any matching socket, with no parent-specific code"
unit/logic/test_part_graph.gd,test_deep_tree_sibling_parts_do_not_block_each_other,,14884,0,0,0,0,0,0,"a part attaches to any matching socket, with no parent-specific code"
unit/logic/test_part_graph.gd,test_drill_on_wrist_exposes_no_grip_so_pistol_attach_fails,,16000,0,0,0,0,0,0,an action refuses an illegal socket attachment
unit/logic/test_part_graph.gd,test_attach_rejects_type_mismatch,,14521,0,0,0,0,0,0,an action refuses an illegal socket attachment
unit/logic/test_part_graph.gd,test_attach_rejects_occupied_socket,,14787,0,0,0,0,0,0,an action refuses an illegal socket attachment
unit/logic/test_part_graph.gd,test_attach_rejects_cycle,,15596,0,0,0,0,0,0,an assembly can never contain itself
unit/logic/test_part_graph.gd,test_attach_rejects_self_attachment,,14943,0,0,0,0,0,0,an assembly can never contain itself
unit/logic/test_part_graph.gd,test_attach_rejects_socket_not_owned_by_target,,15484,0,0,0,0,0,0,an action refuses an illegal socket attachment
unit/logic/test_part_graph.gd,test_destroying_a_part_drops_its_subtree_intact,,15621,0,0,0,0,0,0,"a joint has its own HP, and depleting it severs the subtree intact"
unit/logic/test_part_graph.gd,test_drop_returns_false_when_part_not_in_assembly,,15021,0,0,0,0,0,0,a part detaches from an assembly without disturbing the rest
unit/logic/test_part_graph.gd,test_rifle_usable_by_hand_and_saw_together,,14487,0,0,0,0,0,0,"a weapon needs its required manipulator capabilities, from whichever parts"
unit/logic/test_part_graph.gd,test_pistol_not_usable_by_saw_alone,,15937,0,0,0,0,0,0,"a weapon needs its required manipulator capabilities, from whichever parts"
unit/logic/test_part_graph.gd,test_saw_adds_no_power_to_melee_swing,,14560,0,0,0,0,0,0,"a weapon needs its required manipulator capabilities, from whichever parts"
unit/logic/test_part_graph.gd,test_single_versatile_hand_cannot_alone_satisfy_a_two_slot_weapon,,16027,0,0,0,0,0,0,"a weapon needs its required manipulator capabilities, from whichever parts"
unit/logic/test_part_graph.gd,test_part_with_no_requirements_is_always_operable,,14528,0,0,0,0,0,0,an unstated authored field takes its default
unit/logic/test_part_graph.gd,test_find_socket_returns_the_socket_with_that_id_regardless_of_declaration_order,,16216,0,0,0,0,0,0,"a part attaches to any matching socket, with no parent-specific code"
unit/logic/test_part_graph.gd,test_find_socket_returns_null_for_an_unknown_id,,14642,0,0,0,0,0,0,an open-vocabulary id is checked against the real vocabulary
unit/logic/test_part_graph.gd,test_walk_with_joints_adds_one_joint_per_occupied_socket_at_every_depth,,14624,0,0,0,0,0,0,assembly traversal reaches every part
unit/logic/test_part_graph.gd,test_walk_with_joints_matches_walk_with_nothing_attached,,16444,0,0,0,0,0,0,assembly traversal reaches every part
unit/logic/test_part_picker.gd,test_a_straight_down_ray_through_a_units_box_still_hits_that_unit,,16068,0,0,0,0,0,0,a picking ray returns the nearest thing along it
unit/logic/test_part_picker.gd,test_a_ray_through_a_blocker_reports_the_blocker_part_with_a_null_unit,,15322,0,0,0,0,0,0,a picking ray returns the nearest thing along it
unit/logic/test_part_picker.gd,test_a_ray_through_a_loose_field_part_reports_it_with_a_null_unit,,15478,0,0,0,0,0,0,a picking ray returns the nearest thing along it
unit/logic/test_part_picker.gd,test_a_loose_matrix_field_item_is_never_a_candidate,,17459,0,0,0,0,0,0,a picking ray returns the nearest thing along it
unit/logic/test_part_picker.gd,test_the_nearer_of_a_unit_and_a_blocker_along_the_same_ray_wins,,17359,0,0,0,0,0,0,a picking ray returns the nearest thing along it
unit/logic/test_part_picker.gd,test_the_nearer_blocker_wins_over_a_farther_unit,,16035,0,0,0,0,0,0,a picking ray returns the nearest thing along it
unit/logic/test_part_picker.gd,test_a_ray_that_misses_everything_returns_nothing,,16165,0,0,0,0,0,0,"a degenerate input yields an empty result, never an error"
unit/logic/test_part_picker.gd,test_a_pick_reports_the_face_it_struck,,14900,0,0,0,0,0,0,
unit/logic/test_part_picker.gd,test_the_normal_a_pick_reports_is_the_one_the_march_reports,,29087,0,0,0,0,0,0,
unit/logic/test_part_picker.gd,test_a_miss_reports_no_normal_rather_than_a_zero_vector,,14577,0,0,0,0,0,0,
unit/logic/test_part_picker.gd,test_a_pick_against_a_unit_reports_the_struck_face_too,,15948,0,0,0,0,0,0,
unit/logic/test_pathfinder.gd,test_astar_straight_line_uniform_cost,,11704,0,0,0,1,0,0,a path costs MP by the terrain it crosses
unit/logic/test_pathfinder.gd,test_astar_is_unaffected_by_a_uniform_level_shift,,13870,0,0,0,2,0,0,"elevation change decides whether a move is a step, a climb or a drop"
unit/logic/test_pathfinder.gd,test_astar_now_reacts_to_a_genuine_ledge,,10855,0,0,0,1,0,0,"elevation change decides whether a move is a step, a climb or a drop"
unit/logic/test_pathfinder.gd,test_climb_capable_unit_routes_over_a_1_level_ledge_at_4_mp,,9971,0,0,0,1,0,0,climbing and dropping cost MP by the height crossed
unit/logic/test_pathfinder.gd,test_non_climb_capable_unit_has_no_path_over_a_ledge,,9685,0,0,0,1,0,0,an action requires a part that provides it
unit/logic/test_pathfinder.gd,test_climb_capable_unit_prefers_a_cheaper_stair_route_over_climbing,,11428,0,0,0,1,0,0,
unit/logic/test_pathfinder.gd,test_a_step_within_step_height_costs_1_mp_and_changes_height,,10473,0,0,0,1,0,0,
unit/logic/test_pathfinder.gd,test_a_2_level_drop_is_a_legal_1_mp_edge,,9900,0,0,0,1,0,0,climbing and dropping cost MP by the height crossed
unit/logic/test_pathfinder.gd,test_a_3_level_drop_is_not_a_legal_edge,,12119,0,0,0,1,0,0,"elevation change decides whether a move is a step, a climb or a drop"
unit/logic/test_pathfinder.gd,test_astar_routes_around_single_blocked_cell,,11981,0,0,0,1,0,0,"a path routes around what blocks it, or reports none"
unit/logic/test_pathfinder.gd,test_astar_prefers_the_smoother_of_two_equal_cost_paths,,23162,0,0,0,1,0,0,candidate selection is deterministic and stably tie-broken
unit/logic/test_pathfinder.gd,test_astar_total_cost_is_unchanged_across_a_corpus_of_open_ground_paths,,26193,0,0,0,8,0,0,a path costs MP by the terrain it crosses
unit/logic/test_pathfinder.gd,test_astar_with_no_diagonal_shortcut_is_unchanged,,13048,0,0,0,1,0,0,a path costs MP by the terrain it crosses
unit/logic/test_pathfinder.gd,test_astar_is_deterministic,,23757,0,0,0,2,0,0,a build is reproducible from the same inputs
unit/logic/test_pathfinder.gd,test_astar_returns_empty_when_unreachable,,10921,0,0,0,1,0,0,"a path routes around what blocks it, or reports none"
unit/logic/test_pathfinder.gd,test_astar_same_cell_returns_single_cell_path,,10277,0,0,0,1,0,0,"a degenerate input yields an empty result, never an error"
unit/logic/test_pathfinder.gd,test_astar_succeeds_when_origin_cell_is_occupied_by_the_mover_itself,,12886,0,0,0,1,0,0,"a path routes around what blocks it, or reports none"
unit/logic/test_pathfinder.gd,test_astar_rejects_occupied_destination,,11310,0,0,0,1,0,0,"a path routes around what blocks it, or reports none"
unit/logic/test_pathfinder.gd,test_reachable_respects_mp_budget_exactly,,10401,0,0,0,3,0,0,a path costs MP by the terrain it crosses
unit/logic/test_pathfinder.gd,test_reachable_excludes_blocked_cells,,12435,0,0,0,1,0,0,"a path routes around what blocks it, or reports none"
unit/logic/test_pathfinder.gd,test_reachable_includes_origin_at_zero_cost,,10327,0,0,0,1,0,0,"a path routes around what blocks it, or reports none"
unit/logic/test_pathfinder.gd,test_move_cost_treats_occupied_cell_as_blocked,,9996,0,0,0,0,0,0,"a path routes around what blocks it, or reports none"
unit/logic/test_pathfinder.gd,test_move_cost_treats_a_field_object_cell_as_blocked,,11235,0,0,0,0,0,0,"a path routes around what blocks it, or reports none"
unit/logic/test_pathfinder.gd,test_move_cost_treats_a_destroyed_field_object_as_passable,,10622,0,0,0,0,0,0,a destroyed part stops contributing
unit/logic/test_pathfinder.gd,test_an_intact_wall_blocks_movement_a_destroyed_one_does_not,,10243,0,0,0,0,0,0,a destroyed part stops contributing
unit/logic/test_pathfinder.gd,test_astar_routes_around_a_field_object,,11854,0,0,0,1,0,0,"a path routes around what blocks it, or reports none"
unit/logic/test_pathfinder.gd,test_nearest_matching_returns_the_nearest_match_by_path_cost_not_discovery_order,,10334,0,0,0,0,0,0,"distance means path distance, not straight line"
unit/logic/test_pathfinder.gd,test_nearest_matching_respects_the_radius_cap,,10911,0,0,0,0,0,0,"distance means path distance, not straight line"
unit/logic/test_pathfinder.gd,test_nearest_matching_returns_null_when_nothing_matches,,11907,0,0,0,0,0,0,"a degenerate input yields an empty result, never an error"
unit/logic/test_pathfinder.gd,test_nearest_matching_never_crosses_a_blocked_cell,,10182,0,0,0,0,0,0,"a path routes around what blocks it, or reports none"
unit/logic/test_pathfinder.gd,test_truncate_to_budget_stops_at_the_affordable_prefix,,9989,0,0,0,0,0,0,a path costs MP by the terrain it crosses
unit/logic/test_pathfinder.gd,test_truncate_to_budget_stops_before_a_cell_it_cannot_afford_even_partially,,10848,0,0,0,0,0,0,a path costs MP by the terrain it crosses
unit/logic/test_pathfinder.gd,test_truncate_to_budget_on_an_empty_path_returns_empty,,10863,0,0,0,0,0,0,"a degenerate input yields an empty result, never an error"
unit/logic/test_pathfinder.gd,test_placement_mode_an_unfloored_cell_has_no_inbound_edge,,10003,0,0,0,1,0,0,placement mode routes only over walkable authored surfaces
unit/logic/test_pathfinder.gd,test_placement_mode_rejects_a_surface_missing_the_walkable_tag,,10889,0,0,0,0,0,0,placement mode routes only over walkable authored surfaces
unit/logic/test_pathfinder.gd,test_placement_mode_partial_climb_cost_rounds_up,,9999,0,0,0,0,0,0,climbing and dropping cost MP by the height crossed
unit/logic/test_pathfinder.gd,test_placement_mode_a_ramp_tag_buys_no_traversal_the_geometry_did_not_earn,,9871,0,0,0,0,0,0,
unit/logic/test_penetration_traverses_body.gd,test_effective_dt_is_the_same_material_regardless_of_box_thickness,,16718,0,0,0,0,0,0,"DT comes from the material's authored curve, interpolated and clamped"
unit/logic/test_penetration_traverses_body.gd,test_a_high_dt_material_stops_what_a_soft_one_lets_through,,17164,0,0,0,0,0,0,penetration decides whether a hit passes through or deflects
unit/logic/test_penetration_traverses_body.gd,test_a_through_shot_exits_the_front_unit_and_hits_the_unit_behind,,18853,0,0,0,0,0,2,penetration spill carries through to the part behind
unit/logic/test_penetration_traverses_body.gd,test_a_hollow_part_with_enough_damage_is_struck_entering_and_exiting,,19029,0,0,0,0,0,2,penetration spill carries through to the part behind
unit/logic/test_penetration_traverses_body.gd,test_a_round_that_floors_inside_a_hollow_shell_inflicts_a_lodged_wound,,18172,0,0,0,0,0,2,a round that stops inside a hollow part lodges a wound
unit/logic/test_penetration_traverses_body.gd,test_a_lodged_wound_is_logged_independent_of_part_destruction,,17115,0,0,0,0,0,1,a round that stops inside a hollow part lodges a wound
unit/logic/test_penetration_traverses_body.gd,test_a_round_stopped_on_a_solid_part_never_lodges_a_wound,,17689,0,0,0,0,0,2,a round that stops inside a hollow part lodges a wound
unit/logic/test_penetration_traverses_body.gd,test_multi_layer_traversal_is_deterministic_across_runs_with_the_same_seed,,17100,0,0,0,0,0,4,the same seed produces the same battle
unit/logic/test_per_tier_probe.gd,test_the_completion_probe_reports_per_tier_and_the_mixed_roster,,2584054,3,12,28161,30,12,0,
unit/logic/test_per_tier_probe.gd,test_every_tier_is_measured_over_the_same_seeds,,5062200,6,24,53921,60,24,0,
unit/logic/test_per_tier_probe.gd,test_the_mixed_row_is_labelled,,16316,0,0,0,0,0,0,
unit/logic/test_per_tier_probe.gd,test_neither_completion_threshold_was_adjusted_in_this_block,,16307,0,0,0,0,0,0,
unit/logic/test_perf_stats.gd,test_the_supervisors_worked_example_reads_ten_not_forty,,14340,0,0,0,0,0,0,the frame-rate readout is a real rate over a time-bounded window
unit/logic/test_perf_stats.gd,test_it_reports_what_fraction_of_frames_it_kept,,15062,0,0,0,0,0,0,a diagnostic's data form and its prose carry the same facts
unit/logic/test_perf_stats.gd,test_the_cut_sits_at_ninety_nine_percent_of_the_fastest_frame,,14649,0,0,0,0,0,0,the frame-rate readout is a real rate over a time-bounded window
unit/logic/test_perf_stats.gd,test_a_perfectly_steady_framerate_reports_its_own_average,,15387,0,0,0,0,0,0,"a degenerate input yields an empty result, never an error"
unit/logic/test_perf_stats.gd,test_the_one_percent_low_averages_the_slowest_one_percent,,14868,0,0,0,0,0,0,the frame-rate readout is a real rate over a time-bounded window
unit/logic/test_perf_stats.gd,test_a_one_percent_figure_waits_for_enough_frames,,15419,0,0,0,0,0,0,"a degenerate input yields an empty result, never an error"
unit/logic/test_perf_stats.gd,test_rolling_publishes_once_per_window_as_a_real_rate,,14573,0,0,0,0,0,0,the frame-rate readout is a real rate over a time-bounded window
unit/logic/test_perf_stats.gd,test_the_window_tick_fires_once_per_window,,14042,0,0,0,0,0,0,a signal fires only when the value really changed
unit/logic/test_perf_stats.gd,test_a_zero_delta_is_dropped_rather_than_clamped,,15259,0,0,0,0,0,0,"a degenerate input yields an empty result, never an error"
unit/logic/test_perf_stats.gd,test_reset_clears_every_figure,,14420,0,0,0,0,0,0,"the work counters count real work, and reset to nothing"
unit/logic/test_perf_stats.gd,test_the_readout_and_the_snapshot_agree,,15660,0,0,0,0,0,0,a diagnostic's data form and its prose carry the same facts
unit/logic/test_perf_stats.gd,test_a_catch_up_frame_is_visible_by_what_precedes_it,,14548,0,0,0,0,0,0,a performance figure states what it measured and how much it discarded
unit/logic/test_perf_stats.gd,test_the_fastest_frame_of_a_steady_run_has_ordinary_neighbours,,15616,0,0,0,0,0,0,a performance figure states what it measured and how much it discarded
unit/logic/test_perf_stats.gd,test_a_fastest_frame_at_the_edge_reports_no_neighbour,,14389,0,0,0,0,0,0,a performance figure states what it measured and how much it discarded
unit/logic/test_perf_stats.gd,test_the_readout_carries_the_fastest_frames_neighbourhood,,14263,0,0,0,0,0,0,a performance figure states what it measured and how much it discarded
unit/logic/test_picker_surfaces.gd,test_a_ray_onto_a_floor_strikes_it_when_surfaces_are_included,,16551,0,0,0,0,0,0,
unit/logic/test_picker_surfaces.gd,test_the_struck_face_of_a_floor_from_above_is_its_top,,15509,0,0,0,0,0,0,
unit/logic/test_picker_surfaces.gd,test_a_click_on_a_floor_places_on_top_of_it,,15428,0,0,0,0,0,0,
unit/logic/test_picker_surfaces.gd,test_a_click_on_a_raised_floor_places_on_that_floor,,16428,0,0,0,0,0,0,
unit/logic/test_picker_surfaces.gd,test_surfaces_are_not_picked_unless_asked_for,,15140,0,0,0,0,0,0,
unit/logic/test_picker_surfaces.gd,test_a_blocker_still_wins_over_the_floor_under_it,,15494,0,0,0,0,0,0,
unit/logic/test_placed_volume.gd,test_the_authored_wall_keeps_its_own_hp_at_its_own_size,,15532,0,0,0,0,0,0,
unit/logic/test_placed_volume.gd,test_a_resized_walls_hp_is_proportional_to_its_volume,,15484,0,0,0,0,0,0,
unit/logic/test_placed_volume.gd,test_the_three_by_three_by_half_wall_is_one_part,,15397,0,0,0,0,0,0,
unit/logic/test_placed_volume.gd,test_resizing_scales_about_the_parts_own_extent,,15648,0,0,0,0,0,0,
unit/logic/test_placed_volume.gd,test_a_part_with_no_density_keeps_its_authored_hp_at_any_size,,15646,0,0,0,0,0,0,
unit/logic/test_placed_volume.gd,test_an_unsized_placement_is_the_part_untouched,,15474,0,0,0,0,0,0,
unit/logic/test_placed_volume.gd,test_hp_floors_at_one_rather_than_arriving_broken,,15314,0,0,0,0,0,0,
unit/logic/test_placed_volume.gd,test_volume_sums_the_boxes_rather_than_bounding_them,,16175,0,0,0,0,0,0,
unit/logic/test_placed_volume.gd,test_a_sized_wall_reaches_the_board_at_that_size_and_leaves_a_hole_of_it,,19460,0,0,0,0,0,0,
unit/logic/test_placed_volume.gd,test_an_unsized_placement_is_the_authored_part_unchanged,,15528,0,0,0,0,0,0,
unit/logic/test_placement_position.gd,test_an_authored_map_round_trips_cell_for_cell,,38746,0,0,0,0,0,0,
unit/logic/test_placement_position.gd,test_moving_a_placement_updates_the_index_and_leaves_no_stale_entry,,19039,0,0,0,0,0,0,
unit/logic/test_placement_position.gd,test_moving_the_last_placement_off_a_cell_empties_that_cell,,15710,0,0,0,0,0,0,
unit/logic/test_placement_position.gd,test_moving_a_placement_the_grid_does_not_hold_is_refused,,16423,0,0,0,0,0,0,
unit/logic/test_placement_position.gd,test_the_index_preserves_placement_order_within_a_cell,,16477,0,0,0,0,0,0,
unit/logic/test_placement_position.gd,test_clearing_a_cell_removes_its_placements_from_the_store_too,,18205,0,0,0,0,0,0,
unit/logic/test_placement_position.gd,test_a_duplicated_grid_gets_its_own_store_and_index,,20324,0,0,0,0,0,0,
unit/logic/test_placement_position.gd,test_the_flat_walk_and_the_cell_walk_cover_the_same_set,,24347,0,0,0,0,0,0,
unit/logic/test_placement_position.gd,test_ground_still_refuses_a_second_placement_on_an_occupied_cell,,15285,0,0,0,0,0,0,
unit/logic/test_plate_geometry.gd,test_a_torso_sized_wedge_exists_and_assembles,,15517,0,0,0,0,0,0,authored armour geometry sits flush with the host it clads
unit/logic/test_plate_geometry.gd,test_wedge_plates_point_their_apex_toward_incoming_fire,,15869,0,0,0,0,0,0,the surface normal is the face actually hit
unit/logic/test_plate_geometry.gd,test_thigh_exists_between_torso_and_limb_size_and_assembles_a_plate,,16036,0,0,0,0,0,0,authored armour geometry sits flush with the host it clads
unit/logic/test_plate_geometry.gd,test_half_cylinder_plate_sits_flush_with_its_host_never_inside_it,,16088,0,0,0,0,0,0,authored armour geometry sits flush with the host it clads
unit/logic/test_plate_geometry.gd,test_half_cylinder_plate_is_half_the_old_width_and_depth_and_thigh_tall,,15628,0,0,0,0,0,0,authored armour geometry sits flush with the host it clads
unit/logic/test_power_drives_ap.gd,test_ap_derives_from_reactor_power_alone,,15914,0,0,0,0,0,0,AP derives from the shell's own power balance
unit/logic/test_power_drives_ap.gd,test_ap_derives_from_battery_power_alone,,15685,0,0,0,0,0,0,AP derives from the shell's own power balance
unit/logic/test_power_drives_ap.gd,test_ap_derives_from_reactor_and_battery_combined,,15973,0,0,0,0,0,0,AP derives from the shell's own power balance
unit/logic/test_power_drives_ap.gd,test_destroying_the_only_reactor_crumbles_ap_to_zero_next_turn,,16630,0,1,0,0,0,0,AP derives from the shell's own power balance
unit/logic/test_power_drives_ap.gd,test_a_battery_only_shells_ap_falls_as_the_battery_drains,,16132,0,3,0,0,0,0,AP derives from the shell's own power balance
unit/logic/test_power_drives_ap.gd,test_a_consumer_lowers_ap_below_what_the_reactor_alone_would_give,,15717,0,0,0,0,0,0,AP derives from the shell's own power balance
unit/logic/test_power_drives_ap.gd,test_a_consumer_that_eats_the_whole_output_floors_ap_at_zero_not_negative,,16560,0,0,0,0,0,0,AP derives from the shell's own power balance
unit/logic/test_power_drives_ap.gd,test_a_destroyed_consumer_stops_drawing_power,,16644,0,1,0,0,0,0,a destroyed part stops contributing
unit/logic/test_power_drives_ap.gd,test_the_curve_bends_down_past_the_flat_baseline,,15673,0,0,0,0,0,0,the power-to-AP curve diminishes and clamps at its own ends
unit/logic/test_power_drives_ap.gd,test_the_curve_is_one_to_one_up_to_the_flat_baseline,,15904,0,0,0,0,0,0,the power-to-AP curve diminishes and clamps at its own ends
unit/logic/test_power_drives_ap.gd,test_the_curve_clamps_at_its_own_outer_ends,,16399,0,0,0,0,0,0,the power-to-AP curve diminishes and clamps at its own ends
unit/logic/test_power_drives_ap.gd,test_the_curve_keeps_diminishing_past_its_second_bend,,16516,0,0,0,0,0,0,the power-to-AP curve diminishes and clamps at its own ends
unit/logic/test_power_drives_ap.gd,test_batteries_recharge_from_reactor_power,,16298,0,0,0,0,0,0,"a battery recharges from spare reactor power, up to capacity"
unit/logic/test_power_drives_ap.gd,test_recharge_never_exceeds_capacity,,16623,0,0,0,0,0,0,"a battery recharges from spare reactor power, up to capacity"
unit/logic/test_power_drives_ap.gd,test_recharge_is_a_no_op_with_no_reactor_power,,16463,0,0,0,0,0,0,"a battery recharges from spare reactor power, up to capacity"
unit/logic/test_power_drives_ap.gd,test_reactor_and_battery_power_stats_are_authored_data,,16158,0,0,0,0,0,0,"a balance number is a data tunable, not a literal in code"
unit/logic/test_power_drives_ap.gd,test_a_shell_with_no_power_system_is_unaffected_by_a_turn_cycle,,16454,0,1,0,0,0,0,"a degenerate input yields an empty result, never an error"
unit/logic/test_power_drives_ap.gd,test_a_tool_battery_never_contributes_to_the_whole_shell_ap_economy,,16662,0,1,0,0,0,0,AP derives from the shell's own power balance
unit/logic/test_proving_ground_map.gd,test_the_committed_map_loads_and_looks_like_its_authored_shape,,63946,0,0,0,0,0,0,
unit/logic/test_proving_ground_map.gd,test_the_map_has_three_distinct_elevations,,33249,0,0,0,0,0,0,
unit/logic/test_proving_ground_map.gd,test_the_high_ledges_are_stacked_over_the_platform,,34906,0,0,0,0,0,0,
unit/logic/test_proving_ground_map.gd,test_both_spawns_are_placed_on_walkable_ground,,34123,0,0,0,0,0,0,
unit/logic/test_proving_ground_map.gd,test_the_committed_map_round_trips,,49826,0,0,0,0,0,0,
unit/logic/test_queue_log.gd,test_queueing_a_move_says_where_it_is_going,,52166,0,0,0,2,0,0,
unit/logic/test_queue_log.gd,test_queueing_a_non_move_action_names_the_action,,35288,0,0,0,0,0,0,
unit/logic/test_queue_log.gd,test_a_rejected_action_produces_no_confirmation,,44318,0,0,0,1,0,0,
unit/logic/test_queue_log.gd,test_undoing_the_last_action_logs_a_cancellation,,53232,0,0,0,2,0,0,
unit/logic/test_queue_log.gd,test_undoing_an_empty_queue_logs_nothing,,27207,0,0,0,0,0,0,
unit/logic/test_queue_log.gd,test_resetting_the_turn_cancels_every_queued_action,,68975,0,0,0,3,0,0,
unit/logic/test_queue_log.gd,test_consecutive_queue_entries_fold_into_one_drillable_row,,84954,0,0,0,4,0,0,
unit/logic/test_queue_log.gd,test_queues_and_cancels_do_not_fold_into_each_other,,66625,0,0,0,3,0,0,
unit/logic/test_queue_log.gd,test_reaching_past_the_one_path_is_what_loses_the_confirmation,,54297,0,0,0,1,0,0,
unit/logic/test_queue_log.gd,test_the_entries_are_filed_under_tactics,,34711,0,0,0,0,0,0,
unit/logic/test_queue_log.gd,test_the_fixture_produces_a_real_log,,34080,0,0,0,0,0,0,
unit/logic/test_ramp_geometry.gd,test_edge_heights_match_the_settled_profile,,14457,0,0,0,0,0,0,"a ramp's edge heights come from its own profile, not its facing"
unit/logic/test_ramp_geometry.gd,test_edge_heights_are_unaffected_by_facing,,15484,0,0,0,0,0,0,"a ramp's edge heights come from its own profile, not its facing"
unit/logic/test_ramp_geometry.gd,test_edge_heights_offset_by_base_height,,14419,0,0,0,0,0,0,"a ramp's edge heights come from its own profile, not its facing"
unit/logic/test_ramp_geometry.gd,test_standing_offset_matches_the_lateral_edge_offset,,15141,0,0,0,0,0,0,"a ramp's edge heights come from its own profile, not its facing"
unit/logic/test_range_gives_internals_meaning.gd,test_a_known_position_aim_scatters_wider_beyond_effective_range,,15952,0,0,0,0,0,1,scatter widens with range
unit/logic/test_range_gives_internals_meaning.gd,test_a_known_position_aim_offset_never_changes_the_range_band_a_shot_is_judged_against,,17617,0,0,0,0,0,2,a weapon's range bounds where it can fire
unit/logic/test_range_model.gd,test_full_accuracy_at_or_under_effective_range,,15422,0,0,0,0,0,0,accuracy degrades linearly between effective and max range
unit/logic/test_range_model.gd,test_accuracy_degrades_linearly_between_effective_and_max,,14203,0,0,0,0,0,0,accuracy degrades linearly between effective and max range
unit/logic/test_range_model.gd,test_accuracy_floor_at_max_range,,15520,0,0,0,0,0,0,accuracy degrades linearly between effective and max range
unit/logic/test_range_model.gd,test_is_in_max_range_blocks_beyond_max_but_not_at_or_under_it,,14088,0,0,0,0,0,0,a weapon's range bounds where it can fire
unit/logic/test_range_model.gd,test_an_unauthored_weapon_def_is_uncapped_and_full_accuracy,,15430,0,0,0,0,0,0,an unstated authored field takes its default
unit/logic/test_range_model.gd,test_a_weapon_with_no_weapon_def_at_all_is_uncapped_and_full_accuracy,,14141,0,0,0,0,0,0,an unstated authored field takes its default
unit/logic/test_range_model.gd,test_min_range_blocks_a_non_dud_weapon,,13799,0,0,0,0,0,0,a weapon's range bounds where it can fire
unit/logic/test_range_model.gd,test_min_range_dud_weapon_is_never_blocked_but_flagged_as_dud,,15547,0,0,0,0,0,0,a weapon's range bounds where it can fire
unit/logic/test_ray_caster.gd,test_ray_box_hit_reports_the_face_it_entered_through,,15530,0,0,0,0,0,0,the surface normal is the face actually hit
unit/logic/test_ray_caster.gd,test_a_rotated_box_reports_a_rotated_normal,,14430,0,0,0,0,0,0,the surface normal is the face actually hit
unit/logic/test_ray_caster.gd,test_a_ray_starting_inside_a_box_is_flagged,,13992,0,0,0,0,0,0,a picking ray returns the nearest thing along it
unit/logic/test_ray_caster.gd,test_ray_box_t_agrees_with_ray_box_hit,,15728,0,0,0,0,0,0,a picking ray returns the nearest thing along it
unit/logic/test_ray_caster.gd,test_the_nearest_thing_along_the_ray_wins,,44476,0,0,0,0,0,0,a picking ray returns the nearest thing along it
unit/logic/test_ray_caster.gd,test_excluded_parts_are_skipped_entirely,,28392,0,0,0,0,0,0,a picking ray returns the nearest thing along it
unit/logic/test_ray_caster.gd,test_a_wall_is_struck_and_attributed_to_its_cell,,27362,0,0,0,0,0,0,a picking ray returns the nearest thing along it
unit/logic/test_ray_caster.gd,test_a_dropped_field_item_is_struck,,28348,0,0,0,0,0,0,a picking ray returns the nearest thing along it
unit/logic/test_ray_caster.gd,test_a_blocker_on_a_raised_cell_is_hit_where_it_is_drawn,,21659,0,0,0,0,0,0,a picking ray returns the nearest thing along it
unit/logic/test_ray_caster.gd,test_the_picker_and_the_march_agree_about_a_raised_blocker,,22005,0,0,0,0,0,0,a picking ray returns the nearest thing along it
unit/logic/test_ray_caster.gd,test_a_joint_is_a_candidate_in_the_march,,27959,0,0,0,0,0,0,a picking ray returns the nearest thing along it
unit/logic/test_ray_caster.gd,test_the_same_ray_resolves_identically_across_runs,,44651,0,0,0,0,0,0,a picking ray returns the nearest thing along it
unit/logic/test_ray_chain.gd,test_a_shot_inside_a_closed_room_always_strikes_something,,159636,0,0,0,0,0,0,penetration decides whether a hit passes through or deflects
unit/logic/test_ray_chain.gd,test_a_stop_dead_chain_has_exactly_one_segment,,28924,0,0,0,0,0,0,penetration decides whether a hit passes through or deflects
unit/logic/test_ray_chain.gd,test_a_deflections_second_segment_ends_where_geometry_says,,34000,0,0,0,0,0,0,penetration decides whether a hit passes through or deflects
unit/logic/test_ray_chain.gd,test_a_penetration_continues_along_the_same_heading,,40029,0,0,0,0,0,0,penetration decides whether a hit passes through or deflects
unit/logic/test_ray_chain.gd,test_a_penetrating_round_never_strikes_the_same_box_twice,,38260,0,0,0,0,0,0,penetration decides whether a hit passes through or deflects
unit/logic/test_ray_chain.gd,test_a_hollow_part_is_struck_entering_and_exiting,,38533,0,0,0,0,0,0,penetration decides whether a hit passes through or deflects
unit/logic/test_ray_chain.gd,test_a_seeded_shot_resolves_identically_across_runs,,338733,0,0,0,0,0,0,penetration decides whether a hit passes through or deflects
unit/logic/test_ray_chain.gd,test_the_chain_cap_fires_and_logs_rather_than_running_away,,26992,0,0,0,0,0,0,penetration decides whether a hit passes through or deflects
unit/logic/test_ray_chain.gd,test_a_shot_in_a_sealed_room_terminates_without_hitting_the_cap,,60493,0,0,0,0,0,0,penetration decides whether a hit passes through or deflects
unit/logic/test_ray_chain.gd,test_the_shooters_own_body_is_excluded_on_the_first_segment_only,,28448,0,0,0,0,0,0,penetration decides whether a hit passes through or deflects
unit/logic/test_ray_surfaces.gd,test_the_shipped_floor_and_ramp_parts_carry_real_volume,,16687,0,0,0,0,0,0,a picking ray returns the nearest thing along it
unit/logic/test_ray_surfaces.gd,test_a_downward_shot_strikes_the_floor_and_the_body_is_the_surfaces_own_part,,22559,0,0,0,0,0,0,a picking ray returns the nearest thing along it
unit/logic/test_ray_surfaces.gd,test_a_shallow_downward_shot_lands_rather_than_vanishing,,167537,0,0,0,0,0,0,a picking ray returns the nearest thing along it
unit/logic/test_ray_surfaces.gd,test_on_an_open_board_the_only_misses_are_rounds_that_leave_it,,99120,0,0,0,0,0,0,a picking ray returns the nearest thing along it
unit/logic/test_ray_surfaces.gd,test_a_ramp_resolves_at_the_height_the_board_renders_it_at,,24345,0,0,0,0,0,0,a picking ray returns the nearest thing along it
unit/logic/test_ray_surfaces.gd,test_a_cell_with_two_stacked_surfaces_exposes_both,,24637,0,0,0,0,0,0,a picking ray returns the nearest thing along it
unit/logic/test_ray_surfaces.gd,test_a_cell_holding_several_field_items_exposes_all_of_them,,25218,0,0,0,0,0,0,a picking ray returns the nearest thing along it
unit/logic/test_ray_surfaces.gd,test_an_indestructible_surface_takes_the_round_but_is_never_destroyed,,16645,0,0,0,0,0,0,a picking ray returns the nearest thing along it
unit/logic/test_ray_surfaces.gd,test_a_destructible_part_is_still_destroyed_exactly_as_before,,15968,0,0,0,0,0,0,a picking ray returns the nearest thing along it
unit/logic/test_ray_surfaces.gd,test_the_chain_resolves_a_shot_into_the_deck,,23943,0,0,0,0,0,0,a picking ray returns the nearest thing along it
unit/logic/test_ray_surfaces.gd,test_a_shallow_round_deflects_off_the_deck_and_a_steep_one_bites_in,,31193,0,0,0,0,0,0,a picking ray returns the nearest thing along it
unit/logic/test_ray_surfaces.gd,test_a_deck_deflection_is_unchanged_when_the_deck_is_made_destructible,,43521,0,0,0,0,0,0,a picking ray returns the nearest thing along it
unit/logic/test_ray_tiebreak.gd,test_two_adjacent_walls_sharing_a_face_plane_genuinely_tie,,45470,0,0,0,0,0,0,the frontmost region in the shot plane wins
unit/logic/test_ray_tiebreak.gd,test_an_axis_aligned_tie_falls_past_the_box_cast_and_past_closest_root,,30039,0,0,0,0,0,0,the frontmost region in the shot plane wins
unit/logic/test_ray_tiebreak.gd,test_an_angled_tie_is_resolved_by_the_box_cast,,40254,0,0,0,0,0,0,the frontmost region in the shot plane wins
unit/logic/test_ray_tiebreak.gd,test_the_box_stage_never_returns_a_body_the_raycast_did_not_find,,57178,0,0,0,0,0,0,the frontmost region in the shot plane wins
unit/logic/test_ray_tiebreak.gd,test_a_tie_resolves_identically_across_runs,,494097,0,0,0,0,0,0,the frontmost region in the shot plane wins
unit/logic/test_ray_tiebreak.gd,test_the_last_resort_sorts_on_the_cell_rather_than_on_insertion_order,,29106,0,0,0,0,0,0,the frontmost region in the shot plane wins
unit/logic/test_ray_tiebreak.gd,test_the_tie_rate_across_a_dense_sweep_is_reported,,499179,0,0,0,0,0,0,the frontmost region in the shot plane wins
unit/logic/test_ray_tiebreak.gd,test_closest_root_does_not_fire_in_any_tie_that_can_currently_be_constructed,,933712,0,0,0,0,0,0,the frontmost region in the shot plane wins
unit/logic/test_reaction_window.gd,test_available_reactions_is_empty_with_no_perk_system,,15113,0,0,0,0,0,0,"an unimplemented hook is flagged, not silently inert"
unit/logic/test_reaction_window.gd,test_ignore_reaction_is_a_no_op,,15922,0,0,0,0,0,0,a defensive reaction applies before the shot it answers
unit/logic/test_reaction_window.gd,test_dive_prone_reaction_sets_the_prone_pose,,15439,0,0,0,0,0,0,a defensive reaction applies before the shot it answers
unit/logic/test_reaction_window.gd,test_turn_shield_reaction_faces_the_defender_toward_the_threat,,16147,0,0,0,0,0,0,a defensive reaction applies before the shot it answers
unit/logic/test_reaction_window.gd,test_an_unrecognized_reaction_id_is_also_a_no_op,,15094,0,0,0,0,0,0,an unknown open-vocabulary id falls back rather than failing
unit/logic/test_reaction_window.gd,test_every_reaction_is_logged_including_ignore,,14809,0,0,0,0,0,0,every mutation emits a combat log event
unit/logic/test_reaction_window.gd,test_resolve_reaction_window_applies_the_reaction_before_firing,,16826,0,0,0,0,0,2,a defensive reaction applies before the shot it answers
unit/logic/test_reaction_window.gd,test_check_trigger_still_fires_immediately_with_no_reaction_available,,15216,0,0,0,0,0,4,overwatch fires on a trigger inside its own window
unit/logic/test_recoil_resolver.gd,test_higher_damage_produces_more_recoil,,14836,0,0,0,0,0,0,recoil scales with damage and against barrel length
unit/logic/test_recoil_resolver.gd,test_longer_barrel_reduces_recoil,,14231,0,0,0,0,0,0,recoil scales with damage and against barrel length
unit/logic/test_recoil_resolver.gd,test_zero_barrel_length_does_not_crash_or_produce_nan_or_infinity,,15627,0,0,0,0,0,0,"a degenerate input yields an empty result, never an error"
unit/logic/test_recoil_resolver.gd,test_widen_at_step_zero_returns_an_unchanged_copy,,14351,0,0,0,0,0,0,recoil accumulates within a burst and resets between them
unit/logic/test_recoil_resolver.gd,test_widen_never_mutates_the_input_scatter,,15257,0,0,0,0,0,0,"a data read hands back a copy, never the cached resource"
unit/logic/test_recoil_resolver.gd,test_each_successive_step_widens_further_than_the_last,,14443,0,0,0,0,0,0,recoil accumulates within a burst and resets between them
unit/logic/test_recoil_resolver.gd,test_widen_never_touches_ring_weight,,16290,0,0,0,0,0,0,scatter lands in a ring at the weight its data authors
unit/logic/test_reference_humanoid.gd,test_no_living_part_extends_below_the_floor,,19770,0,0,0,0,0,0,the reference body stands on the floor inside one cell
unit/logic/test_reference_humanoid.gd,test_feet_touch_the_floor,,19636,0,0,0,0,0,0,the reference body stands on the floor inside one cell
unit/logic/test_reference_humanoid.gd,test_head_is_the_highest_part_a_leg_is_the_lowest,,18962,0,0,0,0,0,0,the reference body stands on the floor inside one cell
unit/logic/test_reference_humanoid.gd,test_arms_are_lateral_a_left_and_a_right_both_exist,,19477,0,0,0,0,0,0,the reference body stands on the floor inside one cell
unit/logic/test_reference_humanoid.gd,test_the_composed_body_fits_inside_one_cell_footprint,,18471,0,0,0,0,0,0,the reference body stands on the floor inside one cell
unit/logic/test_reference_humanoid.gd,test_a_plates_rect_overlaps_its_parents_and_sits_at_lower_depth_from_the_front,,20026,0,0,0,0,0,0,internals sit behind cladding and become hittable once it is stripped
unit/logic/test_reference_humanoid.gd,test_a_shot_from_behind_reaches_the_thin_rear_plate_a_frontal_shot_cannot,,20967,0,0,0,0,0,0,"a hit resolves spatially against the shot plane, never a facing table"
unit/logic/test_reference_humanoid.gd,test_ammo_rack_is_occluded_from_the_front_but_frontmost_from_behind,,19669,0,0,0,0,0,0,the frontmost region in the shot plane wins
unit/logic/test_reference_humanoid.gd,test_half_cover_masks_the_legs_but_not_the_head,,21050,0,0,0,0,0,1,cover between muzzle and target stops the shot
unit/logic/test_reference_humanoid.gd,test_full_cover_masks_the_torso_but_not_the_head,,19914,0,0,0,0,0,1,cover between muzzle and target stops the shot
unit/logic/test_reference_humanoid.gd,test_destroying_layers_progressively_exposes_cladding_then_the_bare_part,,22728,0,0,0,0,0,0,internals sit behind cladding and become hittable once it is stripped
unit/logic/test_reference_humanoid.gd,test_a_shot_on_an_unplated_face_resolves_to_cladding_never_a_plate,,23240,0,0,0,0,0,0,internals sit behind cladding and become hittable once it is stripped
unit/logic/test_reference_humanoid.gd,test_the_plate_cladding_bare_dt_gradient_is_6_3_2,,20123,0,0,0,0,0,0,"DT comes from the material's authored curve, interpolated and clamped"
unit/logic/test_reference_humanoid.gd,test_no_pool_part_has_an_empty_material,,18042,0,0,0,0,0,0,"a misconfiguration is rejected, not silently absorbed"
unit/logic/test_reference_humanoid.gd,test_the_pool_yields_at_least_three_distinct_colors,,17410,0,0,0,0,0,0,"presentation derives from authored data, never from code"
unit/logic/test_reference_humanoid.gd,test_validate_assembly_flags_an_empty_material_same_as_a_missing_volume,,19053,0,0,0,0,0,0,"a misconfiguration is rejected, not silently absorbed"
unit/logic/test_reference_humanoid.gd,test_both_legs_own_armor_socket_is_independently_addressable_from_arms,,19671,0,0,0,0,0,0,"a part attaches to any matching socket, with no parent-specific code"
unit/logic/test_reference_humanoid.gd,test_a_loadout_can_arm_both_legs_without_touching_the_arms,,18671,0,0,0,0,0,0,"a part attaches to any matching socket, with no parent-specific code"
unit/logic/test_repair_resolver.gd,test_find_operable_welder_returns_the_welder_with_a_real_manipulator,,15721,0,0,0,0,0,0,an action requires a part that provides it
unit/logic/test_repair_resolver.gd,test_find_operable_welder_null_without_a_manipulator,,14528,0,0,0,0,0,0,an action requires a part that provides it
unit/logic/test_repair_resolver.gd,test_find_operable_welder_null_with_no_welder_at_all,,15636,0,0,0,0,0,0,an action requires a part that provides it
unit/logic/test_repair_resolver.gd,test_welder_battery_returns_the_docked_tool_battery,,14522,0,0,0,0,0,0,repair consumes a charge and matching scrap
unit/logic/test_repair_resolver.gd,test_welder_battery_null_with_an_empty_socket,,15594,0,0,0,0,0,0,"a degenerate input yields an empty result, never an error"
unit/logic/test_repair_resolver.gd,test_can_repair_with_true_when_welder_and_charge_both_present,,14363,0,0,0,0,0,0,repair consumes a charge and matching scrap
unit/logic/test_repair_resolver.gd,test_can_repair_with_false_once_the_battery_is_drained,,14169,0,0,0,0,0,0,repair consumes a charge and matching scrap
unit/logic/test_repair_resolver.gd,test_can_repair_with_false_once_the_battery_is_destroyed,,15494,0,0,0,0,0,0,a destroyed part stops contributing
unit/logic/test_repair_resolver.gd,test_heal_amount_capped_at_three,,14097,0,0,0,0,0,0,repair consumes a charge and matching scrap
unit/logic/test_repair_resolver.gd,test_heal_amount_never_exceeds_whats_actually_missing,,15434,0,0,0,0,0,0,repair consumes a charge and matching scrap
unit/logic/test_repair_resolver.gd,test_scrap_cost_matches_heal_amount_one_to_one,,13976,0,0,0,0,0,0,repair consumes a charge and matching scrap
unit/logic/test_repair_resolver.gd,test_scrap_resource_id_is_the_targets_own_material,,15655,0,0,0,0,0,0,repair consumes a charge and matching scrap
unit/logic/test_repair_resolver.gd,test_repairable_parts_lists_only_damaged_living_parts,,14212,0,0,0,0,0,0,repair consumes a charge and matching scrap
unit/logic/test_repair_resolver.gd,test_repairable_parts_excludes_a_fully_destroyed_part,,14707,0,0,0,0,0,0,a destroyed part stops contributing
unit/logic/test_repair_resolver.gd,test_repairable_parts_excludes_a_fully_healed_part,,14834,0,0,0,0,0,0,repair consumes a charge and matching scrap
unit/logic/test_replay_handle.gd,test_a_handle_rebuilds_the_fixture_its_test_built,,571188,2,0,0,4,0,0,a failed test replays as the fixture it built
unit/logic/test_replay_handle.gd,test_a_different_seed_rebuilds_a_different_fixture,,497498,2,0,0,4,0,0,a failed test replays as the fixture it built
unit/logic/test_replay_handle.gd,test_a_test_without_a_handle_is_skipped_rather_than_erroring,,15225,0,0,0,0,0,0,"a degenerate input yields an empty result, never an error"
unit/logic/test_replay_handle.gd,test_a_declared_script_still_answers_null_for_its_unhandled_tests,,15008,0,0,0,0,0,0,"a degenerate input yields an empty result, never an error"
unit/logic/test_replay_handle.gd,test_a_missing_script_is_skipped_rather_than_erroring,,15561,0,0,0,0,0,0,"a degenerate input yields an empty result, never an error"
unit/logic/test_replay_handle.gd,test_the_offer_is_capped_and_show_all_is_opt_in,,15523,0,0,0,0,0,0,"a replay offer is capped, and the cap counts only replayable failures"
unit/logic/test_replay_handle.gd,test_unreplayable_failures_do_not_consume_the_cap,,15224,0,0,0,0,0,0,"a replay offer is capped, and the cap counts only replayable failures"
unit/logic/test_replay_handle.gd,test_a_handle_that_cannot_build_returns_nothing,,15661,0,0,0,0,0,0,"a degenerate input yields an empty result, never an error"
unit/logic/test_replay_handle.gd,test_seed_and_non_seed_handles_share_one_run,,15992,0,0,0,0,0,0,a failed test replays as the fixture it built
unit/logic/test_replay_handle.gd,test_the_default_queue_still_shows_failures_only,,15599,0,0,0,0,0,0,"a replay offer is capped, and the cap counts only replayable failures"
unit/logic/test_replay_handle.gd,test_asking_for_baselines_queues_one_beside_the_failure,,16215,0,0,0,0,0,0,a failure is shown beside a known-good reference for normal
unit/logic/test_replay_handle.gd,test_a_script_without_a_baseline_yields_its_failure_alone,,16220,0,0,0,0,0,0,"a degenerate input yields an empty result, never an error"
unit/logic/test_replay_handle.gd,test_the_cap_counts_failures_so_a_baseline_never_costs_a_slot,,16070,0,0,0,0,0,0,"a replay offer is capped, and the cap counts only replayable failures"
unit/logic/test_replay_handle.gd,test_a_scripts_baseline_is_queued_once_however_many_of_its_tests_failed,,16046,0,0,0,0,0,0,a failure is shown beside a known-good reference for normal
unit/logic/test_resolution_speed.gd,test_personal_speed_subtracts_from_the_actions_own_base_speed,,32671,0,0,0,0,0,0,every final stat goes through StatResolver
unit/logic/test_resolution_speed.gd,test_a_higher_personal_speed_unit_resolves_an_identical_action_sooner,,14551,0,0,0,0,0,0,"resolution order is by action speed, tie-broken by unit id"
unit/logic/test_resolution_speed.gd,test_zero_personal_speed_contributes_no_source,,15594,0,0,0,0,0,0,every final stat goes through StatResolver
unit/logic/test_resolution_speed.gd,test_action_family_bonus_hook_is_present_and_returns_zero,,14751,0,0,0,0,0,0,"an unimplemented hook is flagged, not silently inert"
unit/logic/test_resolution_speed.gd,test_resolves_through_stat_resolver_with_real_provenance,,15951,0,0,0,0,0,0,every final stat goes through StatResolver
unit/logic/test_resolution_speed.gd,test_an_action_with_no_resolvable_unit_still_resolves_the_base_speed,,14672,0,0,0,0,0,0,"a degenerate input yields an empty result, never an error"
unit/logic/test_resolution_speed.gd,test_a_bare_units_face_resolves_after_an_overwatchers_shot,,15911,0,0,0,0,0,0,"resolution order is by action speed, tie-broken by unit id"
unit/logic/test_resolution_speed.gd,test_a_high_personal_speed_units_face_resolves_before_an_overwatchers_shot,,14818,0,0,0,0,0,0,"resolution order is by action speed, tie-broken by unit id"
unit/logic/test_resolution_speed.gd,test_overwatch_resolves_before_a_fresh_attack_at_equal_personal_speed,,14492,0,0,0,0,0,0,"resolution order is by action speed, tie-broken by unit id"
unit/logic/test_resolution_speed.gd,test_default_ordering_is_overwatch_then_attack_then_face,,16101,0,0,0,0,0,0,"resolution order is by action speed, tie-broken by unit id"
unit/logic/test_resolve_ray.gd,test_resolve_ray_matches_the_plane_it_builds_internally_for_a_corpus_of_cases,,16242,0,0,0,0,0,6,"one mechanism, distinctly logged — no parallel systems"
unit/logic/test_resolve_ray.gd,test_the_rays_hit_part_always_equals_the_frontmost_region_at_the_corresponding_point,,14780,0,0,0,0,0,2,the frontmost region in the shot plane wins
unit/logic/test_resolve_ray.gd,test_resolve_ray_returns_null_when_nothing_is_hit,,14687,0,0,0,0,0,1,"a degenerate input yields an empty result, never an error"
unit/logic/test_resolve_ray.gd,test_resolve_ray_is_deterministic,,16108,0,0,0,0,0,2,a build is reproducible from the same inputs
unit/logic/test_resolve_ray.gd,test_resolve_ray_reports_a_hit_point_that_lies_on_the_ray,,14759,0,0,0,0,0,1,a shot's logged geometry is the geometry it fired
unit/logic/test_resolve_ray.gd,test_a_non_zero_dir_y_no_longer_errors,,16604,0,0,0,0,0,1,"elevation changes the shot geometry, not the rules"
unit/logic/test_resolve_ray.gd,test_a_level_shot_passes_over_a_short_part_and_hits_a_taller_one_behind_it,,14996,0,0,0,0,0,1,ray height follows the surface it passes over
unit/logic/test_resolve_ray.gd,test_a_tilted_ray_hits_a_part_a_level_ray_from_the_same_muzzle_would_miss,,16396,0,0,0,0,0,2,"elevation changes the shot geometry, not the rules"
unit/logic/test_resolve_ray.gd,test_a_tilted_rays_hit_point_lies_on_the_real_3d_ray,,15465,0,0,0,0,0,1,a shot's logged geometry is the geometry it fired
unit/logic/test_resolve_ray.gd,test_muzzle_height_is_real_not_a_hardcoded_constant,,17097,0,0,0,0,0,3,"a shot originates at the real muzzle, not the cell centre"
unit/logic/test_resolve_ray.gd,test_a_zero_horizontal_direction_returns_null_without_erroring,,15328,0,0,0,0,0,0,"a degenerate input yields an empty result, never an error"
unit/logic/test_resolve_until.gd,test_a_leg_lost_mid_move_stops_resolution_and_refunds_mp_but_not_ap,,63460,0,0,0,0,0,0,an interrupt stops resolution and refunds only what went unspent
unit/logic/test_resolve_until.gd,test_a_hand_lost_mid_move_does_not_stop_the_move_but_stops_at_the_now_illegal_shot,,88216,0,0,0,0,0,0,a queued intent revalidates at resolution time
unit/logic/test_resolve_until.gd,test_a_minor_scratch_mid_move_stops_nothing,,86633,0,1,0,0,0,0,an interrupt stops resolution and refunds only what went unspent
unit/logic/test_resolve_until.gd,test_only_the_interrupted_units_own_state_is_touched,,63596,0,0,0,0,0,0,an interrupt stops resolution and refunds only what went unspent
unit/logic/test_resolve_until.gd,test_the_outcome_and_refund_are_logged,,64082,0,0,0,0,0,0,every mutation emits a combat log event
unit/logic/test_resolve_until.gd,test_a_stopped_units_turn_still_reaches_turn_end_afterward,,88335,0,1,0,0,0,0,turn order advances exactly once per end of turn
unit/logic/test_resolve_until.gd,test_the_same_seed_and_setup_stops_at_the_same_interrupt_point,,108921,0,0,0,0,0,0,the same seed produces the same battle
unit/logic/test_resolver_parity.gd,test_the_ray_chain_is_the_default_and_the_plane_is_still_selectable,,4323,0,0,0,0,0,0,the drawn reticle and the fired shot come from the same call
unit/logic/test_resolver_parity.gd,test_the_seam_sweep_through_both_models,,210578,0,0,0,0,0,200,whatever is drawn comes from the same computation the resolver used
unit/logic/test_resolver_parity.gd,test_both_models_are_clean_on_a_room_that_holds_every_offset,,4052530,0,0,0,0,0,945,whatever is drawn comes from the same computation the resolver used
unit/logic/test_resolver_parity.gd,test_the_differential_over_seeded_shots_lists_every_disagreement,,5100041,0,0,0,0,0,216,whatever is drawn comes from the same computation the resolver used
unit/logic/test_resolver_parity.gd,test_the_ray_chains_attribution_lands_on_real_geometry_and_the_planes_often_does_not,,284082,0,0,0,0,0,216,whatever is drawn comes from the same computation the resolver used
unit/logic/test_resolver_parity.gd,test_both_models_resolve_identically_across_runs,,1497107,0,0,0,0,0,48,whatever is drawn comes from the same computation the resolver used
unit/logic/test_resolver_parity.gd,test_the_march_does_not_depend_on_the_order_blockers_were_inserted,,59075,0,0,0,0,0,0,whatever is drawn comes from the same computation the resolver used
unit/logic/test_resource_edit_stack.gd,test_undo_reverts_the_field_and_returns_the_edit,,16609,0,0,0,0,0,0,"an undo stack reverts in reverse order, and a new edit clears the redo branch"
unit/logic/test_resource_edit_stack.gd,test_redo_reapplies_after_an_undo,,14555,0,0,0,0,0,0,"an undo stack reverts in reverse order, and a new edit clears the redo branch"
unit/logic/test_resource_edit_stack.gd,test_a_new_edit_after_undo_clears_the_redo_branch,,16019,0,0,0,0,0,0,"an undo stack reverts in reverse order, and a new edit clears the redo branch"
unit/logic/test_resource_edit_stack.gd,test_undo_with_nothing_to_undo_returns_null,,15146,0,0,0,0,0,0,"a degenerate input yields an empty result, never an error"
unit/logic/test_resource_edit_stack.gd,test_undo_reverts_edits_in_reverse_order_across_resources_and_fields,,16637,0,0,0,0,0,0,"an undo stack reverts in reverse order, and a new edit clears the redo branch"
unit/logic/test_resource_edit_stack.gd,test_undo_is_independent_of_any_row_or_column_position,,14513,0,0,0,0,0,0,"an undo stack reverts in reverse order, and a new edit clears the redo branch"
unit/logic/test_resource_edit_stack.gd,test_undo_redo_via_a_custom_setter_for_non_field_edits,,15660,0,0,0,0,0,0,"an undo stack reverts in reverse order, and a new edit clears the redo branch"
unit/logic/test_resource_editor_columns.gd,test_id_is_the_first_column_for_every_type,,16313,0,0,0,0,0,0,an editor column's type and vocabulary come from the field it edits
unit/logic/test_resource_editor_columns.gd,test_id_is_never_editable,,16444,0,0,0,0,0,0,an editor column's type and vocabulary come from the field it edits
unit/logic/test_resource_editor_columns.gd,test_every_other_declared_column_is_editable,,14746,0,0,0,0,0,0,an editor column's type and vocabulary come from the field it edits
unit/logic/test_resource_editor_columns.gd,test_is_numeric_matches_the_fields_own_type,,14806,0,0,0,0,0,0,an editor column's type and vocabulary come from the field it edits
unit/logic/test_resource_editor_columns.gd,test_material_vocabulary_pulls_from_data_library,,16260,0,0,0,0,0,0,content is an open StringName vocabulary a designer can extend without code
unit/logic/test_resource_editor_columns.gd,test_failure_mode_vocabulary_matches_the_validators_own_closed_list,,15941,0,0,0,0,0,0,"one mechanism, distinctly logged — no parallel systems"
unit/logic/test_resource_editor_columns.gd,test_stack_type_vocabulary_matches_the_validators_own_closed_list,,15142,0,0,0,0,0,0,"one mechanism, distinctly logged — no parallel systems"
unit/logic/test_resource_editor_columns.gd,test_a_column_with_no_closed_vocabulary_returns_empty,,15500,0,0,0,0,0,0,"a degenerate input yields an empty result, never an error"
unit/logic/test_resource_editor_rows.gd,test_no_filter_no_sort_returns_every_row_in_load_order,,14395,0,0,0,0,0,0,editor rows filter and sort without losing a row or reordering a tie
unit/logic/test_resource_editor_rows.gd,test_filter_matches_a_substring_case_insensitively,,14132,0,0,0,0,0,0,editor rows filter and sort without losing a row or reordering a tie
unit/logic/test_resource_editor_rows.gd,test_filters_combine_with_and_across_columns,,15402,0,0,0,0,0,0,editor rows filter and sort without losing a row or reordering a tie
unit/logic/test_resource_editor_rows.gd,test_an_empty_filter_value_is_ignored,,14294,0,0,0,0,0,0,"a degenerate input yields an empty result, never an error"
unit/logic/test_resource_editor_rows.gd,test_sort_ascending_by_numeric_column,,15516,0,0,0,0,0,0,editor rows filter and sort without losing a row or reordering a tie
unit/logic/test_resource_editor_rows.gd,test_sort_descending_by_numeric_column,,14407,0,0,0,0,0,0,editor rows filter and sort without losing a row or reordering a tie
unit/logic/test_resource_editor_rows.gd,test_sort_is_stable_on_ties,,15537,0,0,0,0,0,0,a list built from data comes out in a stable order
unit/logic/test_resource_editor_rows.gd,test_distinct_values_deduplicates_and_sorts,,14333,0,0,0,0,0,0,a list built from data comes out in a stable order
unit/logic/test_ricochet_stress.gd,test_a_half_cylinder_plates_own_facets_produce_a_wide_spread_of_surface_normals,,16306,0,0,0,0,0,0,the surface normal is the face actually hit
unit/logic/test_ricochet_stress.gd,test_a_wedge_plates_own_two_faces_deflect_the_same_shot_in_different_directions,,15649,0,0,0,0,0,0,the surface normal is the face actually hit
unit/logic/test_ricochet_stress.gd,test_a_seeded_burst_into_the_rig_is_deterministic_and_terminates,,24858,0,0,0,0,0,2,ricochet depth caps bound deflection chains
unit/logic/test_scripted_corpus.gd,test_the_corpus_builds_a_real_board,,247408,1,0,0,2,0,0,a bout builds from authored presets into a real state and mission
unit/logic/test_scripted_corpus.gd,test_a_scripted_bout_never_invokes_the_planner,,488461,1,4,0,6,0,0,a scripted bout resolves without the planner in the loop
unit/logic/test_scripted_corpus.gd,test_the_planner_counter_would_notice_if_it_did_plan,,344766,1,1,1246,4,1,0,turning a tier or restriction off changes the decision
unit/logic/test_scripted_corpus.gd,test_the_same_script_resolves_identically_every_run,,954054,2,8,0,12,0,0,the same seed produces the same battle
unit/logic/test_scripted_corpus.gd,test_the_script_actually_moves_and_ends_turns,,490831,1,4,0,6,0,0,a scripted bout resolves without the planner in the loop
unit/logic/test_scripted_corpus.gd,test_a_different_seed_is_a_different_board,,926044,2,8,0,12,0,0,the same seed produces the same world
unit/logic/test_seam_sweep.gd,test_the_recorded_seam_measurement_reproduces_exactly,,162270,0,0,0,0,0,200,a shot's logged geometry is the geometry it fired
unit/logic/test_seam_sweep.gd,test_empties_begin_exactly_where_the_perimeter_wall_box_ends,,43960,0,0,0,0,0,41,a shot's logged geometry is the geometry it fired
unit/logic/test_seam_sweep.gd,test_a_vanishing_round_begins_its_flight_outside_the_building,,30227,0,0,0,0,0,4,a shot's logged geometry is the geometry it fired
unit/logic/test_seam_sweep.gd,test_a_room_large_enough_to_hold_every_offset_produces_no_empties,,10414394,0,0,0,0,0,3690,a shot's logged geometry is the geometry it fired
unit/logic/test_seam_sweep.gd,test_the_sweep_leaves_the_room_it_measured_intact,,89070,0,0,0,0,0,108,a shot's logged geometry is the geometry it fired
unit/logic/test_seam_sweep.gd,test_the_sweep_reports_the_same_figure_twice,,159992,0,0,0,0,0,216,a shot's logged geometry is the geometry it fired
unit/logic/test_seam_sweep.gd,test_the_enclosed_room_has_a_wall_on_every_perimeter_cell,,28626,0,0,0,0,0,0,a shot's logged geometry is the geometry it fired
unit/logic/test_seam_sweep.gd,test_lateral_samples_span_the_full_signed_range_inclusive,,15546,0,0,0,0,0,0,a shot's logged geometry is the geometry it fired
unit/logic/test_search_filter.gd,test_an_empty_query_matches_everything,,14463,0,0,0,0,0,0,
unit/logic/test_search_filter.gd,test_a_query_narrows_to_the_entries_containing_it,,15556,0,0,0,0,0,0,
unit/logic/test_search_filter.gd,test_an_underscore_reads_as_a_space,,15081,0,0,0,0,0,0,
unit/logic/test_search_filter.gd,test_terms_match_in_any_order_and_all_must_appear,,15791,0,0,0,0,0,0,
unit/logic/test_search_filter.gd,test_matching_is_case_insensitive,,14408,0,0,0,0,0,0,
unit/logic/test_search_filter.gd,test_results_preserve_the_order_they_were_given_in,,15309,0,0,0,0,0,0,
unit/logic/test_search_filter.gd,test_a_query_matching_nothing_returns_nothing_rather_than_everything,,14280,0,0,0,0,0,0,
unit/logic/test_search_filter.gd,test_the_unfiltered_answer_is_a_copy_not_the_source_array,,14049,0,0,0,0,0,0,
unit/logic/test_seated_placement.gd,test_the_fixture_matches_the_authored_part,,16044,0,0,0,0,0,0,
unit/logic/test_seated_placement.gd,test_a_floor_on_a_floor_s_top_face_sits_on_top_of_it,,15209,0,0,0,0,0,0,
unit/logic/test_seated_placement.gd,test_a_floor_beside_a_floor_is_level_with_it,,15471,0,0,0,0,0,0,
unit/logic/test_seated_placement.gd,test_it_holds_at_elevation,,15123,0,0,0,0,0,0,
unit/logic/test_seated_placement.gd,test_a_wall_is_seated_exactly_where_it_always_was,,15005,0,0,0,0,0,0,
unit/logic/test_seated_placement.gd,test_the_face_itself_is_still_reported_unadjusted,,15249,0,0,0,0,0,0,
unit/logic/test_seated_placement.gd,test_a_bottom_face_hangs_the_part_underneath,,15598,0,0,0,0,0,0,
unit/logic/test_section_claims.gd,test_empty_refuses_any_neighbour_placement_in_its_volume,,32153,0,0,0,0,0,0,
unit/logic/test_section_claims.gd,test_empty_over_unused_space_refuses_nothing,,15816,0,0,0,0,0,0,
unit/logic/test_section_claims.gd,test_interior_overlapping_a_neighbours_exterior_is_refused_naming_both,,14373,0,0,0,0,0,0,
unit/logic/test_section_claims.gd,test_two_interior_claims_do_not_conflict,,15612,0,0,0,0,0,0,
unit/logic/test_section_claims.gd,test_two_entry_volumes_resolve_to_their_intersection,,14287,0,0,0,0,0,0,
unit/logic/test_section_claims.gd,test_an_entry_connecting_to_nothing_becomes_a_wall,,14110,0,0,0,0,0,0,
unit/logic/test_section_claims.gd,test_a_door_auto_declares_an_entry_over_its_own_face,,15512,0,0,0,0,0,0,
unit/logic/test_section_claims.gd,test_a_door_with_no_entry_volume_is_never_overwritten,,14368,0,0,0,0,0,0,
unit/logic/test_section_claims.gd,test_two_same_type_walls_merge_to_one_part_at_the_original_thickness,,17700,0,0,0,0,0,0,
unit/logic/test_section_claims.gd,test_two_different_type_walls_refuse_with_a_reason,,15874,0,0,0,0,0,0,
unit/logic/test_section_claims.gd,test_a_merged_floor_is_one_part,,16608,0,0,0,0,0,0,
unit/logic/test_section_claims.gd,test_a_garrison_roll_below_the_minimum_spawns_nothing,,14264,0,0,0,0,0,0,
unit/logic/test_section_claims.gd,test_a_garrison_roll_meeting_the_minimum_spawns_all_of_them,,15400,0,0,0,0,0,0,
unit/logic/test_section_claims.gd,test_a_multi_section_room_rolls_one_encounter,,14476,0,0,0,0,0,0,
unit/logic/test_section_claims.gd,test_two_rooms_roll_one_encounter_each,,15566,0,0,0,0,0,0,
unit/logic/test_section_claims.gd,test_the_encounter_whitelist_reaches_no_board,,14780,0,0,0,0,0,0,
unit/logic/test_section_claims.gd,test_the_authoring_vocabulary_round_trips,,16554,0,0,0,0,0,0,
unit/logic/test_section_claims.gd,test_a_claim_that_could_never_fire_is_reported,,14965,0,0,0,0,0,0,
unit/logic/test_section_claims.gd,test_a_claim_naming_an_unknown_verb_is_reported,,14401,0,0,0,0,0,0,
unit/logic/test_section_claims.gd,test_an_unreachable_garrison_minimum_is_reported,,16109,0,0,0,0,0,0,
unit/logic/test_section_claims.gd,test_clutter_that_is_both_offered_and_banned_is_reported,,14467,0,0,0,0,0,0,
unit/logic/test_section_claims.gd,test_a_section_with_no_declarations_is_clean,,16337,0,0,0,0,0,0,
unit/logic/test_section_format.gd,test_a_section_round_trips_through_resource_save_and_load,,15237,0,0,0,0,0,0,
unit/logic/test_section_format.gd,test_a_section_previews_as_a_board_of_its_own_size,,16913,0,0,0,0,0,0,
unit/logic/test_section_format.gd,test_a_section_of_empty_cells_with_one_exterior_wall_is_valid,,14684,0,0,0,0,0,0,
unit/logic/test_section_format.gd,test_an_open_edge_with_no_join_tag_is_reported,,16720,0,0,0,0,0,0,
unit/logic/test_section_format.gd,test_an_opening_with_nothing_walkable_behind_it_is_reported,,15621,0,0,0,0,0,0,
unit/logic/test_section_format.gd,test_an_opening_outside_its_own_span_is_reported,,18760,0,0,0,0,0,0,
unit/logic/test_section_format.gd,test_two_edges_on_one_side_are_reported,,15492,0,0,0,0,0,0,
unit/logic/test_section_format.gd,test_a_malformed_section_warns_rather_than_crashing,,15845,0,0,0,0,0,0,
unit/logic/test_section_format.gd,test_two_sections_with_matching_tags_and_openings_may_join,,14580,0,0,0,0,0,0,
unit/logic/test_section_format.gd,test_mismatched_join_tags_are_refused_with_both_named,,15920,0,0,0,0,0,0,
unit/logic/test_section_format.gd,test_an_exterior_edge_refuses_a_join_from_either_direction,,14527,0,0,0,0,0,0,
unit/logic/test_section_format.gd,test_every_authored_section_round_trips_and_is_well_formed,,55332,0,0,0,0,0,0,
unit/logic/test_section_join.gd,test_two_compatible_sections_join_and_a_path_crosses_the_seam,,33301,0,0,0,0,0,0,
unit/logic/test_section_join.gd,test_two_incompatible_sections_are_refused_with_a_reason,,29759,0,0,0,0,0,0,
unit/logic/test_section_join.gd,test_the_joined_board_passes_the_navigability_invariant,,33271,0,0,0,0,0,0,
unit/logic/test_section_join.gd,test_a_seeded_bout_on_a_stitched_board_is_reproducible,,53837,0,0,0,0,0,0,
unit/logic/test_section_preview_rolls.gd,test_the_same_seed_previews_identically_twice,,18567,0,0,0,0,0,0,
unit/logic/test_section_preview_rolls.gd,test_different_seeds_produce_different_examples,,37317,0,0,0,0,0,0,
unit/logic/test_section_preview_rolls.gd,test_a_preview_with_no_seed_rolls_nothing,,19534,0,0,0,0,0,0,
unit/logic/test_section_preview_rolls.gd,test_a_preview_holds_only_permitted_clutter_and_respects_the_cap,,57932,0,0,0,0,0,0,
unit/logic/test_section_preview_rolls.gd,test_a_banned_clutter_item_never_appears,,55897,0,0,0,0,0,0,
unit/logic/test_section_preview_rolls.gd,test_a_ban_does_not_disturb_the_draw_order_for_other_cells,,20036,0,0,0,0,0,0,
unit/logic/test_section_preview_rolls.gd,test_the_garrison_is_all_or_nothing_across_seeds,,18524,0,0,0,0,0,0,
unit/logic/test_section_preview_rolls.gd,test_an_assembled_two_section_map_rolls_both_sections,,16737,0,0,0,0,0,0,
unit/logic/test_section_preview_rolls.gd,test_an_assembly_reproduces_exactly_for_one_seed,,16447,0,0,0,0,0,0,
unit/logic/test_section_preview_rolls.gd,test_every_authored_section_is_well_formed,,43834,0,0,0,0,0,0,
unit/logic/test_section_preview_rolls.gd,test_the_authored_interior_and_exterior_sections_refuse_each_other,,16193,0,0,0,0,0,0,
unit/logic/test_section_preview_rolls.gd,test_the_authored_stacked_pair_stacks,,19469,0,0,0,0,0,0,
unit/logic/test_section_preview_rolls.gd,test_the_authored_grand_hold_rolls_one_encounter,,16108,0,0,0,0,0,0,
unit/logic/test_section_preview_rolls.gd,test_the_authored_doors_resolve_to_the_shared_opening,,17051,0,0,0,0,0,0,
unit/logic/test_section_stacking.gd,test_two_sections_with_disjoint_intervals_share_a_cell,,17351,0,0,0,0,0,0,
unit/logic/test_section_stacking.gd,test_overlapping_intervals_are_refused_with_both_named,,15921,0,0,0,0,0,0,
unit/logic/test_section_stacking.gd,test_a_merge_volume_permits_the_overlap_that_would_otherwise_refuse,,15574,0,0,0,0,0,0,
unit/logic/test_section_stacking.gd,test_an_interval_is_never_quantized,,17369,0,0,0,0,0,0,
unit/logic/test_section_stacking.gd,test_up_and_down_are_opposites_like_any_other_pair,,14683,0,0,0,0,0,0,
unit/logic/test_section_stacking.gd,test_a_section_joins_another_through_its_up_edge,,18248,0,0,0,0,0,0,
unit/logic/test_section_stacking.gd,test_a_footprint_mismatch_refuses_a_vertical_join,,15582,0,0,0,0,0,0,
unit/logic/test_section_stacking.gd,test_an_entry_at_height_3_does_not_match_one_at_height_0,,15718,0,0,0,0,0,0,
unit/logic/test_section_stacking.gd,test_two_entries_at_the_same_height_still_join,,14760,0,0,0,0,0,0,
unit/logic/test_section_stacking.gd,test_can_join_reads_both_edges_vertically_with_neither_as_host,,16539,0,0,0,0,0,0,
unit/logic/test_selection_controller.gd,test_select_accepts_only_the_current_units_turn,,14985,0,0,0,0,0,0,only the current unit may act
unit/logic/test_selection_controller.gd,test_reachable_cells_matches_pathfinder_exactly,,24892,0,0,0,2,0,0,"one mechanism, distinctly logged — no parallel systems"
unit/logic/test_selection_controller.gd,test_queue_move_to_an_unreachable_cell_fails,,65244,0,0,0,1,0,0,"a path routes around what blocks it, or reports none"
unit/logic/test_selection_controller.gd,test_queuing_two_moves_shows_two_ghosts_the_second_starting_where_the_first_left_off,,34292,0,0,0,2,0,0,"a queued action previews against the queue before it, not the real state"
unit/logic/test_selection_controller.gd,test_queuing_never_mutates_the_real_state,,45472,0,0,0,3,0,0,TACTICS queues intents and mutates nothing; RESOLUTION owns every mutation
unit/logic/test_selection_controller.gd,test_leg_costs_matches_pathfinders_own_cost_per_queued_leg,,40334,0,0,0,2,0,0,"one mechanism, distinctly logged — no parallel systems"
unit/logic/test_selection_controller.gd,test_undo_last_pops_the_most_recently_queued_action,,33228,0,0,0,2,0,0,"an undo stack reverts in reverse order, and a new edit clears the redo branch"
unit/logic/test_selection_controller.gd,test_undo_last_with_an_empty_queue_returns_false,,15660,0,0,0,0,0,0,"a degenerate input yields an empty result, never an error"
unit/logic/test_selection_controller.gd,test_undo_last_refunds_the_popped_actions_cost_against_the_speculative_state,,38971,0,0,0,3,0,0,"a queued action previews against the queue before it, not the real state"
unit/logic/test_selection_controller.gd,test_reset_turn_clears_the_queue_but_keeps_the_unit_selected,,33986,0,0,0,1,0,0,TACTICS queues intents and mutates nothing; RESOLUTION owns every mutation
unit/logic/test_selection_controller.gd,test_reset_turn_with_nothing_selected_is_a_no_op,,14334,0,0,0,0,0,0,"a degenerate input yields an empty result, never an error"
unit/logic/test_selection_controller.gd,test_previewed_unit_reflects_the_queued_end_cell,,28857,0,0,0,1,0,0,"a queued action previews against the queue before it, not the real state"
unit/logic/test_selection_controller.gd,test_nothing_selected_yields_no_preview_and_no_queue_entries,,15234,0,0,0,0,0,0,"a degenerate input yields an empty result, never an error"
unit/logic/test_selection_controller.gd,test_reset_clears_selection_and_queues,,25302,0,0,0,1,0,0,TACTICS queues intents and mutates nothing; RESOLUTION owns every mutation
unit/logic/test_selection_controller.gd,test_queue_entries_reports_what_and_the_running_ap_mp_total_per_action,,43547,0,0,0,1,0,0,"a queued action previews against the queue before it, not the real state"
unit/logic/test_selection_controller.gd,test_queue_entries_never_mutates_the_real_state,,29650,0,0,0,1,0,0,TACTICS queues intents and mutates nothing; RESOLUTION owns every mutation
unit/logic/test_selection_controller.gd,test_queue_end_turn_appends_an_end_turn_action_that_resolves_cleanly,,29780,0,1,0,1,0,0,TACTICS queues intents and mutates nothing; RESOLUTION owns every mutation
unit/logic/test_selection_controller.gd,test_queue_end_turn_threads_mission_through_for_the_extraction_hold,,19340,0,1,0,0,0,0,the extraction hold completes only after a later round with every objective done
unit/logic/test_selection_controller.gd,test_queue_repair_appends_a_repair_action_that_resolves_cleanly,,20831,0,0,0,0,0,0,TACTICS queues intents and mutates nothing; RESOLUTION owns every mutation
unit/logic/test_selection_controller.gd,test_previewing_clones_the_state_and_that_is_deliberate,,16020,0,0,0,0,0,0,a preview copy carries the state it must and none of the state it must not
unit/logic/test_selection_controller.gd,test_changing_the_queue_changes_the_preview,,33455,0,0,0,2,0,0,"a queued action previews against the queue before it, not the real state"
unit/logic/test_selection_of_cover.gd,test_selecting_cover_selects_the_prop_not_the_cell_beneath_it,,25882,0,0,0,0,0,0,
unit/logic/test_selection_of_cover.gd,test_a_prop_is_selectable_but_a_non_current_unit_still_is_not,,32672,0,0,0,0,0,0,only the unit whose turn it is can be selected
unit/logic/test_selection_of_cover.gd,test_selected_unit_is_derived_from_the_target,,28474,0,0,0,0,0,0,"selection holds whatever the picker can return, not only units"
unit/logic/test_selection_of_cover.gd,test_can_inspect_follows_what_is_selected,,25988,0,0,0,0,0,0,"a control is disabled when it cannot act, never live and inert"
unit/logic/test_selection_of_cover.gd,test_a_board_click_on_cover_selects_it,,905113,0,0,240,4,0,0,"selection holds whatever the picker can return, not only units"
unit/logic/test_selection_of_cover.gd,test_clicking_a_reachable_cell_still_queues_a_move,,949841,0,0,240,6,0,0,a click on a reachable cell queues a move there
unit/logic/test_selection_of_cover.gd,test_capture_mode_reports_cover_as_a_part,,881695,0,0,240,4,0,0,"selection holds whatever the picker can return, not only units"
unit/logic/test_selection_of_cover.gd,test_capture_mode_still_reports_a_bare_cell_as_a_cell,,871608,0,0,240,4,0,0,
unit/logic/test_selection_target.gd,test_a_part_target_reports_the_part_not_the_cell,,15642,0,0,0,0,0,0,"selection holds whatever the picker can return, not only units"
unit/logic/test_selection_target.gd,test_a_part_describes_itself_by_id,,16114,0,0,0,0,0,0,"a log line is readable prose, not a struct dump"
unit/logic/test_selection_target.gd,test_the_empty_target_answers_rather_than_crashing,,14572,0,0,0,0,0,0,"selection holds whatever the picker can return, not only units"
unit/logic/test_selection_target.gd,test_only_things_with_a_body_can_be_inspected,,21294,0,0,0,0,0,0,"a control is disabled when it cannot act, never live and inert"
unit/logic/test_selection_target.gd,test_a_raw_pick_and_a_hit_dict_are_read_by_different_constructors,,14376,0,0,0,0,0,0,"selection holds whatever the picker can return, not only units"
unit/logic/test_selection_target.gd,test_a_target_round_trips_through_the_hit_dict,,16311,0,0,0,0,0,0,"selection holds whatever the picker can return, not only units"
unit/logic/test_selection_target.gd,test_from_hit_reads_every_kind_a_click_produces,,19272,0,0,0,0,0,0,"selection holds whatever the picker can return, not only units"
unit/logic/test_selection_target.gd,test_two_things_in_one_cell_are_not_the_same_selection,,20702,0,0,0,0,0,0,"selection holds whatever the picker can return, not only units"
unit/logic/test_selection_target.gd,test_the_picker_rejects_cells_the_ray_goes_nowhere_near,,14319,0,0,0,0,0,0,a hot path is measured before it is optimised
unit/logic/test_selection_target.gd,test_the_reject_radius_clears_more_than_one_cell,,16018,0,0,0,0,0,0,a hot path is measured before it is optimised
unit/logic/test_selection_target.gd,test_the_struck_face_survives_a_pick_and_the_hit_dict_round_trip,,14853,0,0,0,0,0,0,
unit/logic/test_selection_target.gd,test_a_target_with_no_struck_face_reports_null_not_a_zero_vector,,15567,0,0,0,0,0,0,
unit/logic/test_selection_target.gd,test_a_miss_never_writes_a_face_onto_the_shared_empty_selection,,14346,0,0,0,0,0,0,
unit/logic/test_shot_hop_pacing.gd,test_only_the_first_hop_starts_a_new_pull,,16056,0,0,0,0,0,0,"a hop of one trigger pull is paced as a continuation, not a new shot"
unit/logic/test_shot_hop_pacing.gd,test_an_event_without_a_hop_index_is_its_own_shot,,14369,0,0,0,0,0,0,"a hop of one trigger pull is paced as a continuation, not a new shot"
unit/logic/test_shot_hop_pacing.gd,test_a_hop_followed_by_another_hop_is_not_awaited,,16064,0,0,0,0,0,0,"a hop of one trigger pull is paced as a continuation, not a new shot"
unit/logic/test_shot_hop_pacing.gd,test_a_following_shot_does_not_get_swallowed_by_the_previous_pull,,14309,0,0,0,0,0,0,"a hop of one trigger pull is paced as a continuation, not a new shot"
unit/logic/test_shot_hop_pacing.gd,test_only_an_impact_can_continue_a_pull,,15425,0,0,0,0,0,0,"a hop of one trigger pull is paced as a continuation, not a new shot"
unit/logic/test_shot_plane.gd,test_plate_over_part_returns_the_plate_and_uncovered_point_returns_the_part_beneath,,14760,0,0,0,0,0,0,the frontmost region in the shot plane wins
unit/logic/test_shot_plane.gd,test_point_with_nothing_in_the_plane_returns_null,,14493,0,0,0,0,0,0,"a degenerate input yields an empty result, never an error"
unit/logic/test_shot_plane.gd,test_disc_overlaps_rect_zero_radius_is_exactly_has_point,,15475,0,0,0,0,0,0,a thrust's own width decides which gaps it can thread
unit/logic/test_shot_plane.gd,test_disc_overlaps_rect_reaches_a_point_outside_the_rect_within_its_radius,,14802,0,0,0,0,0,0,a thrust's own width decides which gaps it can thread
unit/logic/test_shot_plane.gd,test_a_point_shot_falls_through_a_narrow_gap,,15584,0,0,0,0,0,0,a thrust's own width decides which gaps it can thread
unit/logic/test_shot_plane.gd,test_a_wide_disc_cannot_thread_the_same_gap_a_point_shot_passes_through,,14842,0,0,0,0,0,0,a thrust's own width decides which gaps it can thread
unit/logic/test_shot_plane.gd,test_a_narrow_disc_still_threads_a_gap_a_wide_one_cannot,,15708,0,0,0,0,0,0,a thrust's own width decides which gaps it can thread
unit/logic/test_shot_plane.gd,test_a_disc_still_hits_a_region_it_overlaps_even_off_center,,14765,0,0,0,0,0,0,a thrust's own width decides which gaps it can thread
unit/logic/test_shot_plane.gd,test_shield_authored_as_boxes_around_a_hole_lets_a_point_in_the_hole_hit_the_part_behind,,14523,0,0,0,0,0,0,a thrust's own width decides which gaps it can thread
unit/logic/test_shot_plane.gd,test_layered_targets_a_gap_in_the_near_unit_falls_through_to_the_far_unit,,16127,0,0,0,0,0,1,the frontmost region in the shot plane wins
unit/logic/test_shot_plane.gd,test_units_along_lists_every_layered_target_nearest_first,,14895,0,0,0,0,0,1,the frontmost region in the shot plane wins
unit/logic/test_shot_plane.gd,test_units_along_excludes_a_dead_unit_with_no_region_in_the_plane,,16180,0,0,0,0,0,1,the dead take no part in resolution
unit/logic/test_shot_plane.gd,test_destroying_cover_removes_its_region_from_the_plane,,14747,0,0,0,0,0,2,a destroyed part stops contributing
unit/logic/test_shot_plane.gd,test_a_multi_part_blocker_projects_every_box_not_just_the_root,,16098,0,0,0,0,0,1,a part's socket transform decides where it projects in the shot plane
unit/logic/test_shot_plane.gd,test_a_dead_root_blockers_living_child_still_projects,,14546,0,0,0,0,0,1,a part's socket transform decides where it projects in the shot plane
unit/logic/test_shot_plane.gd,test_build_tags_every_region_with_its_owning_body,,15018,0,0,0,0,0,1,a part's socket transform decides where it projects in the shot plane
unit/logic/test_shot_plane.gd,test_center_of_returns_the_frontmost_regions_rect_center,,15352,0,0,0,0,0,1,the frontmost region in the shot plane wins
unit/logic/test_shot_plane.gd,test_center_of_returns_null_with_no_regions,,15351,0,0,0,0,0,1,
unit/logic/test_shot_plane.gd,test_center_of_returns_the_frontmost_regions_rect_center_for_a_part,,15242,0,0,0,0,0,1,
unit/logic/test_shot_plane.gd,test_center_of_returns_null_for_a_part_with_no_matching_region,,15252,0,0,0,0,0,0,
unit/logic/test_shot_plane.gd,test_resolve_projectile_floor_at_zero_is_opt_in,,14816,0,0,0,0,0,0,"a balance number is a data tunable, not a literal in code"
unit/logic/test_shot_plane.gd,test_a_wall_part_between_shooter_and_target_blocks_the_shot,,14533,0,0,0,0,0,1,cover between muzzle and target stops the shot
unit/logic/test_shot_plane.gd,test_destroying_a_wall_removes_its_region_from_the_plane,,15735,0,0,0,0,0,2,a destroyed part stops contributing
unit/logic/test_shot_plane.gd,test_resolve_projectile_is_called_only_from_shot_plane_itself,,21568,0,0,0,0,0,0,"one mechanism, distinctly logged — no parallel systems"
unit/logic/test_shot_plane.gd,test_build_with_a_flat_direction_matches_a_bare_project_assembly_call,,16295,0,0,0,0,0,1,"one mechanism, distinctly logged — no parallel systems"
unit/logic/test_shot_plane.gd,test_elevation_for_reflects_the_level_delta_not_flat_zero,,22155,0,0,0,0,0,0,"elevation changes the shot geometry, not the rules"
unit/logic/test_shot_plane.gd,test_elevation_for_is_flat_when_origin_and_target_share_a_level,,20579,0,0,0,0,0,0,"elevation changes the shot geometry, not the rules"
unit/logic/test_shot_plane.gd,test_elevation_for_uses_the_given_origin_height_verbatim,,15488,0,0,0,0,0,0,"a shot originates at the real muzzle, not the cell centre"
unit/logic/test_shot_plane.gd,test_depth_of_returns_the_frontmost_regions_own_depth,,14981,0,0,0,0,0,1,the frontmost region in the shot plane wins
unit/logic/test_shot_plane.gd,test_depth_of_returns_null_with_no_regions,,15630,0,0,0,0,0,0,
unit/logic/test_shot_plane.gd,test_depth_of_returns_the_frontmost_regions_own_depth_for_a_part,,14835,0,0,0,0,0,1,
unit/logic/test_shot_plane.gd,test_depth_of_returns_null_with_no_matching_region,,15487,0,0,0,0,0,0,
unit/logic/test_shot_plane_amortisation.gd,test_every_projectile_builds_its_own_plane,,79635,0,0,0,0,0,18,a sampled measurement reports the seeds it drew
unit/logic/test_shot_plane_amortisation.gd,test_a_shot_builds_far_more_regions_than_it_ever_inspects,,64360,0,0,0,0,0,1,a sampled measurement reports the seeds it drew
unit/logic/test_shot_plane_amortisation.gd,test_a_deflection_builds_another_plane_and_a_stopped_round_does_not,,75440,0,0,0,0,0,12,a sampled measurement reports the seeds it drew
unit/logic/test_shot_scatter.gd,test_for_shot_matches_full_accuracy_at_or_under_effective_range,,16542,0,0,0,0,0,0,scatter widens with range
unit/logic/test_shot_scatter.gd,test_for_shot_widens_past_effective_range_matching_one_over_accuracy_multiplier,,14618,0,0,0,0,0,0,scatter widens with range
unit/logic/test_shot_scatter.gd,test_for_shot_gives_the_same_answer_regardless_of_which_consumer_asks,,14565,0,0,0,0,0,0,"one mechanism, distinctly logged — no parallel systems"
unit/logic/test_shot_scatter.gd,test_for_shot_with_an_unauthored_weapon_def_never_widens,,16261,0,0,0,0,0,0,an unstated authored field takes its default
unit/logic/test_sight_cost_probe.gd,test_field_build_and_per_query_cost,,321046,0,0,0,2,0,0,
unit/logic/test_sight_geometry.gd,test_a_low_wall_does_not_block_a_sight_line_that_passes_above_it,,30840,0,0,0,0,0,0,
unit/logic/test_sight_geometry.gd,test_destroying_a_wall_restores_sight_with_no_flag_to_clear,,26039,0,0,0,0,0,0,
unit/logic/test_sight_geometry.gd,test_the_field_never_reports_blocked_where_the_march_reports_clear,,106777,0,0,0,2,0,0,
unit/logic/test_sight_geometry.gd,test_cover_reports_covered_exactly_where_the_field_is_conclusive,,25447,0,0,0,0,0,0,
unit/logic/test_sight_geometry.gd,test_an_open_board_hides_nothing,,41182,0,0,0,0,0,0,
unit/logic/test_sight_geometry.gd,test_a_unit_standing_in_a_wall_cell_can_still_see_out,,23414,0,0,0,0,0,0,
unit/logic/test_sight_geometry.gd,test_a_deck_plate_at_eye_height_blocks_sight,,23729,0,0,0,0,0,0,
unit/logic/test_sight_geometry.gd,test_the_any_hit_loop_agrees_with_the_nearest_hit_march,,58333,0,0,0,0,0,0,
unit/logic/test_sight_geometry.gd,test_the_two_loops_agree_when_the_endpoint_exemption_is_applied,,724702,0,0,0,0,0,0,
unit/logic/test_sight_geometry.gd,test_an_excluded_part_socketed_onto_a_neighbours_floor_does_not_blind,,18740,0,0,0,0,0,0,
unit/logic/test_socket.gd,test_current_transform_returns_the_authored_transform,,14224,0,0,0,0,0,0,a part's socket transform decides where it projects in the shot plane
unit/logic/test_socket.gd,test_current_transform_reflects_a_transform_changed_after_construction,,15828,0,0,0,0,0,0,a part's socket transform decides where it projects in the shot plane
unit/logic/test_spread_pattern.gd,test_no_ammo_or_a_single_projectile_round_collapses_to_the_center,,14629,0,0,0,0,0,0,a multi-projectile round samples one point per projectile
unit/logic/test_spread_pattern.gd,test_a_multi_projectile_round_samples_exactly_projectile_num_points,,16143,0,0,0,0,0,0,a multi-projectile round samples one point per projectile
unit/logic/test_spread_pattern.gd,test_longer_barrel_yields_a_tighter_pattern,,14369,0,0,0,0,0,0,recoil scales with damage and against barrel length
unit/logic/test_spread_pattern.gd,test_barrel_length_never_changes_the_dartboard_rings,,15805,0,0,0,0,0,0,scatter lands in a ring at the weight its data authors
unit/logic/test_spread_pattern.gd,test_a_single_projectile_weapon_is_unaffected_by_pattern_scaling,,16035,0,0,0,0,0,0,a multi-projectile round samples one point per projectile
unit/logic/test_standing_height.gd,test_the_reference_leg_exactly_reaches_the_floor,,35127,0,0,0,0,0,0,
unit/logic/test_standing_height.gd,test_the_default_leg_leaves_every_existing_body_exactly_where_it_was,,20626,0,0,0,0,0,0,
unit/logic/test_standing_height.gd,test_a_longer_leg_stands_the_body_taller_with_its_feet_on_the_floor,,22365,0,0,0,0,0,0,
unit/logic/test_standing_height.gd,test_standing_height_composes_with_the_cells_own_height,,17783,0,0,0,0,0,0,
unit/logic/test_standing_height.gd,test_mismatched_legs_take_the_deeper_one_and_no_foot_passes_the_floor,,19363,0,0,0,0,0,0,
unit/logic/test_standing_height.gd,test_a_leg_shorter_than_its_hip_socket_lowers_the_body,,17721,0,0,0,0,0,0,
unit/logic/test_standing_height.gd,test_a_body_with_no_legs_at_all_keeps_the_floor_it_always_had,,20327,0,0,0,0,0,0,
unit/logic/test_standing_height.gd,test_losing_both_legs_settles_the_body_onto_the_floor,,17954,0,0,0,0,0,0,
unit/logic/test_standing_height.gd,test_losing_one_of_a_matched_pair_leaves_the_standing_height_alone,,18876,0,0,0,0,0,0,
unit/logic/test_standing_height.gd,test_the_shoulder_height_rises_with_the_legs,,19528,0,0,0,0,0,0,
unit/logic/test_standing_height.gd,test_the_shot_plane_resolves_against_the_same_standing_height_it_renders_at,,24953,0,0,0,0,0,1,
unit/logic/test_standing_height.gd,test_the_shot_plane_is_unchanged_for_a_default_legged_unit,,27696,0,0,0,0,0,1,
unit/logic/test_stat_resolver.gd,test_resolve_combines_part_perk_and_ammo_sources_and_names_all_three,,5605,0,0,0,0,0,0,every final stat goes through StatResolver
unit/logic/test_stat_resolver.gd,test_resolve_is_pure_and_deterministic,,5481,0,0,0,0,0,0,a build is reproducible from the same inputs
unit/logic/test_stat_resolver.gd,test_multiply_op,,7294,0,0,0,0,0,0,every final stat goes through StatResolver
unit/logic/test_stat_resolver.gd,test_override_op,,6000,0,0,0,0,0,0,every final stat goes through StatResolver
unit/logic/test_stat_resolver.gd,test_ops_apply_in_order,,5704,0,0,0,0,0,0,every final stat goes through StatResolver
unit/logic/test_stat_resolver.gd,test_stat_value_changed_is_false_with_no_sources,,5627,0,0,0,0,0,0,every final stat goes through StatResolver
unit/logic/test_stat_resolver.gd,test_stat_value_changed_is_false_when_sources_net_to_zero_change,,5585,0,0,0,0,0,0,every final stat goes through StatResolver
unit/logic/test_stat_resolver.gd,test_gather_part_sources_ignores_parts_without_the_stat,,7514,0,0,0,0,0,0,every final stat goes through StatResolver
unit/logic/test_stat_resolver.gd,test_stat_mods_is_only_read_by_the_resolver,,13572,0,0,0,0,0,0,"one mechanism, distinctly logged — no parallel systems"
unit/logic/test_step_height.gd,test_a_non_climber_walks_up_to_its_step_height_and_no_further,,17150,0,0,0,0,0,0,
unit/logic/test_step_height.gd,test_the_free_rise_is_the_same_going_down,,15178,0,0,0,0,0,0,
unit/logic/test_step_height.gd,test_two_units_disagree_about_the_same_rise,,16545,0,0,0,0,0,0,
unit/logic/test_step_height.gd,test_the_longest_leg_sets_the_stride_and_a_mismatched_pair_takes_the_longer,,15433,0,0,0,0,0,0,
unit/logic/test_step_height.gd,test_one_leg_cannot_step_up_at_all,,17287,0,0,0,0,0,0,
unit/logic/test_step_height.gd,test_step_height_resolves_through_the_stat_resolver_with_provenance,,15569,0,0,0,0,0,0,
unit/logic/test_step_height.gd,test_the_shipped_leg_authors_the_step_height_it_offers,,19727,0,0,0,0,0,0,
unit/logic/test_step_height.gd,test_a_real_assembled_humanoid_steps_what_its_legs_offer,,19209,0,0,0,0,0,0,
unit/logic/test_step_height.gd,test_a_shell_with_no_authoring_gets_the_base_step_height,,16819,0,0,0,0,0,0,
unit/logic/test_step_height.gd,test_no_shipped_part_offers_less_than_the_base_step_height,,17803,0,0,0,0,0,0,
unit/logic/test_step_height.gd,test_the_lowest_step_height_is_what_a_roster_reports,,18188,0,0,0,0,0,0,
unit/logic/test_step_height.gd,test_the_navigability_flood_uses_the_minimum_and_fails_a_tallest_only_map,,14989,0,0,0,0,0,0,
unit/logic/test_step_height.gd,test_the_same_seed_is_the_same_board_for_any_roster,,565247,2,0,0,4,0,0,
unit/logic/test_step_height.gd,test_a_bouts_map_is_the_one_generated_with_no_roster_at_all,,545421,1,0,0,4,0,0,
unit/logic/test_step_height.gd,test_a_roster_that_cannot_cross_is_reported_and_the_board_is_left_alone,,50665,0,0,0,0,0,0,
unit/logic/test_step_height.gd,test_generated_maps_are_navigable_at_the_design_baseline,,574652,0,0,0,4,0,0,
unit/logic/test_step_height.gd,test_a_generated_raised_room_is_reachable_by_a_non_climber,,29530,0,0,0,2,0,0,
unit/logic/test_step_height.gd,test_the_editors_default_floor_is_ship_floor,,20492,0,0,0,0,0,0,
unit/logic/test_step_height.gd,test_nothing_references_the_retired_ramp_machinery,,332940,0,0,0,0,0,0,
unit/logic/test_step_out_interrupt.gd,test_a_stepper_killed_mid_step_out_freezes_in_the_firing_cell_and_never_returns,,48545,0,0,0,2,0,6,a step-out interrupted mid-move freezes where it stands
unit/logic/test_step_out_interrupt.gd,test_a_stepper_who_survives_the_trigger_still_freezes_and_never_returns,,41373,0,0,0,2,0,4,a step-out interrupted mid-move freezes where it stands
unit/logic/test_step_out_planner.gd,test_a_step_out_is_legal_when_origin_covered_firing_cell_exposed_and_orthogonal,,22374,0,0,0,0,0,0,a step-out fires from an exposed orthogonal neighbour and returns to cover
unit/logic/test_step_out_planner.gd,test_an_uncovered_origin_makes_the_step_out_illegal,,20439,0,0,0,0,0,0,a step-out fires from an exposed orthogonal neighbour and returns to cover
unit/logic/test_step_out_planner.gd,test_a_firing_cell_that_is_itself_covered_is_illegal,,21635,0,0,0,0,0,0,a step-out fires from an exposed orthogonal neighbour and returns to cover
unit/logic/test_step_out_planner.gd,test_a_diagonal_neighbor_is_never_a_legal_step_out_cell,,20345,0,0,0,0,0,0,a step-out fires from an exposed orthogonal neighbour and returns to cover
unit/logic/test_step_out_planner.gd,test_candidate_step_out_cells_lists_every_legal_orthogonal_neighbor,,21572,0,0,0,0,0,0,a step-out fires from an exposed orthogonal neighbour and returns to cover
unit/logic/test_step_out_planner.gd,test_sort_by_safety_prefers_the_cell_with_no_known_overwatch,,40327,0,0,0,0,0,4,a step-out fires from an exposed orthogonal neighbour and returns to cover
unit/logic/test_step_out_planner.gd,test_build_triple_assembles_a_real_move_attack_move_queue,,39827,0,0,0,2,0,0,a step-out fires from an exposed orthogonal neighbour and returns to cover
unit/logic/test_step_out_planner.gd,test_the_triple_costs_no_mp_for_either_leg,,45037,0,0,0,2,0,0,a step-out fires from an exposed orthogonal neighbour and returns to cover
unit/logic/test_step_out_planner.gd,test_assemble_for_shoot_returns_null_when_already_directly_attackable,,22211,0,0,0,0,0,0,"a degenerate input yields an empty result, never an error"
unit/logic/test_step_out_planner.gd,test_assemble_for_shoot_returns_null_when_no_legal_step_out_exists,,20939,0,0,0,0,0,0,"a degenerate input yields an empty result, never an error"
unit/logic/test_step_out_planner.gd,test_assemble_for_shoot_builds_the_triple_via_the_safest_candidate,,55731,0,0,0,2,0,0,a step-out fires from an exposed orthogonal neighbour and returns to cover
unit/logic/test_suite_order.gd,test_a_frequently_failing_script_goes_first,,14224,0,0,0,0,0,0,"the suite runs its likeliest failures first, and skips nothing"
unit/logic/test_suite_order.gd,test_ordering_is_a_permutation_and_never_drops_a_script,,15978,0,0,0,0,0,0,"the suite runs its likeliest failures first, and skips nothing"
unit/logic/test_suite_order.gd,test_an_empty_history_changes_nothing,,14650,0,0,0,0,0,0,a feature switched off leaves behaviour exactly as it was
unit/logic/test_suite_order.gd,test_ties_keep_the_incoming_order,,16339,0,0,0,0,0,0,a list built from data comes out in a stable order
unit/logic/test_suite_order.gd,test_a_more_recent_failure_outranks_an_older_one_at_the_same_count,,14742,0,0,0,0,0,0,"the suite runs its likeliest failures first, and skips nothing"
unit/logic/test_suite_order.gd,test_folding_a_run_records_failures_and_passes_alike,,16289,0,0,0,0,0,0,"the suite runs its likeliest failures first, and skips nothing"
unit/logic/test_suite_order.gd,test_a_script_that_stops_failing_stops_being_promoted,,14479,0,0,0,0,0,0,"the suite runs its likeliest failures first, and skips nothing"
unit/logic/test_suite_order.gd,test_the_run_number_advances_from_the_history,,15551,0,0,0,0,0,0,"the suite runs its likeliest failures first, and skips nothing"
unit/logic/test_suite_order.gd,test_the_run_counter_is_not_reported_as_a_tracked_path,,15082,0,0,0,0,0,0,"a degenerate input yields an empty result, never an error"
unit/logic/test_suite_run.gd,test_the_launcher_agrees_with_the_shell_about_the_same_rung,,8663647,0,0,0,0,0,0,the run panel reports the real rung and the real verdict
unit/logic/test_suite_run.gd,test_a_failing_run_reads_as_failed,,948,0,0,0,0,0,0,the run panel reports the real rung and the real verdict
unit/logic/test_suite_run.gd,test_a_clean_exit_marker_reads_as_passed,,429,0,0,0,0,0,0,the run panel reports the real rung and the real verdict
unit/logic/test_suite_run.gd,test_an_unfinished_run_never_reads_as_passed,,26956,0,0,0,0,0,0,the run panel reports the real rung and the real verdict
unit/logic/test_suite_run.gd,test_kill_terminates_the_whole_process_group_not_just_the_shell,,9394000,0,0,0,0,0,0,the run panel reports the real rung and the real verdict
unit/logic/test_suite_run.gd,test_the_status_line_states_the_rung_and_the_elapsed_time,,1471320,0,0,0,0,0,0,the run panel reports the real rung and the real verdict
unit/logic/test_suite_run.gd,test_every_offered_rung_is_a_real_argument,,969,0,0,0,0,0,0,an open-vocabulary id is checked against the real vocabulary
unit/logic/test_suppression.gd,test_adjacent_living_enemies_includes_orthogonal_and_diagonal,,6213,0,0,0,0,0,0,"adjacency suppresses a long gun, and leaving it draws an opportunity attack"
unit/logic/test_suppression.gd,test_adjacent_living_enemies_excludes_the_dead_and_same_squad,,5402,0,0,0,0,0,0,the dead take no part in resolution
unit/logic/test_suppression.gd,test_is_suppressed_true_only_when_adjacent_to_a_living_enemy,,4981,0,0,0,0,0,0,"adjacency suppresses a long gun, and leaving it draws an opportunity attack"
unit/logic/test_suppression.gd,test_blocks_weapon_true_for_a_long_gun_adjacent_to_an_enemy,,4896,0,0,0,0,0,0,a two-handed weapon cannot be brought to bear at contact range
unit/logic/test_suppression.gd,test_blocks_weapon_false_for_a_short_gun_adjacent_to_an_enemy,,4912,0,0,0,0,0,0,a two-handed weapon cannot be brought to bear at contact range
unit/logic/test_suppression.gd,test_blocks_weapon_false_for_a_long_gun_when_not_adjacent,,4915,0,0,0,0,0,0,a two-handed weapon cannot be brought to bear at contact range
unit/logic/test_suppression.gd,test_would_trigger_opportunity_attack_when_genuinely_leaving_adjacency,,5714,0,0,0,0,0,0,"adjacency suppresses a long gun, and leaving it draws an opportunity attack"
unit/logic/test_suppression.gd,test_no_opportunity_attack_when_still_adjacent_to_the_same_enemy,,5227,0,0,0,0,0,0,"adjacency suppresses a long gun, and leaving it draws an opportunity attack"
unit/logic/test_suppression.gd,test_no_opportunity_attack_when_never_adjacent_in_the_first_place,,5050,0,0,0,0,0,0,"adjacency suppresses a long gun, and leaving it draws an opportunity attack"
unit/logic/test_suppression.gd,test_would_trigger_opportunity_attack_is_empty_for_a_zero_length_step,,4951,0,0,0,0,0,0,"a degenerate input yields an empty result, never an error"
unit/logic/test_suppression.gd,test_resolve_opportunity_attacks_resolves_a_real_melee_strike,,5594,0,0,0,0,0,1,"adjacency suppresses a long gun, and leaving it draws an opportunity attack"
unit/logic/test_suppression.gd,test_resolve_opportunity_attacks_still_lands_against_a_mover_one_level_up,,5585,0,0,0,0,0,1,"elevation changes the shot geometry, not the rules"
unit/logic/test_suppression.gd,test_resolve_opportunity_attacks_is_a_no_op_without_a_melee_weapon,,4892,0,0,0,0,0,0,an action requires a part that provides it
unit/logic/test_suppression.gd,test_resolve_opportunity_attacks_can_kill_a_unit_with_no_other_parts,,6659,0,1,0,0,0,1,"adjacency suppresses a long gun, and leaving it draws an opportunity attack"
unit/logic/test_suppression.gd,test_move_hooks_combined_applies_an_opportunity_attack_on_a_real_move,,11116,0,0,0,0,0,1,"one mechanism, distinctly logged — no parallel systems"
unit/logic/test_surrogate.gd,test_a_bare_matrix_cannot_dock_where_only_a_surrogate_socket_exists,,16074,0,0,0,0,0,0,"a surrogate docks into a socket its rung fits, smaller into bigger"
unit/logic/test_surrogate.gd,test_a_full_surrogate_cannot_dock_in_a_spinal_only_socket_unreachable,,15041,0,0,0,0,0,0,"a surrogate docks into a socket its rung fits, smaller into bigger"
unit/logic/test_surrogate.gd,test_a_spinal_surrogate_can_dock_in_its_own_socket,,15266,0,0,0,0,0,0,"a surrogate docks into a socket its rung fits, smaller into bigger"
unit/logic/test_surrogate.gd,test_a_brain_only_surrogate_also_fits_a_spinal_socket_smaller_fits_bigger,,16482,0,0,0,0,0,0,"a surrogate docks into a socket its rung fits, smaller into bigger"
unit/logic/test_surrogate.gd,test_attaches_to_is_derived_so_a_new_ladder_rung_updates_every_surrogate,,15499,0,0,0,0,0,0,content is an open StringName vocabulary a designer can extend without code
unit/logic/test_surrogate.gd,test_the_matrix_docks_inside_the_surrogate_and_unit_resolves_it_through_two_levels,,16025,0,0,0,0,0,0,a matrix docks only into a free MATRIX socket
unit/logic/test_surrogate.gd,test_destroying_the_torso_drops_the_surrogate_with_the_matrix_in_it,,16308,0,1,0,0,0,0,"a destroyed shell ejects its matrix, which survives as a field item"
unit/logic/test_surrogate.gd,test_destroying_the_surrogate_itself_ejects_a_bare_matrix,,15426,0,1,0,0,0,0,"a destroyed shell ejects its matrix, which survives as a field item"
unit/logic/test_surrogate.gd,test_a_part_needing_a_capability_the_surrogate_lacks_is_inert_but_still_shootable,,14631,0,0,0,0,0,0,a part whose required capability is unmet is inert
unit/logic/test_surrogate.gd,test_a_part_needing_a_capability_the_surrogate_has_is_usable,,15921,0,0,0,0,0,0,a part whose required capability is unmet is inert
unit/logic/test_surrogate.gd,test_a_part_with_no_body_requires_is_always_usable_even_unpiloted,,14875,0,0,0,0,0,0,an unstated authored field takes its default
unit/logic/test_surrogate_ladder.gd,test_default_ladder_has_the_expected_ids,,15976,0,0,0,0,0,0,"the surrogate ladder is authored data: rungs, branches and demotion order"
unit/logic/test_surrogate_ladder.gd,test_peripheral_and_torsic_are_mutually_exclusive_branches,,14536,0,0,0,0,0,0,"the surrogate ladder is authored data: rungs, branches and demotion order"
unit/logic/test_surrogate_ladder.gd,test_both_branches_fit_the_full_cavity,,15745,0,0,0,0,0,0,"a surrogate docks into a socket its rung fits, smaller into bigger"
unit/logic/test_surrogate_ladder.gd,test_spinal_docks_in_either_branch_and_full,,14838,0,0,0,0,0,0,"a surrogate docks into a socket its rung fits, smaller into bigger"
unit/logic/test_surrogate_ladder.gd,test_brain_only_reaches_every_socket_type,,15800,0,0,0,0,0,0,"a surrogate docks into a socket its rung fits, smaller into bigger"
unit/logic/test_surrogate_ladder.gd,test_full_only_fits_its_own_cavity,,14835,0,0,0,0,0,0,"a surrogate docks into a socket its rung fits, smaller into bigger"
unit/logic/test_surrogate_ladder.gd,test_demote_from_spinal_and_below_is_unambiguous,,16689,0,0,0,0,0,0,a surrogate decays down its authored tiers
unit/logic/test_surrogate_ladder.gd,test_demote_holds_at_the_bottom_a_bare_matrix_is_the_floor,,15234,0,0,0,0,0,0,a surrogate decays down its authored tiers
unit/logic/test_surrogate_ladder.gd,test_demote_from_full_is_deterministic_and_flags_the_ambiguity,,14945,0,0,0,0,0,0,a surrogate decays down its authored tiers
unit/logic/test_surrogate_ladder.gd,test_a_ladder_with_an_inserted_branch_needs_no_code_change,,16854,0,0,0,0,0,0,content is an open StringName vocabulary a designer can extend without code
unit/logic/test_tb38_flat_bout_guard.gd,test_flat_bout_event_stream_matches_golden_hash,,76244,0,6,0,6,0,0,recorded baseline output does not drift
unit/logic/test_tb38_flat_bout_guard.gd,test_flat_bout_is_itself_seed_deterministic,,118165,0,12,0,12,0,0,the same seed produces the same battle
unit/logic/test_tb38_flat_bout_guard.gd,test_the_scripted_bout_actually_produces_a_stream,,64346,0,6,0,6,0,0,recorded baseline output does not drift
unit/logic/test_the_punch.gd,test_an_unarmed_unit_can_punch,,16893,0,0,0,0,0,1,"an action is offered by the parts that provide it, never a hardcoded list"
unit/logic/test_the_punch.gd,test_the_punch_appears_on_the_action_bar_for_an_unarmed_unit,,15502,0,0,0,0,0,0,"an action is offered by the parts that provide it, never a hardcoded list"
unit/logic/test_tooltip_builder.gd,test_for_part_shows_raw_fields_with_no_local_arithmetic,,15004,0,0,0,0,0,0,every final stat goes through StatResolver
unit/logic/test_tooltip_builder.gd,test_for_part_flags_condition_as_changed_only_when_damaged,,16902,0,0,0,0,0,0,a tooltip names which sources changed a stat and how
unit/logic/test_tooltip_builder.gd,test_for_part_includes_salvage_yield_when_present,,16365,0,0,0,0,0,0,a tooltip shows what is there and omits what is not
unit/logic/test_tooltip_builder.gd,test_for_part_with_a_row_shows_socket_and_inert_state,,15949,0,0,0,0,0,0,a tooltip shows what is there and omits what is not
unit/logic/test_tooltip_builder.gd,test_for_unit_shows_full_status_regardless_of_squad,,15312,0,0,0,0,0,0,a tooltip shows what is there and omits what is not
unit/logic/test_tooltip_builder.gd,test_for_unit_omits_destroyed_parts,,17172,0,0,0,0,0,0,a destroyed part stops contributing
unit/logic/test_tooltip_builder.gd,test_for_action_shows_requires_and_requires_action,,14918,0,0,0,0,0,0,a tooltip shows what is there and omits what is not
unit/logic/test_tooltip_builder.gd,test_for_queue_entry_shows_describe_ap_and_mp,,16603,0,0,0,0,0,0,a tooltip shows what is there and omits what is not
unit/logic/test_tooltip_builder.gd,test_for_queue_entry_shows_an_extra_detail_row_when_present,,14936,0,0,0,0,0,0,a tooltip shows what is there and omits what is not
unit/logic/test_tooltip_builder.gd,test_for_queue_entry_omits_the_detail_row_when_absent,,16949,0,0,0,0,0,0,a tooltip shows what is there and omits what is not
unit/logic/test_tooltip_builder.gd,test_for_cell_shows_terrain_when_nothing_else_is_present,,15312,0,0,0,0,0,0,
unit/logic/test_tooltip_builder.gd,test_for_cell_with_a_unit_delegates_to_the_units_own_status,,16989,0,0,0,0,0,0,
unit/logic/test_tooltip_builder.gd,test_for_cell_with_a_field_object_shows_its_own_detail,,15388,0,0,0,0,0,0,
unit/logic/test_tooltip_builder.gd,test_for_cell_on_an_empty_cell_returns_an_empty_tooltip_data,,16773,0,0,0,0,0,0,
unit/logic/test_tooltip_builder.gd,test_for_wound_shows_description_disables_and_repair_difficulty,,15026,0,0,0,0,0,0,a tooltip shows what is there and omits what is not
unit/logic/test_tooltip_builder.gd,test_for_wound_on_an_unauthored_id_still_returns_a_titled_tooltip,,16471,0,0,0,0,0,0,an unknown open-vocabulary id falls back rather than failing
unit/logic/test_tracer_geometry.gd,test_segment_size_is_square_and_as_long_as_the_segment,,14944,0,0,0,0,0,0,a tracer segment spans and orients along the shot it draws
unit/logic/test_tracer_geometry.gd,test_segment_transform_centers_on_the_segments_midpoint,,16398,0,0,0,0,0,0,a tracer segment spans and orients along the shot it draws
unit/logic/test_tracer_geometry.gd,test_segment_transform_orients_local_z_along_the_segment,,14676,0,0,0,0,0,0,a tracer segment spans and orients along the shot it draws
unit/logic/test_tracer_geometry.gd,test_a_degenerate_segment_returns_identity_at_from_rather_than_crash,,15840,0,0,0,0,0,0,"a degenerate input yields an empty result, never an error"
unit/logic/test_transparency_proof.gd,test_headline_property_tooltip_predicted_damage_equals_actual_damage,,31810,0,0,0,0,0,30,the tooltip and the damage come from the same resolver call
unit/logic/test_transparency_proof.gd,test_a_damage_modifier_changes_both_the_tooltip_and_the_actual_damage_together,,15525,0,0,0,0,0,1,the tooltip and the damage come from the same resolver call
unit/logic/test_turn_start_power_walks.gd,test_threading_a_prewalked_list_gives_identical_power_numbers,,20012,0,0,0,0,0,0,"one mechanism, distinctly logged — no parallel systems"
unit/logic/test_turn_start_power_walks.gd,test_operable_from_agrees_with_operable_parts,,19320,0,0,0,0,0,0,"one mechanism, distinctly logged — no parallel systems"
unit/logic/test_turn_start_power_walks.gd,test_operable_from_drops_destroyed_parts,,20363,0,0,0,0,0,0,a destroyed part stops contributing
unit/logic/test_turn_start_power_walks.gd,test_a_structural_change_between_turns_is_seen_immediately,,26538,0,0,0,0,0,0,a cache returns exactly what the uncached path would
unit/logic/test_ui_layout.gd,test_the_safe_rect_is_16_9_inside_any_screen_ratio_and_never_exceeds_it,,9443,0,0,0,0,0,0,
unit/logic/test_ui_layout.gd,test_the_safe_rect_is_centred_in_its_screen,,10547,0,0,0,0,0,0,
unit/logic/test_ui_layout.gd,test_a_16_9_screen_gets_the_whole_screen,,9438,0,0,0,0,0,0,
unit/logic/test_ui_layout.gd,test_an_ultrawide_is_inset_horizontally_and_keeps_its_full_height,,9219,0,0,0,0,0,0,
unit/logic/test_ui_layout.gd,test_a_narrow_screen_is_inset_vertically_and_keeps_its_full_width,,10919,0,0,0,0,0,0,
unit/logic/test_ui_layout.gd,test_a_zero_sized_screen_answers_an_empty_rect,,9505,0,0,0,0,0,0,
unit/logic/test_ui_layout.gd,test_an_ultrawide_keeps_its_bars_and_a_narrow_screen_crushes_over_them,,9355,0,0,0,0,0,0,
unit/logic/test_ui_layout.gd,test_crushing_the_safe_rect_fills_the_screen_exactly,,10937,0,0,0,0,0,0,
unit/logic/test_ui_layout.gd,test_an_escaping_slot_resolves_against_the_screen_and_others_against_the_safe_rect,,9468,0,0,0,0,0,0,
unit/logic/test_ui_layout.gd,test_exactly_the_three_declared_surfaces_escape_the_safe_rect,,9303,0,0,0,0,0,0,
unit/logic/test_ui_layout.gd,test_an_undeclared_slot_does_not_escape,,9183,0,0,0,0,0,0,
unit/logic/test_ui_layout.gd,test_scale_multiplies_a_sized_element,,10747,0,0,0,0,0,0,
unit/logic/test_ui_layout.gd,test_a_fraction_of_the_safe_rect_scales_with_the_option,,9369,0,0,0,0,0,0,
unit/logic/test_ui_layout.gd,test_the_scale_is_settable_and_defaults_to_one,,9108,0,0,0,0,0,0,
unit/logic/test_unit.gd,test_mp_per_ap_uses_base_plus_agility,,14801,0,0,0,0,0,0,every final stat goes through StatResolver
unit/logic/test_unit.gd,test_mp_per_ap_defaults_to_base_with_no_agility_stat,,16099,0,0,0,0,0,0,an unstated authored field takes its default
unit/logic/test_unit.gd,test_mp_per_ap_reflects_live_part_swaps,,14766,0,0,0,0,0,0,a cache returns exactly what the uncached path would
unit/logic/test_unit.gd,test_new_unit_starts_alive_with_no_held_matrix,,15915,0,0,0,0,0,0,an unstated authored field takes its default
unit/logic/test_unit.gd,test_new_unit_starts_at_the_top_of_the_surrogate_ladder,,14763,0,0,0,0,0,0,an unstated authored field takes its default
unit/logic/test_unit.gd,test_demote_surrogate_steps_one_rung_and_starts_the_exposure_clock,,14695,0,0,0,0,0,0,a surrogate decays down its authored tiers
unit/logic/test_unit.gd,test_tick_organics_decay_demotes_further_every_decay_turns,,16972,0,0,0,0,0,0,a surrogate decays down its authored tiers
unit/logic/test_unit.gd,test_tick_organics_decay_is_a_no_op_while_never_exposed,,14190,0,0,0,0,0,0,an exposed surrogate decays unless powered life support holds it
unit/logic/test_unit.gd,test_pose_at_returns_the_same_pose_regardless_of_progress,,16182,0,0,0,0,0,0,a pose changes the projected shot plane
unit/logic/test_unit_geometry.gd,test_no_root_produces_no_placements,,14524,0,0,0,0,0,0,"a degenerate input yields an empty result, never an error"
unit/logic/test_unit_geometry.gd,test_a_single_box_root_places_at_the_units_cell,,16058,0,0,0,0,0,0,a part's socket transform decides where it projects in the shot plane
unit/logic/test_unit_geometry.gd,test_a_units_true_y_accounts_for_its_own_level,,14744,0,0,0,0,0,0,a unit's height follows the cell it stands on
unit/logic/test_unit_geometry.gd,test_orientation_override_replaces_the_units_own_orientation,,15815,0,0,0,0,0,0,orientation and forward vector round-trip in every quadrant
unit/logic/test_unit_geometry.gd,test_a_null_orientation_override_is_the_same_as_omitting_it,,14559,0,0,0,0,0,0,an unstated authored field takes its default
unit/logic/test_unit_geometry.gd,test_dead_parts_produce_no_placements,,15970,0,0,0,0,0,0,a destroyed part stops contributing
unit/logic/test_unit_geometry.gd,test_a_destroyed_child_part_disappears_but_its_living_siblings_remain,,25680,0,0,0,0,0,0,a destroyed part stops contributing
unit/logic/test_unit_geometry.gd,test_bounding_sphere_of_a_single_box_is_the_boxs_own_half_diagonal,,22583,0,0,0,0,0,0,a bounding sphere covers every living box and nothing more
unit/logic/test_unit_geometry.gd,test_bounding_sphere_for_part_of_a_single_box_is_the_boxs_own_half_diagonal,,21438,0,0,0,0,0,0,a bounding sphere covers every living box and nothing more
unit/logic/test_unit_geometry.gd,test_bounding_sphere_grows_to_cover_every_living_box,,18266,0,0,0,0,0,0,a bounding sphere covers every living box and nothing more
unit/logic/test_unit_geometry.gd,test_bounding_sphere_ignores_destroyed_parts,,16136,0,0,0,0,0,0,a destroyed part stops contributing
unit/logic/test_unit_geometry.gd,test_bounding_sphere_with_no_root_falls_back_to_the_units_own_cell,,14680,0,0,0,0,0,0,"a degenerate input yields an empty result, never an error"
unit/logic/test_unit_geometry.gd,test_a_pose_changes_a_parts_composed_world_transform,,16341,0,0,0,0,0,0,a pose changes the projected shot plane
unit/logic/test_unit_geometry.gd,test_an_arbitrary_pose_never_seen_in_poses_gd_still_works,,14680,0,0,0,0,0,0,content is an open StringName vocabulary a designer can extend without code
unit/logic/test_unit_geometry.gd,test_down_puts_every_box_below_standing_height,,26221,0,0,0,0,0,0,a pose changes the projected shot plane
unit/logic/test_unit_geometry.gd,test_a_socket_transform_offsets_the_child_from_the_root,,17189,0,0,0,0,0,0,a part's socket transform decides where it projects in the shot plane
unit/logic/test_unit_geometry.gd,test_muzzle_point_returns_the_weapons_own_composed_forward_tip,,15315,0,0,0,0,0,0,"a shot originates at the real muzzle, not the cell centre"
unit/logic/test_unit_geometry.gd,test_muzzle_point_falls_back_to_the_units_own_cell_when_the_weapon_has_no_placement,,14942,0,0,0,0,0,0,"a degenerate input yields an empty result, never an error"
unit/logic/test_unit_geometry.gd,test_shoulder_height_returns_the_real_shoulder_socket_world_height,,16437,0,0,0,0,0,0,"a shot originates at the real muzzle, not the cell centre"
unit/logic/test_unit_geometry.gd,test_shoulder_height_is_negative_one_with_no_shoulder_socket_anywhere,,14558,0,0,0,0,0,0,"a degenerate input yields an empty result, never an error"
unit/logic/test_unit_geometry.gd,test_shouldered_muzzle_point_keeps_lateral_depth_but_overrides_height,,16606,0,0,0,0,0,0,"a shot originates at the real muzzle, not the cell centre"
unit/logic/test_unit_geometry.gd,test_shouldered_muzzle_point_falls_back_to_natural_with_no_shoulder_socket,,14676,0,0,0,0,0,0,"a degenerate input yields an empty result, never an error"
unit/logic/test_unit_geometry.gd,test_true_height_for_cell_reads_the_placed_surface_once_placement_exists,,16520,0,0,0,0,0,0,a unit's height follows the cell it stands on
unit/logic/test_unit_geometry.gd,test_true_height_for_cell_is_zero_for_an_unfloored_cell_on_a_real_grid,,14539,0,0,0,0,0,0,a unit's height follows the cell it stands on
unit/logic/test_unit_picker.gd,test_a_straight_down_ray_through_a_units_box_hits_that_unit,,16504,0,0,0,0,0,0,a picking ray returns the nearest thing along it
unit/logic/test_unit_picker.gd,test_hit_reports_the_specific_part_whose_box_was_struck,,14693,0,0,0,0,0,0,a picking ray returns the nearest thing along it
unit/logic/test_unit_picker.gd,test_a_ray_that_misses_every_box_returns_nothing,,16347,0,0,0,0,0,0,"a degenerate input yields an empty result, never an error"
unit/logic/test_unit_picker.gd,test_the_nearer_of_two_units_along_the_same_ray_wins,,14652,0,0,0,0,0,0,a picking ray returns the nearest thing along it
unit/logic/test_unit_picker.gd,test_dead_units_are_never_hit,,15975,0,0,0,0,0,0,the dead take no part in resolution
unit/logic/test_unit_picker.gd,test_hit_t_is_comparable_to_board_pickers_plane_hit_t_on_the_same_ray,,15096,0,0,0,0,0,0,"one mechanism, distinctly logged — no parallel systems"
unit/logic/test_variant_generator.gd,test_zero_variation_amount_always_returns_the_base_loadout_unchanged,,17029,0,0,0,0,0,0,a feature switched off leaves behaviour exactly as it was
unit/logic/test_variant_generator.gd,test_no_authored_family_falls_back_to_uniform_generation,,15700,0,0,0,0,0,0,an unstated authored field takes its default
unit/logic/test_variant_generator.gd,test_an_omittable_socket_is_sometimes_bare_and_sometimes_not_across_seeds,,15525,0,0,0,0,0,0,a variant is generated from its family's own authored pools
unit/logic/test_variant_generator.gd,test_a_swap_pool_socket_sometimes_picks_an_alternate,,15794,0,0,0,0,0,0,a variant is generated from its family's own authored pools
unit/logic/test_variant_generator.gd,test_the_same_seed_reproduces_the_same_variant_exactly,,15994,0,0,0,0,0,0,the same seed produces the same world
unit/logic/test_variant_generator.gd,test_a_brand_new_family_needs_no_generator_code_change,,15696,0,0,0,0,0,0,content is an open StringName vocabulary a designer can extend without code
unit/logic/test_variant_generator.gd,test_editing_the_base_after_generating_never_touches_the_variant,,15617,0,0,0,0,0,0,a variant groups with the base it derives from
unit/logic/test_variant_generator.gd,test_junk_bot_family_generates_structurally_different_bots_across_seeds,,105349,0,0,0,0,0,0,a variant is generated from its family's own authored pools
unit/logic/test_variant_generator.gd,test_junk_bot_family_is_deterministic_from_the_same_seed,,16649,0,0,0,0,0,0,the same seed produces the same world
unit/logic/test_variant_generator.gd,test_combat_tester_family_produces_uniform_bots,,17938,0,0,0,0,0,0,a variant is generated from its family's own authored pools
unit/logic/test_variant_generator.gd,test_every_generated_junk_bot_variant_passes_assembly_validation,,110800,0,0,0,0,0,0,"an assembly builds from a template and a loadout, or fails by name"
unit/logic/test_variant_generator.gd,test_the_junk_bot_variant_family_is_loaded_from_real_data,,16109,0,0,0,0,0,0,content is an open StringName vocabulary a designer can extend without code
unit/logic/test_vertical_movement.gd,test_climbing_a_full_level_moves_the_unit_and_costs_4_mp,,32719,0,0,0,0,0,0,
unit/logic/test_vertical_movement.gd,test_a_climb_from_a_ramp_costs_3_mp_at_the_real_standing_height,,15152,0,0,0,0,0,0,
unit/logic/test_vertical_movement.gd,test_a_climb_beyond_one_level_is_not_an_edge,,15698,0,0,0,0,0,0,
unit/logic/test_vertical_movement.gd,test_a_non_climber_has_no_upward_edge_on_a_bare_face,,15508,0,0,0,0,0,0,
unit/logic/test_vertical_movement.gd,test_a_rise_within_the_step_height_is_a_plain_walk,,15999,0,0,0,0,0,0,
unit/logic/test_vertical_movement.gd,test_flat_ground_costs_the_plain_terrain_cost,,15069,0,0,0,0,0,0,
unit/logic/test_vertical_movement.gd,test_a_two_level_drop_moves_the_unit_and_costs_1_mp,,16320,0,0,0,0,0,0,
unit/logic/test_vertical_movement.gd,test_one_level_drops_and_three_does_not,,15504,0,0,0,0,0,0,
unit/logic/test_vertical_movement.gd,test_the_free_rise_is_symmetric_and_the_boundary_is_real,,14898,0,0,0,0,0,0,
unit/logic/test_vertical_movement.gd,test_a_move_event_carries_the_rise_it_climbed,,16671,0,0,0,0,0,0,
unit/logic/test_vertical_movement.gd,test_a_drop_reports_a_negative_rise,,15249,0,0,0,0,0,0,
unit/logic/test_vertical_movement.gd,test_a_hook_that_fires_stops_the_queue_on_a_climb,,18465,0,0,0,0,0,0,
unit/logic/test_vertical_movement.gd,test_a_hook_that_does_not_fire_leaves_the_climb_uninterrupted,,18255,0,0,0,0,0,0,
unit/logic/test_vertical_movement.gd,test_plain_apply_still_climbs,,17148,0,0,0,0,0,0,
unit/logic/test_vertical_movement.gd,test_an_interrupted_climb_stops_the_queue_the_way_an_interrupted_move_does,,18781,0,0,0,0,0,0,
unit/logic/test_vertical_movement.gd,test_an_overwatcher_catches_a_climb_through_no_second_code_path,,17605,0,0,0,0,0,0,
unit/logic/test_vertical_movement.gd,test_a_climb_longer_than_the_turn_leaves_the_unit_partway_up,,16580,0,0,0,0,0,0,
unit/logic/test_vertical_movement.gd,test_the_remaining_rise_is_what_the_next_turn_pays_for,,15636,0,0,0,0,0,0,
unit/logic/test_vertical_movement.gd,test_a_tall_climb_completes_across_turns,,16900,0,0,0,0,0,0,
unit/logic/test_vertical_movement.gd,test_a_unit_partway_up_is_a_real_target_at_its_real_height,,15910,0,0,0,0,0,0,
unit/logic/test_vertical_movement.gd,test_a_partial_climb_is_reproducible,,18096,0,0,0,0,0,0,
unit/logic/test_vertical_movement.gd,test_only_a_climb_divides,,16059,0,0,0,0,0,0,
unit/logic/test_vertical_movement.gd,test_an_overwatcher_catches_a_drop_on_the_cell_it_lands_on,,16650,0,0,0,0,0,0,
unit/logic/test_vertical_movement.gd,test_a_hook_that_fires_stops_the_queue_on_a_drop,,15178,0,0,0,0,0,0,
unit/logic/test_vertical_routes.gd,test_no_generated_cell_holds_both_a_ladder_and_a_lift_pad,,74307,0,0,0,0,0,0,
unit/logic/test_vertical_routes.gd,test_neither_stamper_will_build_over_the_other,,18829,0,0,0,0,0,0,
unit/logic/test_vertical_routes.gd,test_a_lifts_two_pads_record_each_other_rather_than_being_matched_by_proximity,,17337,0,0,0,0,0,0,
unit/logic/test_vertical_routes.gd,test_a_third_pad_nearby_cannot_capture_an_existing_pair,,19031,0,0,0,0,0,0,
unit/logic/test_vertical_routes.gd,test_the_vertical_route_colours_are_distinct_from_the_floor_and_from_each_other,,14684,0,0,0,0,0,0,
unit/logic/test_vertical_routes.gd,test_a_ladder_does_not_inherit_the_floor_tint,,16095,0,0,0,0,0,0,
unit/logic/test_visibility_field.gd,test_every_cell_shot_plane_calls_clear_is_set_in_the_field,,147529,0,0,0,0,0,299,the visibility field never rules out a cell the shot plane would allow
unit/logic/test_visibility_field.gd,test_a_destroyed_wall_stops_occluding,,23188,0,0,0,0,0,0,
unit/logic/test_visibility_field.gd,test_cover_does_not_occlude_the_field,,22827,0,0,0,0,0,0,the visibility field never rules out a cell the shot plane would allow
unit/logic/test_visibility_field.gd,test_a_walled_off_target_costs_exactly_zero_shot_plane_builds,,40689,0,0,0,2,0,0,a field is computed once per round and read many times
unit/logic/test_visibility_field.gd,test_the_field_actually_eliminates_candidates,,32234,0,0,0,0,0,0,turning a tier or restriction off changes the decision
unit/logic/test_visibility_field.gd,test_a_cell_one_level_up_is_always_allowed,,25290,0,0,0,0,0,0,the visibility field never rules out a cell the shot plane would allow
unit/logic/test_visibility_field.gd,test_a_cell_one_level_down_is_always_allowed,,23248,0,0,0,0,0,0,the visibility field never rules out a cell the shot plane would allow
unit/logic/test_visibility_field.gd,test_the_targets_own_cell_is_allowed,,22135,0,0,0,0,0,0,the visibility field never rules out a cell the shot plane would allow
unit/logic/test_visibility_field.gd,test_out_of_bounds_is_allowed_rather_than_rejected,,22113,0,0,0,0,0,0,the visibility field never rules out a cell the shot plane would allow
unit/logic/test_wall_legibility.gd,test_a_wall_near_the_focal_points_own_screen_position_and_nearer_occludes,,14548,0,0,0,0,0,0,a wall fades only when it is near the focal point on screen and in front of it
unit/logic/test_wall_legibility.gd,test_a_wall_far_from_the_focal_points_screen_position_does_not_occlude,,15911,0,0,0,0,0,0,a wall fades only when it is near the focal point on screen and in front of it
unit/logic/test_wall_legibility.gd,test_a_wall_behind_the_focal_point_does_not_occlude_even_at_the_same_screen_position,,14952,0,0,0,0,0,0,a wall fades only when it is near the focal point on screen and in front of it
unit/logic/test_wall_legibility.gd,test_a_wall_at_the_exact_same_depth_as_the_focal_point_does_not_occlude,,16295,0,0,0,0,0,0,a wall fades only when it is near the focal point on screen and in front of it
unit/logic/test_wall_legibility.gd,test_a_wall_just_inside_the_screen_radius_occludes,,14788,0,0,0,0,0,0,a wall fades only when it is near the focal point on screen and in front of it
unit/logic/test_wall_legibility.gd,test_a_wall_just_outside_the_screen_radius_does_not_occlude,,16151,0,0,0,0,0,0,a wall fades only when it is near the focal point on screen and in front of it
unit/logic/test_wall_legibility.gd,test_pixel_radius_for_cells_is_positive_for_a_unit_on_screen,,14664,0,0,0,0,0,0,
unit/logic/test_wall_legibility.gd,test_pixel_radius_for_cells_shrinks_as_depth_increases,,14407,0,0,0,0,0,0,
unit/logic/test_wall_legibility.gd,test_pixel_radius_for_cells_grows_with_more_cells,,16243,0,0,0,0,0,0,
unit/logic/test_wall_legibility.gd,test_pixel_radius_for_cells_is_zero_at_zero_depth,,14492,0,0,0,0,0,0,
unit/logic/test_wall_legibility.gd,test_sight_to_a_unit_in_the_open_is_not_blocked,,19132,0,0,0,0,0,0,
unit/logic/test_wall_legibility.gd,test_sight_through_a_wall_between_the_camera_and_the_unit_is_blocked,,18996,0,0,0,0,0,0,
unit/logic/test_wall_legibility.gd,test_a_wall_beyond_the_unit_does_not_block_sight_to_it,,17726,0,0,0,0,0,0,
unit/logic/test_wall_legibility.gd,test_the_surface_a_unit_stands_on_does_not_block_sight_to_it,,17501,0,0,0,0,0,0,
unit/logic/test_wall_legibility.gd,test_a_wall_hiding_only_the_legs_still_blocks_sight,,18447,0,0,0,0,0,0,
unit/logic/test_wall_legibility.gd,test_a_body_with_no_geometry_reports_a_single_sample_point,,16123,0,0,0,0,0,0,
unit/logic/test_wall_legibility.gd,test_cuts_for_refuses_an_extracted_unit_even_behind_a_wall,,17693,0,0,0,0,0,0,
unit/logic/test_wall_legibility.gd,test_cuts_for_without_a_grid_still_refuses_a_dead_unit,,16137,0,0,0,0,0,0,
unit/logic/test_wall_legibility.gd,test_cover_between_the_camera_and_the_unit_does_not_keep_the_cutout,,17814,0,0,0,0,0,0,
unit/logic/test_wall_legibility.gd,test_a_tagged_wall_between_the_camera_and_the_unit_still_keeps_the_cutout,,19321,0,0,0,0,0,0,
unit/logic/test_wall_legibility.gd,test_any_part_carrying_the_tag_counts_regardless_of_its_id,,17584,0,0,0,0,0,0,
unit/logic/test_watched_run.gd,test_seeds_play_in_the_order_given,,2763,0,0,0,0,0,0,"a watched run records every seed's outcome, including the ones it skipped"
unit/logic/test_watched_run.gd,test_parsing_a_seed_list_is_tolerant_of_spacing,,3701,0,0,0,0,0,0,a parsed input tolerates spacing and drops what it cannot read
unit/logic/test_watched_run.gd,test_a_nonsense_entry_is_dropped_rather_than_read_as_zero,,4159,0,0,0,0,0,0,a parsed input tolerates spacing and drops what it cannot read
unit/logic/test_watched_run.gd,test_stopping_mid_run_keeps_the_results_so_far,,3092,0,0,0,0,0,0,"a watched run records every seed's outcome, including the ones it skipped"
unit/logic/test_watched_run.gd,test_killing_a_run_leaves_nothing_behind,,3563,0,0,0,0,0,0,the run panel reports the real rung and the real verdict
unit/logic/test_watched_run.gd,test_a_skipped_seed_is_recorded_rather_than_dropped,,2921,0,0,0,0,0,0,"a watched run records every seed's outcome, including the ones it skipped"
unit/logic/test_watched_run.gd,test_rewatching_clears_the_row_it_replaces,,3738,0,0,0,0,0,0,"a watched run records every seed's outcome, including the ones it skipped"
unit/logic/test_watched_run.gd,test_rewatching_before_the_first_seed_does_nothing,,2915,0,0,0,0,0,0,"a degenerate input yields an empty result, never an error"
unit/logic/test_watched_run.gd,test_the_criteria_explain_every_outcome_by_name,,3237,0,0,0,0,0,0,"a refusal says why, by name"
unit/logic/test_watched_run.gd,test_the_table_shows_seeds_that_have_not_played_yet,,3957,0,0,0,0,0,0,"a watched run records every seed's outcome, including the ones it skipped"
unit/logic/test_watched_run.gd,test_a_watched_seed_matches_what_the_headless_path_reported,,279020515,7,246,524827,635,245,267,"one mechanism, distinctly logged — no parallel systems"
unit/logic/test_weapon_chambering.gd,test_same_family_under_max_length_chambers,,15797,0,0,0,0,0,0,"a round chambers by family and case length, or is rejected by name"
unit/logic/test_weapon_chambering.gd,test_same_family_over_max_length_is_rejected_by_name,,14560,0,0,0,0,0,0,"a round chambers by family and case length, or is rejected by name"
unit/logic/test_weapon_chambering.gd,test_different_family_is_rejected_regardless_of_length,,15565,0,0,0,0,0,0,"a round chambers by family and case length, or is rejected by name"
unit/logic/test_weapon_chambering.gd,test_two_different_diameter_rounds_in_one_family_both_chamber,,14670,0,0,0,0,0,0,"a round chambers by family and case length, or is rejected by name"
unit/logic/test_weapon_chambering.gd,test_a_mini_grenade_chambers_in_a_normal_gun_by_family_alone,,15306,0,0,0,0,0,0,"a round chambers by family and case length, or is rejected by name"
unit/logic/test_weapon_chambering.gd,test_long_shell_fits_the_long_chamber_but_not_the_short_one,,14906,0,0,0,0,0,0,"a round chambers by family and case length, or is rejected by name"
unit/logic/test_weapon_chambering.gd,test_cross_compatible_rounds_share_one_family,,15876,0,0,0,0,0,0,"a round chambers by family and case length, or is rejected by name"
unit/logic/test_weapon_chambering.gd,test_try_chamber_loads_on_success_and_leaves_the_weapon_untouched_on_failure,,14785,0,0,0,0,0,0,a refused injection changes nothing
unit/logic/test_weapon_chambering.gd,test_a_non_weapon_part_cannot_chamber_anything,,14226,0,0,0,0,0,0,a part carries weapon data only when it is a weapon
unit/logic/test_weapon_chambering.gd,test_the_real_reference_guns_chamber_their_own_reference_ammo,,33646,0,0,0,0,0,0,authored weapon data matches its table
unit/logic/test_weapon_resolver.gd,test_resolve_damage_with_no_modifiers_matches_the_base,,14680,0,0,0,0,0,0,every final stat goes through StatResolver
unit/logic/test_weapon_resolver.gd,test_resolve_damage_applies_a_part_stat_mod,,14333,0,0,0,0,0,0,every final stat goes through StatResolver
unit/logic/test_weapon_resolver.gd,test_resolve_damage_applies_an_extra_source_eg_a_perk,,15677,0,0,0,0,0,0,every final stat goes through StatResolver
unit/logic/test_weapon_resolver.gd,test_resolve_crit_chance_matches_the_base_with_no_modifiers,,14536,0,0,0,0,0,0,every final stat goes through StatResolver
unit/logic/test_weapon_resolver.gd,test_damage_multiplier_scales_the_resolved_damage,,15707,0,0,0,0,0,0,every final stat goes through StatResolver
unit/logic/test_weapon_resolver.gd,test_no_weapon_def_means_no_multiplier_source_at_all,,14574,0,0,0,0,0,0,an unstated authored field takes its default
unit/logic/test_weapon_resolver.gd,test_resolve_recoil_step_matches_the_pure_formula_with_no_modifiers,,15802,0,0,0,0,0,0,every final stat goes through StatResolver
unit/logic/test_weapon_resolver.gd,test_resolve_recoil_step_applies_a_part_stat_mod,,14417,0,0,0,0,0,0,every final stat goes through StatResolver
unit/logic/test_weapon_rows.gd,test_a_shell_with_no_weapons_builds_no_rows,,15693,0,0,0,0,0,0,"a degenerate input yields an empty result, never an error"
unit/logic/test_weapon_rows.gd,test_an_operable_weapon_is_active_with_no_reason,,15188,0,0,0,0,0,0,"a weapon row says active or inactive, with the reason"
unit/logic/test_weapon_rows.gd,test_a_weapon_with_no_capable_manipulator_is_inactive_with_a_reason,,16119,0,0,0,0,0,0,"a weapon needs its required manipulator capabilities, from whichever parts"
unit/logic/test_weapon_rows.gd,test_a_destroyed_weapon_is_inactive_and_says_destroyed,,14834,0,0,0,0,0,0,a destroyed part stops contributing
unit/logic/test_weapon_rows.gd,test_a_two_handed_weapon_with_only_one_manipulator_is_inactive,,14611,0,0,0,0,0,0,"a weapon needs its required manipulator capabilities, from whichever parts"
unit/logic/test_weapon_rows.gd,test_dual_wielded_operable_pistols_are_both_active,,16370,0,0,0,0,0,0,"a weapon row says active or inactive, with the reason"
unit/logic/test_weapon_rows.gd,test_a_carried_but_unattached_weapon_is_not_listed,,14739,0,0,0,0,0,0,"a weapon row says active or inactive, with the reason"
unit/logic/test_weapon_sim_hardening.gd,test_burst_size_of_one_is_cleanly_rejected_as_illegal,,15867,0,0,0,0,0,0,"a misconfiguration is rejected, not silently absorbed"
unit/logic/test_weapon_sim_hardening.gd,test_a_very_large_burst_size_still_terminates_and_replays_identically,,60165,0,0,0,0,0,2,an extreme authored value still terminates and stays finite
unit/logic/test_weapon_sim_hardening.gd,test_projectile_num_of_one_and_of_many_both_terminate_cleanly,,30767,0,0,0,0,0,2,an extreme authored value still terminates and stays finite
unit/logic/test_weapon_sim_hardening.gd,test_a_large_burst_of_a_high_pellet_round_terminates,,67390,0,0,0,0,0,1,an extreme authored value still terminates and stays finite
unit/logic/test_weapon_sim_hardening.gd,test_mechanical_accuracy_at_zero_and_one_both_produce_finite_points,,17182,0,0,0,0,0,0,an extreme authored value still terminates and stays finite
unit/logic/test_weapon_sim_hardening.gd,test_perfect_mechanical_accuracy_collapses_the_pattern_to_the_center,,18488,0,0,0,0,0,0,an extreme authored value still terminates and stays finite
unit/logic/test_weapon_sim_hardening.gd,test_zero_and_very_long_barrel_length_produce_finite_recoil_and_spread,,17036,0,0,0,0,0,0,an extreme authored value still terminates and stays finite
unit/logic/test_weapon_sim_hardening.gd,test_a_cartridge_exactly_at_max_case_length_chambers,,16847,0,0,0,0,0,0,"a round chambers by family and case length, or is rejected by name"
unit/logic/test_weapon_sim_hardening.gd,test_recoil_does_not_diverge_across_a_long_burst,,17130,0,0,0,0,0,0,an extreme authored value still terminates and stays finite
unit/logic/test_weapon_sim_hardening.gd,test_ricochet_depth_cap_holds_under_a_burst_of_many_simultaneous_deflections,,43771,0,0,0,0,0,2,ricochet depth caps bound deflection chains
unit/logic/test_work_counters.gd,test_the_same_bout_does_identical_work_twice,,5079638,1,5,10852,12,5,12,the same seed produces the same battle
unit/logic/test_work_counters.gd,test_every_counter_actually_counts,,2575929,1,5,10852,12,5,12,"the work counters count real work, and reset to nothing"
unit/logic/test_work_counters.gd,test_resetting_clears_every_counter,,2531626,0,0,0,0,0,0,"the work counters count real work, and reset to nothing"
unit/logic/test_work_counters.gd,test_a_scripted_turn_counts_without_any_bout_being_built,,27645,0,1,0,0,0,0,"the work counters count real work, and reset to nothing"
unit/logic/test_work_counters.gd,test_a_rejected_roster_does_not_count_as_a_bout,,16496,0,0,0,0,0,0,"the work counters count real work, and reset to nothing"
unit/logic/test_work_counters.gd,test_ui_builds_moves_for_a_view_fixture_and_not_for_a_bout,,3338946,1,5,10852,15,5,12,"the work counters count real work, and reset to nothing"
unit/logic/test_work_counters.gd,test_resetting_clears_the_ui_counter,,16588,0,0,0,0,0,0,"the work counters count real work, and reset to nothing"
unit/logic/test_work_counters.gd,test_maps_generated_moves_for_a_boardless_sweep_and_barely_for_a_bout,,2684440,1,5,10852,22,5,12,
unit/logic/test_work_counters.gd,test_a_corpus_read_generates_nothing_and_counts_nothing,,532969,0,0,0,2,0,0,
unit/logic/test_work_counters.gd,test_a_bout_spawns_no_process,,2918499,1,5,10852,12,5,12,
unit/logic/test_work_counters.gd,test_resetting_clears_the_map_counter,,38232,0,0,0,2,0,0,
unit/logic/test_world_view_seam.gd,test_the_planner_never_reads_occupancy_off_the_grid,,12767,0,0,0,0,0,0,the planner reads the world only through the restricted view
unit/logic/test_world_view_seam.gd,test_the_planner_never_reads_unit_knowledge_off_a_combat_state,,15549,0,0,0,0,0,0,the planner reads the world only through the restricted view
unit/logic/test_world_view_seam.gd,test_the_resolver_door_is_never_dereferenced,,12463,0,0,0,0,0,0,the planner reads the world only through the restricted view
unit/logic/test_world_view_seam.gd,test_the_guard_is_reading_a_real_planner_that_uses_the_view,,8521,0,0,0,0,0,0,turning a tier or restriction off changes the decision
unit/logic/test_world_view_seam.gd,test_a_restricted_view_makes_the_unit_decide_differently,,80029,0,0,0,3,0,0,turning a tier or restriction off changes the decision
unit/logic/test_world_view_seam.gd,test_a_remembered_sighting_expires_by_comparison_not_by_a_hook,,35796,0,0,0,0,0,0,an AI unit reasons only from what its tier remembers seeing
unit/logic/test_world_view_seam.gd,test_the_team_blackboard_is_gated_on_tier,,18304,0,0,0,0,0,0,an AI capability belongs to the tier that authors it
unit/logic/test_world_view_seam.gd,test_a_unit_without_blackboard_access_cannot_write_one_either,,16991,0,0,0,0,0,0,an AI capability belongs to the tier that authors it
unit/logic/test_world_view_seam.gd,test_the_unrestricted_view_is_byte_identical_across_a_seeded_bout,,15430894,2,16,24340,40,16,72,the same seed produces the same battle
unit/logic/test_world_view_seam.gd,test_a_preview_clone_starts_with_no_batch_plans,,29200,0,0,0,0,0,0,a preview copy carries the state it must and none of the state it must not
unit/logic/test_world_view_seam.gd,test_intelligence_tier_rides_through_dup,,9113,0,0,0,0,0,0,a preview copy carries the state it must and none of the state it must not
unit/logic/test_wounds.gd,test_the_three_named_wounds_are_authored_and_loadable,,10444,0,0,0,0,0,0,content is an open StringName vocabulary a designer can extend without code
unit/logic/test_wounds.gd,test_burnt_electronics_carries_higher_repair_difficulty,,10884,0,0,0,0,0,0,an authored preset's content matches what it claims to be
unit/logic/test_wounds.gd,test_short_label_is_at_most_five_characters,,9827,0,0,0,0,0,0,"a log line is readable prose, not a struct dump"
unit/logic/test_wounds.gd,test_a_severed_controls_wound_disables_a_manipulator_without_0_hp,,10177,0,0,0,0,0,0,a wound disables what it names without destroying the part
unit/logic/test_wounds.gd,test_a_severed_controls_wound_on_the_weapon_itself_disables_it,,9860,0,0,0,0,0,0,a wound disables what it names without destroying the part
unit/logic/test_wounds.gd,test_burnt_electronics_does_not_disable_anything,,10520,0,0,0,0,0,0,a wound disables what it names without destroying the part
unit/logic/test_wounds.gd,test_direct_infliction_adds_the_named_wound_exactly_once,,10356,0,0,0,0,0,0,a wound disables what it names without destroying the part
unit/logic/test_wounds.gd,test_removing_a_wounded_part_clears_its_effect_on_the_unit,,11816,0,0,0,0,0,0,a wound disables what it names without destroying the part
unit/logic/test_wounds.gd,test_a_wound_disabled_parts_stat_contribution_drops_out_of_the_resolver_sources,,9362,0,0,0,0,0,0,every final stat goes through StatResolver
unit/logic/test_wounds.gd,test_status_threshold_hook_inflicts_the_wound_once_the_threshold_is_crossed,,10040,0,0,0,0,0,0,a wound disables what it names without destroying the part
unit/logic/test_wounds.gd,test_weapon_rows_reports_a_wound_disabled_weapon_with_its_reason,,10099,0,0,0,0,0,0,"a weapon row says active or inactive, with the reason"
unit/test_exit_code_probe.gd,test_the_probe_fails_only_when_it_is_asked_to,,74,0,0,0,0,0,0,the gate's exit code reflects the run's real verdict
unit/test_hulk_prefix_guard.gd,test_no_tooling_identifier_carries_the_hulk_prefix,,538794,0,0,0,0,0,0,a retired mechanism leaves no trace in the code
unit/test_hulk_prefix_guard.gd,test_the_guard_would_actually_catch_a_reintroduction,,9740,0,0,0,0,0,0,turning a tier or restriction off changes the decision
unit/test_hulk_prefix_guard.gd,test_the_replacement_names_are_the_ones_in_use,,9562,0,0,0,0,0,0,a retired mechanism leaves no trace in the code
unit/test_lint_config.gd,test_the_file_cap_is_the_projects_chosen_number_not_gdlints_default,,9667,0,0,0,0,0,0,
unit/test_lint_config.gd,test_the_cap_is_not_gdlints_default,,10907,0,0,0,0,0,0,
unit/test_no_orphaned_uids.gd,test_no_uid_file_is_missing_its_script,,3853,0,0,0,0,0,0,a retired mechanism leaves no trace in the code
unit/test_retired_planner_sweep.gd,test_nothing_in_the_tree_names_the_retired_planner,,55961,0,0,0,0,0,0,a retired mechanism leaves no trace in the code
unit/test_retired_planner_sweep.gd,test_the_sweep_would_actually_catch_a_reintroduction,,9711,0,0,0,0,0,0,turning a tier or restriction off changes the decision
unit/test_run_suite.gd,test_the_runner_fails_the_process_when_a_test_fails,,4154558,0,0,0,0,0,0,the gate's exit code reflects the run's real verdict
unit/test_run_suite.gd,test_the_same_probe_passes_when_nothing_asks_it_to_fail,,4193123,0,0,0,0,0,0,the gate's exit code reflects the run's real verdict
unit/test_run_suite.gd,test_a_passing_targeted_run_exits_zero_reports_its_cost_and_writes_nothing,,4327652,0,0,0,0,0,0,only a full run may write an artifact describing the whole suite
unit/test_run_suite.gd,test_an_ambiguous_name_fails_and_prints_every_match,,47801,0,0,0,0,0,0,"a refusal says why, by name"
unit/test_run_suite.gd,test_an_unknown_target_is_a_usage_error,,26404,0,0,0,0,0,0,"a refusal says why, by name"
unit/test_run_suite.gd,test_a_targeted_run_refuses_to_write_the_profile_even_when_asked,,4192093,0,0,0,0,0,0,only a full run may write an artifact describing the whole suite
unit/test_smoke.gd,test_smoke,,9648,0,0,0,0,0,0,the suite runs at all
unit/test_suite_budget.gd,test_the_suite_is_within_its_work_budget,,2261,0,0,0,0,0,0,the work budget ratchets: no file may cost more than its baseline
unit/test_suite_budget.gd,test_the_recorded_baseline_still_resembles_the_measured_suite,,3040,0,0,0,0,0,0,the work budget ratchets: no file may cost more than its baseline
unit/test_suite_budget.gd,test_a_profile_at_the_baseline_passes,,136,0,0,0,0,0,0,the work budget ratchets: no file may cost more than its baseline
unit/test_suite_budget.gd,test_the_boundary_is_inclusive,,139,0,0,0,0,0,0,the work budget ratchets: no file may cost more than its baseline
unit/test_suite_budget.gd,test_going_over_names_the_file_and_the_delta,,161,0,0,0,0,0,0,"a refusal says why, by name"
unit/test_suite_budget.gd,test_every_violation_is_reported_not_just_the_first,,136,0,0,0,0,0,0,"a refusal says why, by name"
unit/test_suite_budget.gd,test_an_ungated_counter_does_not_fail_the_build,,197,0,0,0,0,0,0,the work budget ratchets: no file may cost more than its baseline
unit/test_suite_budget.gd,test_a_file_without_its_own_budget_is_ignored_per_file,,237,0,0,0,0,0,0,the work budget ratchets: no file may cost more than its baseline
unit/test_suite_budget.gd,test_bout_building_files_come_from_the_counter,,1740,0,0,0,0,0,0,"one mechanism, distinctly logged — no parallel systems"
unit/test_suite_budget.gd,test_the_randomly_sampled_file_is_excluded_from_the_turns_budget,,202,0,0,0,0,0,0,a randomly sampled measurement is excluded from a ratcheted budget
unit/test_suite_budget.gd,test_the_exclusion_list_stays_small_and_gates_bouts_regardless,,121,0,0,0,0,0,0,a randomly sampled measurement is excluded from a ratcheted budget
unit/test_suite_budget.gd,test_the_profile_carries_only_counters_and_no_bookkeeping,,20362,0,0,0,0,0,0,"the work counters count real work, and reset to nothing"
unit/test_suite_process.gd,test_no_test_spawns_a_process_behind_the_counter,,323667,0,0,0,0,0,0,
unit/test_suite_process.gd,test_the_wrapper_counts_a_spawn_and_returns_what_os_execute_returns,,15775,0,0,0,0,0,0,
unit/test_suite_process.gd,test_resetting_clears_the_spawn_counter,,11587,0,0,0,0,0,0,
unit/test_suite_profile_consistency.gd,test_every_per_file_counter_sums_to_the_profiles_own_total,,14209,0,0,0,0,0,0,
unit/test_suite_profile_consistency.gd,test_the_totals_carry_no_counter_the_per_file_rows_do_not,,14668,0,0,0,0,0,0,
unit/test_suite_profile_consistency.gd,test_identity_fields_never_appear_as_totals,,12042,0,0,0,0,0,0,
unit/test_suite_profile_consistency.gd,test_no_test_under_the_ordinary_tree_reads_the_audit,,29569,0,0,0,0,0,0,
unit/test_suite_tier.gd,test_the_fast_gate_skips_exactly_the_files_that_build_bouts,,14431,0,0,0,0,0,0,the fast gate skips exactly the bout-building files and never adds any
unit/test_suite_tier.gd,test_bout_files_are_not_confined_to_one_directory,,303,0,0,0,0,0,0,the fast gate skips exactly the bout-building files and never adds any
unit/test_suite_tier.gd,test_the_skip_only_ever_subtracts,,180,0,0,0,0,0,0,the fast gate skips exactly the bout-building files and never adds any
unit/test_suite_tier.gd,test_the_switch_agrees_with_the_environment,,151,0,0,0,0,0,0,the fast gate skips exactly the bout-building files and never adds any
unit/test_suite_tier.gd,test_the_skip_reason_says_what_to_run_instead,,231,0,0,0,0,0,0,"a refusal says why, by name"
unit/test_suite_tier.gd,test_every_listed_file_implements_the_skip_hook,,979,0,0,0,0,0,0,the fast gate skips exactly the bout-building files and never adds any
unit/test_void_vocabulary_guard.gd,test_no_gd_file_uses_the_retired_word_outside_the_return_annotation,,325444,0,0,0,0,0,0,
unit/test_void_vocabulary_guard.gd,test_the_shared_boundary_catches_an_underscore_join_and_still_allows_avoid,,386,0,0,0,0,0,0,
unit/view/modules/test_aim_mode.gd,test_the_aim_modes_module_set_is_a_table_entry,,9931,0,0,0,0,0,0,
unit/view/modules/test_aim_mode.gd,test_the_aim_mode_is_in_the_table_like_every_other_mode,,10075,0,0,0,0,0,0,
unit/view/modules/test_aim_mode.gd,test_only_a_mode_that_can_aim_names_an_aim_mode,,9784,0,0,0,0,0,0,
unit/view/modules/test_aim_mode.gd,test_entering_aim_switches_the_mode_and_leaving_restores_it,,1182512,0,0,0,5,0,1,
unit/view/modules/test_aim_mode.gd,test_a_module_absent_from_the_aim_set_is_unmounted_while_aiming,,1009059,0,0,0,4,0,1,
unit/view/modules/test_aim_mode.gd,test_leaving_aim_brings_the_absent_modules_back,,1167754,0,0,0,5,0,1,
unit/view/modules/test_aim_mode.gd,test_the_switch_does_not_replace_the_controller_that_owns_the_aim,,1006537,0,0,0,4,0,1,
unit/view/modules/test_aim_mode.gd,test_the_dartboard_survives_and_is_not_a_module,,1004617,0,0,0,4,0,1,
unit/view/modules/test_aim_mode.gd,test_a_departing_providers_slots_do_not_outlive_it,,1008250,0,0,0,4,0,1,
unit/view/modules/test_aim_mode.gd,test_switching_to_a_mode_with_a_different_chrome_is_refused,,935254,0,0,0,4,0,0,
unit/view/modules/test_aim_mode.gd,test_the_player_mode_pre_selects_the_unit_whose_turn_it_is,,947219,0,0,0,4,0,0,
unit/view/modules/test_aim_mode.gd,test_it_does_not_pre_select_a_unit_this_surface_does_not_drive,,940555,0,0,0,4,0,0,
unit/view/modules/test_aim_mode.gd,test_floor_tile_picking_is_off_until_the_debug_menu_turns_it_on,,939789,0,0,0,4,0,0,
unit/view/modules/test_aim_mode.gd,test_the_floor_tile_toggle_is_a_row_in_the_debug_table,,9657,0,0,0,0,0,0,
unit/view/modules/test_aim_mode.gd,test_it_leaves_an_existing_selection_alone_without_re_announcing_it,,1048788,0,0,0,5,0,0,
unit/view/modules/test_aim_mode.gd,test_filling_an_empty_selection_announces_it,,1046527,0,0,0,5,0,0,
unit/view/modules/test_battle_placements.gd,test_inspect_fills_its_declared_slot_rather_than_centring_itself,,1244192,0,0,0,4,0,0,
unit/view/modules/test_battle_placements.gd,test_the_debug_menu_sits_at_its_declared_slots_corner,,1201347,0,0,0,4,0,0,
unit/view/modules/test_battle_placements.gd,test_the_perf_monitor_grows_from_the_true_bottom_right_corner,,1196118,0,0,0,4,0,0,
unit/view/modules/test_battle_placements.gd,test_the_four_satellites_are_children_of_the_bar_rather_than_of_the_screen,,1189824,0,0,0,4,0,0,
unit/view/modules/test_battle_placements.gd,test_the_action_bar_lands_on_the_layouts_own_rect,,1188837,0,0,0,4,0,0,
unit/view/modules/test_battle_placements.gd,test_moving_the_bar_moves_every_surface_pinned_to_it,,1195089,0,0,0,4,0,0,
unit/view/modules/test_battle_placements.gd,test_the_debug_menu_budges_when_inspect_opens_and_returns_when_it_closes,,1197575,0,0,0,4,0,0,
unit/view/modules/test_battle_placements.gd,test_nothing_but_the_debug_menu_moves_when_inspect_opens,,1196208,0,0,0,4,0,0,
unit/view/modules/test_battle_placements.gd,test_every_collapsible_module_gets_a_toggle_in_the_ui_buttons_cluster,,1195601,0,0,0,4,0,0,
unit/view/modules/test_battle_placements.gd,test_a_button_dismisses_its_module_and_summons_it_back,,1191114,0,0,0,4,0,0,
unit/view/modules/test_battle_placements.gd,test_dismissing_the_bar_leaves_the_button_that_brings_it_back,,1188371,0,0,0,4,0,0,
unit/view/modules/test_battle_placements.gd,test_the_combat_log_no_longer_carries_its_own_framerate_readout,,13017,0,0,0,0,0,0,
unit/view/modules/test_battle_placements.gd,test_the_inspect_viewer_sits_in_its_own_top_left_slot,,1194978,0,0,0,4,0,0,
unit/view/modules/test_battle_placements.gd,test_inspect_drives_the_slotted_viewer_rather_than_building_a_second_one,,1195371,0,0,0,4,0,0,
unit/view/modules/test_battle_placements.gd,test_closing_inspect_hides_the_viewer_it_no_longer_contains,,1209498,0,0,0,4,0,0,
unit/view/modules/test_editor_gizmo_followups.gd,test_moving_a_pillar_leaves_the_floor_where_it_was,,844337,0,0,0,3,0,0,
unit/view/modules/test_editor_gizmo_followups.gd,test_moving_a_floor_still_writes_its_height,,838008,0,0,0,3,0,0,
unit/view/modules/test_editor_gizmo_followups.gd,test_a_horizontal_drag_moves_the_placement_by_whole_cells,,839268,0,0,0,3,0,0,
unit/view/modules/test_editor_gizmo_followups.gd,test_the_gizmo_follows_the_placement_it_moved,,846077,0,0,0,3,0,0,
unit/view/modules/test_editor_gizmo_followups.gd,test_a_drag_shorter_than_a_cell_moves_nothing,,842534,0,0,0,3,0,0,
unit/view/modules/test_editor_gizmo_followups.gd,test_arming_a_place_tool_lets_go_of_the_gizmo,,848671,0,0,0,3,0,0,
unit/view/modules/test_editor_gizmo_followups.gd,test_swapping_between_select_and_scale_keeps_the_subject,,871010,0,0,0,3,0,0,
unit/view/modules/test_editor_gizmo_followups.gd,test_the_readout_follows_the_pointer,,862689,0,0,0,3,0,0,
unit/view/modules/test_editor_gizmo_followups.gd,test_a_second_floor_at_the_same_level_lands_and_is_warned_about,,14653,0,0,0,0,0,0,
unit/view/modules/test_editor_isolation.gd,test_a_board_that_can_seat_a_unit_still_draws_none,,852881,0,0,0,3,0,0,
unit/view/modules/test_editor_isolation.gd,test_no_unit_cuts_a_hole_in_the_editor_s_walls,,847930,0,0,0,3,0,0,
unit/view/modules/test_editor_isolation.gd,test_it_holds_at_every_stage_of_authoring,,851770,0,0,0,3,0,0,
unit/view/modules/test_editor_isolation.gd,test_running_a_test_bout_puts_the_units_back_on_screen,,856199,0,0,0,3,0,0,
unit/view/modules/test_editor_isolation.gd,test_the_ghost_of_a_blocker_sits_where_the_board_puts_it,,848813,0,0,0,3,0,0,
unit/view/modules/test_editor_isolation.gd,test_the_side_face_target_is_unchanged,,14758,0,0,0,0,0,0,
unit/view/modules/test_editor_mode.gd,test_the_editor_is_a_module_set_plus_exactly_six_new_modules,,3436,0,0,0,0,0,0,
unit/view/modules/test_editor_mode.gd,test_every_excluded_module_is_really_declared_by_another_mode,,4657,0,0,0,0,0,0,
unit/view/modules/test_editor_mode.gd,test_the_editor_declares_nothing_the_catalog_does_not_build_for_everyone,,3363,0,0,0,0,0,0,
unit/view/modules/test_editor_mode.gd,test_the_editor_reuses_an_existing_layout_rather_than_declaring_one,,3628,0,0,0,0,0,0,
unit/view/modules/test_editor_mode.gd,test_the_editor_mounts_through_the_one_overlay_class,,825161,0,0,0,3,0,0,
unit/view/modules/test_editor_mode.gd,test_the_editor_mode_composes_the_module_set_it_declares,,831676,0,0,0,3,0,0,
unit/view/modules/test_editor_mode.gd,test_the_editor_drives_no_unit_and_queues_nothing,,826914,0,0,0,3,0,0,
unit/view/modules/test_editor_mode.gd,test_the_editor_module_mounts_against_a_context_with_nothing_in_it,,12040,0,0,0,0,0,0,
unit/view/modules/test_editor_mode.gd,test_the_editor_key_installs_the_editor_mode,,826027,0,0,0,3,0,0,
unit/view/modules/test_editor_mode.gd,test_the_editor_key_is_listed_in_the_bindings_legend,,4139,0,0,0,0,0,0,
unit/view/modules/test_editor_mode.gd,test_a_board_click_authors_through_the_active_tool,,837332,0,0,0,3,0,0,
unit/view/modules/test_editor_mode.gd,test_every_tool_the_bar_offers_is_one_the_router_answers,,873903,0,0,0,3,0,0,
unit/view/modules/test_editor_mode.gd,test_the_spawn_markers_are_placed_as_map_things,,846121,0,0,0,3,0,0,
unit/view/modules/test_editor_mode.gd,test_the_sight_blocking_tool_is_gone_from_the_vocabulary,,4958,0,0,0,0,0,0,
unit/view/modules/test_editor_mode.gd,test_the_edge_button_declares_the_selected_side,,837949,0,0,0,3,0,0,
unit/view/modules/test_editor_mode.gd,test_undo_from_the_panel_walks_the_controller_back,,837703,0,0,0,3,0,0,
unit/view/modules/test_editor_mode.gd,test_authoring_a_claim_draws_it_through_the_claim_module,,836358,0,0,0,3,0,0,
unit/view/modules/test_editor_mode.gd,test_removing_the_claim_stops_drawing_it,,839396,0,0,0,3,0,0,
unit/view/modules/test_editor_mode.gd,test_a_board_saved_as_a_map_opens_again_as_the_board_that_was_authored,,1669287,0,0,0,6,0,0,
unit/view/modules/test_editor_mode.gd,test_saving_without_a_name_refuses_and_says_why,,838156,0,0,0,3,0,0,
unit/view/modules/test_editor_mode.gd,test_opening_something_that_is_not_on_disk_refuses,,847148,0,0,0,3,0,0,
unit/view/modules/test_editor_mode.gd,test_an_authored_board_launches_a_bout_through_the_ordinary_injector_path,,850377,0,0,0,3,0,0,
unit/view/modules/test_editor_mode.gd,test_launching_puts_the_units_that_were_playing_onto_the_authored_board,,847530,0,0,0,3,0,0,
unit/view/modules/test_editor_mode.gd,test_a_board_that_fails_navigability_still_launches_and_still_warns,,855321,0,0,0,3,0,0,
unit/view/modules/test_editor_mode.gd,test_authoring_replaces_the_live_board_with_what_was_authored,,844219,0,0,0,3,0,0,
unit/view/modules/test_editor_mode.gd,test_a_chance_placed_as_a_map_thing_round_trips_its_tag_and_value,,843160,0,0,0,3,0,0,
unit/view/modules/test_editor_scale.gd,test_the_scale_tool_gives_a_placement_resize_handles,,854360,0,0,0,3,0,0,
unit/view/modules/test_editor_scale.gd,test_the_handles_follow_the_size_that_is_drawn,,869779,0,0,0,3,0,0,
unit/view/modules/test_editor_scale.gd,test_dragging_a_face_writes_the_size_and_the_readout_agrees,,872544,0,0,0,3,0,0,
unit/view/modules/test_editor_scale.gd,test_a_top_face_drag_leaves_the_base_where_it_was,,862893,0,0,0,3,0,0,
unit/view/modules/test_editor_scale.gd,test_an_authored_size_survives_save_and_load,,1674661,0,0,0,6,0,0,
unit/view/modules/test_editor_scale.gd,test_a_resized_wall_s_hp_is_proportional_to_its_volume,,861611,0,0,0,3,0,0,
unit/view/modules/test_editor_scale.gd,test_the_resized_wall_is_what_the_board_is_built_from,,861801,0,0,0,3,0,0,
unit/view/modules/test_editor_scale.gd,test_a_size_with_no_volume_in_it_is_refused,,15953,0,0,0,0,0,0,
unit/view/modules/test_editor_scale.gd,test_scaling_an_empty_cell_is_refused_rather_than_crashing,,12715,0,0,0,0,0,0,
unit/view/modules/test_editor_scale.gd,test_an_authored_size_is_undoable,,12898,0,0,0,0,0,0,
unit/view/modules/test_editor_stacks.gd,test_a_point_resolves_to_the_placement_containing_it,,14447,0,0,0,0,0,0,
unit/view/modules/test_editor_stacks.gd,test_the_side_of_the_upper_floor_places_level_with_the_upper_floor,,854812,0,0,0,3,0,0,
unit/view/modules/test_editor_stacks.gd,test_the_side_of_the_lower_floor_places_level_with_the_lower_floor,,854744,0,0,0,3,0,0,
unit/view/modules/test_editor_stacks.gd,test_deleting_removes_the_one_that_was_clicked,,857052,0,0,0,3,0,0,
unit/view/modules/test_editor_stacks.gd,test_deleting_with_no_struck_point_still_removes_the_top,,858327,0,0,0,3,0,0,
unit/view/modules/test_editor_stacks.gd,test_selecting_the_floor_under_a_wall_selects_the_floor,,855701,0,0,0,3,0,0,
unit/view/modules/test_editor_stacks.gd,test_cover_placed_on_the_upper_deck_is_offset_up_to_it,,882079,0,0,0,3,0,0,
unit/view/modules/test_editor_stacks.gd,test_the_grid_rule_is_not_what_moved,,871139,0,0,0,3,0,0,
unit/view/modules/test_editor_surfaces.gd,test_the_coordinate_readout_takes_the_slot_the_unit_resources_use,,7982,0,0,0,0,0,0,
unit/view/modules/test_editor_surfaces.gd,test_the_readout_mounts_into_the_editor_bars_published_slot,,825599,0,0,0,3,0,0,
unit/view/modules/test_editor_surfaces.gd,test_the_readout_tracks_the_cell_and_height_under_the_cursor,,830735,0,0,0,3,0,0,
unit/view/modules/test_editor_surfaces.gd,test_leaving_the_board_blanks_the_readout_rather_than_freezing_it,,832793,0,0,0,3,0,0,
unit/view/modules/test_editor_surfaces.gd,test_an_empty_cell_reads_as_empty_rather_than_blank,,834885,0,0,0,3,0,0,
unit/view/modules/test_editor_surfaces.gd,test_a_long_part_name_is_truncated,,11151,0,0,0,0,0,0,
unit/view/modules/test_editor_surfaces.gd,test_the_section_details_sit_in_the_viewer_slot_and_fold_from_the_ui_buttons,,828893,0,0,0,3,0,0,
unit/view/modules/test_editor_surfaces.gd,test_folding_the_details_leaves_the_authoring_verbs_working,,839816,0,0,0,3,0,0,
unit/view/modules/test_editor_surfaces.gd,test_a_navigability_warning_reaches_the_log_and_the_announcement_position,,847639,0,0,0,3,0,0,
unit/view/modules/test_editor_surfaces.gd,test_a_standing_warning_is_reported_once_rather_than_on_every_edit,,850068,0,0,0,3,0,0,
unit/view/modules/test_editor_surfaces.gd,test_a_warning_that_clears_and_returns_is_reported_again,,11410,0,0,0,0,0,0,
unit/view/modules/test_editor_surfaces.gd,test_warning_louder_still_does_not_gate_anything,,838129,0,0,0,3,0,0,
unit/view/modules/test_editor_surfaces.gd,test_the_bar_highlights_the_current_tool,,839423,0,0,0,3,0,0,
unit/view/modules/test_editor_surfaces.gd,test_the_highlight_follows_the_placing_verb_that_will_author,,845508,0,0,0,3,0,0,
unit/view/modules/test_editor_surfaces.gd,test_the_default_tool_is_already_highlighted_before_anything_is_pressed,,837204,0,0,0,3,0,0,
unit/view/modules/test_editor_veneer.gd,test_a_click_on_a_ledge_side_snaps_down_to_what_it_meets,,865826,0,0,0,3,0,0,
unit/view/modules/test_editor_veneer.gd,test_a_veneer_between_two_floors_spans_exactly_between_them,,869722,0,0,0,3,0,0,
unit/view/modules/test_editor_veneer.gd,test_a_veneer_with_nothing_under_it_falls_to_the_deck,,857072,0,0,0,3,0,0,
unit/view/modules/test_editor_veneer.gd,test_a_top_face_with_nothing_above_takes_the_odd_default,,868675,0,0,0,3,0,0,
unit/view/modules/test_editor_veneer.gd,test_growing_up_always_takes_the_default_because_nothing_is_ever_above,,866660,0,0,0,3,0,0,
unit/view/modules/test_editor_veneer.gd,test_the_rule_snaps_up_when_it_is_given_something_above,,14188,0,0,0,0,0,0,
unit/view/modules/test_editor_veneer.gd,test_a_taller_veneer_is_tougher_on_the_board_that_gets_built,,888502,0,0,0,3,0,0,
unit/view/modules/test_editor_veneer.gd,test_the_grown_veneer_survives_a_save_and_load,,1705525,0,0,0,6,0,0,
unit/view/modules/test_editor_veneer.gd,test_the_struck_face_is_what_chooses_the_direction,,15803,0,0,0,0,0,0,
unit/view/modules/test_editor_view_agreement.gd,test_a_refused_placement_does_not_cost_the_next_one,,891756,0,0,0,3,0,0,
unit/view/modules/test_editor_view_agreement.gd,test_a_second_blocker_leaves_the_model_and_the_view_agreeing,,888576,0,0,0,3,0,0,
unit/view/modules/test_editor_view_agreement.gd,test_a_refused_placement_says_so_in_the_combat_log,,884047,0,0,0,3,0,0,
unit/view/modules/test_editor_view_agreement.gd,test_the_editor_keeps_working_for_the_rest_of_the_session,,915141,0,0,0,3,0,0,
unit/view/modules/test_editor_view_agreement.gd,test_deleting_removes_the_node_as_well_as_the_record,,891933,0,0,0,3,0,0,
unit/view/modules/test_editor_view_agreement.gd,test_deleting_works_after_a_refused_placement,,891829,0,0,0,3,0,0,
unit/view/modules/test_editor_view_agreement.gd,test_a_placement_round_trips_to_a_saved_map_with_the_same_visible_result,,1744133,0,0,0,6,0,0,
unit/view/modules/test_editor_view_agreement.gd,test_a_placement_outside_the_board_does_not_stop_the_rest_being_drawn,,895269,0,0,0,3,0,0,
unit/view/modules/test_editor_visible_gaps.gd,test_a_hover_over_an_empty_cell_produces_a_ghost,,873162,0,0,0,3,0,0,
unit/view/modules/test_editor_visible_gaps.gd,test_a_pick_that_found_no_part_still_reports_the_cell,,15905,0,0,0,0,0,0,
unit/view/modules/test_editor_visible_gaps.gd,test_a_cell_with_geometry_the_ray_missed_is_not_reported,,12090,0,0,0,0,0,0,
unit/view/modules/test_editor_visible_gaps.gd,test_an_empty_cell_is_still_reported_when_the_grid_is_known,,12433,0,0,0,0,0,0,
unit/view/modules/test_editor_visible_gaps.gd,test_a_cell_holding_a_blocker_is_not_reported_either,,12354,0,0,0,0,0,0,
unit/view/modules/test_editor_visible_gaps.gd,test_the_parts_list_button_toggles_the_list,,880379,0,0,0,3,0,0,
unit/view/modules/test_editor_visible_gaps.gd,test_the_summoned_list_offers_the_armed_tool_s_parts,,867217,0,0,0,3,0,0,
unit/view/modules/test_editor_visible_gaps.gd,test_map_thing_opens_a_picker_covering_every_thing_and_claim_kind,,864630,0,0,0,3,0,0,
unit/view/modules/test_editor_visible_gaps.gd,test_picking_a_claim_kind_authors_that_kind,,869257,0,0,0,3,0,0,
unit/view/modules/test_editor_visible_gaps.gd,test_a_spawn_marker_is_reachable_from_the_same_picker,,882463,0,0,0,3,0,0,
unit/view/modules/test_editor_visible_gaps.gd,test_the_readout_names_the_active_placement,,873498,0,0,0,3,0,0,
unit/view/modules/test_editor_visible_gaps.gd,test_the_readout_does_not_name_a_part_under_a_tool_that_places_none,,883906,0,0,0,3,0,0,
unit/view/modules/test_editor_visible_gaps.gd,test_the_readout_names_the_claim_kind_under_map_thing,,873196,0,0,0,3,0,0,
unit/view/modules/test_editor_visible_gaps.gd,test_the_editor_is_armed_with_the_ordinary_floor,,877184,0,0,0,3,0,0,
unit/view/modules/test_editor_visible_gaps.gd,test_a_wall_on_bare_ground_brings_a_floor_not_a_ramp,,880577,0,0,0,3,0,0,
unit/view/modules/test_editor_visible_gaps.gd,test_placing_ship_floor_on_bare_ground_warns_about_nothing,,875984,0,0,0,3,0,0,
unit/view/modules/test_editor_visible_gaps.gd,test_a_handle_inside_a_part_is_still_hit_testable,,885367,0,0,0,3,0,0,
unit/view/modules/test_editor_visible_gaps.gd,test_the_gizmo_is_offered_input_before_the_board_picker,,13512,0,0,0,0,0,0,
unit/view/modules/test_editor_visible_gaps.gd,test_the_selected_part_renders_as_a_ghost,,887384,0,0,0,3,0,0,
unit/view/modules/test_editor_visible_gaps.gd,test_deselecting_restores_the_part,,897813,0,0,0,3,0,0,
unit/view/modules/test_editor_visible_gaps.gd,test_the_ghost_keeps_the_part_s_own_colour,,15632,0,0,0,0,0,0,
unit/view/modules/test_editor_visible_gaps.gd,test_a_unit_the_authored_board_cannot_seat_cuts_no_hole,,875460,0,0,0,3,0,0,
unit/view/modules/test_gizmo_drag_fidelity.gd,test_a_scale_drag_lands_the_same_whether_it_took_one_step_or_two,,1734271,0,0,0,6,0,0,
unit/view/modules/test_gizmo_drag_fidelity.gd,test_a_scale_drag_that_does_not_move_does_not_grow,,903291,0,0,0,3,0,0,
unit/view/modules/test_gizmo_drag_fidelity.gd,test_a_claim_drag_lands_the_same_whether_it_took_one_step_or_two,,1736516,0,0,0,6,0,0,
unit/view/modules/test_gizmo_drag_fidelity.gd,test_moving_a_placement_redraws_the_board_immediately,,890351,0,0,0,3,0,0,
unit/view/modules/test_gizmo_module.gd,test_a_click_with_another_tool_active_does_not_focus_the_gizmo,,961275,0,0,0,3,0,0,
unit/view/modules/test_gizmo_module.gd,test_the_gizmo_tool_focuses_the_placement_that_was_clicked,,935600,0,0,0,3,0,0,
unit/view/modules/test_gizmo_module.gd,test_clicking_a_cell_with_nothing_on_it_clears_the_gizmo,,948369,0,0,0,3,0,0,
unit/view/modules/test_gizmo_module.gd,test_a_claim_over_the_cell_is_what_gets_focused,,949188,0,0,0,3,0,0,
unit/view/modules/test_gizmo_module.gd,test_which_handles_are_drawn_is_which_tool_is_armed,,956694,0,0,0,3,0,0,
unit/view/modules/test_gizmo_module.gd,test_dragging_the_up_arrow_authors_a_height_of_zero_point_three,,959819,0,0,0,3,0,0,
unit/view/modules/test_gizmo_module.gd,test_grabbing_a_handle_consumes_the_press,,950598,0,0,0,3,0,0,
unit/view/modules/test_gizmo_module.gd,test_a_press_that_misses_every_handle_falls_through,,944320,0,0,0,3,0,0,
unit/view/modules/test_gizmo_module.gd,test_an_unfocused_gizmo_consumes_nothing,,929258,0,0,0,3,0,0,
unit/view/modules/test_gizmo_module.gd,test_a_drag_changes_a_value_and_nothing_about_what_is_chosen,,961854,0,0,0,3,0,0,
unit/view/modules/test_gizmo_module.gd,test_a_resize_that_would_collapse_the_claim_leaves_it_untouched,,979283,0,0,0,3,0,0,
unit/view/modules/test_layout_review.gd,test_the_bar_itself_is_centred_not_the_cluster_around_it,,1196807,0,0,0,4,0,0,
unit/view/modules/test_layout_review.gd,test_the_bar_stays_centred_with_a_wide_surface_on_one_side_only,,1200663,0,0,0,4,0,0,
unit/view/modules/test_layout_review.gd,test_the_bar_is_about_an_eighth_of_the_screen_tall,,1183047,0,0,0,4,0,0,
unit/view/modules/test_layout_review.gd,test_the_bars_boxes_are_fitted_into_the_band_rather_than_setting_it,,1183468,0,0,0,4,0,0,
unit/view/modules/test_layout_review.gd,test_the_bar_draws_a_background,,1181834,0,0,0,4,0,0,
unit/view/modules/test_layout_review.gd,test_the_unit_resources_are_centred_over_the_bar,,1181686,0,0,0,4,0,0,
unit/view/modules/test_layout_review.gd,test_the_ui_buttons_stay_at_the_bars_right_edge,,1182723,0,0,0,4,0,0,
unit/view/modules/test_layout_review.gd,test_every_control_in_the_ui_buttons_cluster_is_a_square_abbreviation,,1184318,0,0,0,4,0,0,
unit/view/modules/test_layout_review.gd,test_inspects_own_button_matches_the_cluster_it_sits_in,,1183184,0,0,0,4,0,0,
unit/view/modules/test_layout_review.gd,test_abbreviations_are_derived_from_the_id,,8656,0,0,0,0,0,0,
unit/view/modules/test_layout_review.gd,test_a_cluster_button_describes_itself_after_the_shared_dwell,,1183810,0,0,0,4,0,0,
unit/view/modules/test_layout_review.gd,test_every_mode_with_ui_buttons_also_declares_a_tooltip,,7363,0,0,0,0,0,0,
unit/view/modules/test_layout_review.gd,test_filtering_removes_the_rows_it_filtered_out_from_the_tree,,8595,0,0,0,0,0,0,
unit/view/modules/test_layout_review.gd,test_typing_and_clearing_returns_the_whole_list_exactly_once,,8821,0,0,0,0,0,0,
unit/view/modules/test_layout_review.gd,test_verbose_no_longer_unfolds_anything,,8618,0,0,0,0,0,0,
unit/view/modules/test_layout_review.gd,test_the_verbose_checkbox_still_reaches_the_flag_it_no_longer_drives,,1184322,0,0,0,4,0,0,
unit/view/modules/test_layout_review.gd,test_the_overflow_previews_background_is_bigger_than_its_text,,8482,0,0,0,0,0,0,
unit/view/modules/test_layout_review.gd,test_the_editors_details_panel_fits_the_slot_it_was_given,,836876,0,0,0,3,0,0,
unit/view/modules/test_layout_review.gd,test_the_inspect_viewer_slot_is_padded_off_the_corner,,8049,0,0,0,0,0,0,
unit/view/modules/test_layout_review.gd,test_a_unit_the_authored_board_cannot_seat_is_not_drawn,,834939,0,0,0,3,0,0,
unit/view/modules/test_layout_review.gd,test_a_unit_is_not_drawn_even_once_the_board_could_seat_it,,850040,0,0,0,3,0,0,
unit/view/modules/test_layout_review.gd,test_launching_a_test_bout_brings_the_units_back,,859400,0,0,0,3,0,0,
unit/view/modules/test_layout_review.gd,test_a_chrome_button_waits_half_a_second_not_the_full_dwell,,8541,0,0,0,0,0,0,
unit/view/modules/test_layout_review.gd,test_no_control_in_the_cluster_carries_a_pressed_state,,1184110,0,0,0,4,0,0,
unit/view/modules/test_layout_review.gd,test_the_placeable_parts_are_offered_in_alphabetical_order,,838533,0,0,0,3,0,0,
unit/view/modules/test_layout_review.gd,test_the_tiles_button_offers_only_ground_attaching_parts,,846671,0,0,0,3,0,0,
unit/view/modules/test_layout_review.gd,test_placing_cover_on_bare_ground_brings_a_floor_with_it,,840622,0,0,0,3,0,0,
unit/view/modules/test_layout_review.gd,test_a_floor_is_not_doubled_up,,845313,0,0,0,3,0,0,
unit/view/modules/test_layout_review.gd,test_a_doubled_floor_says_the_cell_is_taken_not_that_nothing_holds_it,,9091,0,0,0,0,0,0,
unit/view/modules/test_layout_review.gd,test_the_combat_log_fits_the_space_the_bar_leaves,,1184794,0,0,0,4,0,0,
unit/view/modules/test_layout_review.gd,test_the_minimised_log_names_itself_on_hover,,10495,0,0,0,0,0,0,
unit/view/modules/test_layout_review.gd,test_the_run_tests_panels_are_off_by_default_and_have_a_button,,809201,0,0,0,3,0,0,
unit/view/modules/test_layout_review.gd,test_the_completion_criteria_live_on_the_run_boxs_question_mark,,807828,0,0,0,3,0,0,
unit/view/modules/test_layout_review.gd,test_the_player_view_has_no_top_left_cluster_and_watch_sits_with_the_turn_verbs,,1186707,0,0,0,4,0,0,
unit/view/modules/test_layout_review.gd,test_entering_the_editor_clears_the_previous_turns_overlays,,1224035,0,0,0,4,0,0,
unit/view/modules/test_layout_review_3.gd,test_no_module_has_two_controls_in_the_cluster,,1199744,0,0,0,4,0,0,
unit/view/modules/test_layout_review_3.gd,test_a_module_with_its_own_button_is_not_swept_into_a_second_one,,1202459,0,0,0,4,0,0,
unit/view/modules/test_layout_review_3.gd,test_a_buttons_border_follows_whether_its_module_is_up,,1190493,0,0,0,4,0,0,
unit/view/modules/test_layout_review_3.gd,test_dismissing_the_bar_drops_its_satellites_to_the_bottom_edge,,1206863,0,0,0,4,0,0,
unit/view/modules/test_layout_review_3.gd,test_the_editor_has_a_debug_button,,840207,0,0,0,3,0,0,
unit/view/modules/test_layout_review_3.gd,test_the_keybindings_sheet_is_a_centred_panel_with_a_way_out,,1191373,0,0,0,4,0,0,
unit/view/modules/test_layout_review_3.gd,test_the_key_and_the_button_still_share_one_state,,1187615,0,0,0,4,0,0,
unit/view/modules/test_layout_review_3.gd,test_watch_sits_above_the_turn_verbs_with_a_gap,,1196214,0,0,0,4,0,0,
unit/view/modules/test_layout_review_3.gd,test_the_spectator_carries_assume_control_in_its_turn_column,,824546,0,0,0,3,0,0,
unit/view/modules/test_layout_review_3.gd,test_nothing_declares_the_retired_cluster_any_more,,9554,0,0,0,0,0,0,
unit/view/modules/test_layout_review_3.gd,test_inspect_is_padded_off_its_corner_and_inside_itself,,1196135,0,0,0,4,0,0,
unit/view/modules/test_layout_review_3.gd,test_the_inspect_viewer_sits_in_a_padded_frame,,1198343,0,0,0,4,0,0,
unit/view/modules/test_layout_review_3.gd,test_the_editors_details_panel_is_padded_all_round,,842915,0,0,0,3,0,0,
unit/view/modules/test_layout_review_3.gd,test_the_bars_own_toggle_is_last_in_the_row_and_smaller,,1190237,0,0,0,4,0,0,
unit/view/modules/test_layout_review_3.gd,test_the_active_border_is_a_neutral_grey_not_the_alert_tier,,9342,0,0,0,0,0,0,
unit/view/modules/test_layout_review_3.gd,test_the_suite_box_takes_inspects_rect_and_draws_over_it,,811370,0,0,0,3,0,0,
unit/view/modules/test_layout_review_3.gd,test_the_watched_run_table_lives_inside_the_suite_box,,813768,0,0,0,3,0,0,
unit/view/modules/test_layout_review_3.gd,test_the_suite_box_has_a_combat_log_shaped_title_bar,,11782,0,0,0,0,0,0,
unit/view/modules/test_layout_review_3.gd,test_the_combat_log_is_padded_off_the_screen_edge,,1190377,0,0,0,4,0,0,
unit/view/modules/test_layout_review_3.gd,test_every_mode_with_a_ui_cluster_can_open_the_keybindings,,10259,0,0,0,0,0,0,
unit/view/modules/test_layout_review_3.gd,test_the_spectator_gets_the_split_inspector,,813664,0,0,0,3,0,0,
unit/view/modules/test_layout_review_3.gd,test_the_preview_camera_gets_more_ambient_than_the_board,,10233,0,0,0,0,0,0,
unit/view/modules/test_layout_review_3.gd,test_the_perf_readout_survives_an_overlay_swap,,1958513,0,0,0,6,0,0,
unit/view/modules/test_layout_review_3.gd,test_the_logs_line_offsets_are_not_rebuilt_on_every_mouse_motion,,13087,0,0,0,0,0,0,
unit/view/modules/test_parts_list.gd,test_the_editor_mounts_the_parts_list_in_the_inspect_slot,,873978,0,0,0,3,0,0,
unit/view/modules/test_parts_list.gd,test_the_list_and_inspect_are_never_up_together,,874151,0,0,0,3,0,0,
unit/view/modules/test_parts_list.gd,test_arming_a_place_tool_opens_the_list_on_that_tools_parts,,886443,0,0,0,3,0,0,
unit/view/modules/test_parts_list.gd,test_the_list_is_still_searchable_where_it_now_lives,,881618,0,0,0,3,0,0,
unit/view/modules/test_parts_list.gd,test_load_opens_the_same_widget,,893724,0,0,0,3,0,0,
unit/view/modules/test_parts_list.gd,test_what_the_ghost_showed_is_what_gets_placed,,889760,0,0,0,3,0,0,
unit/view/modules/test_parts_list.gd,test_the_ghost_clears_when_there_is_nothing_to_preview,,876724,0,0,0,3,0,0,
unit/view/modules/test_parts_list.gd,test_no_ghost_under_a_tool_that_places_nothing,,878812,0,0,0,3,0,0,
unit/view/modules/test_parts_list.gd,test_no_ghost_where_the_placement_would_be_refused,,897634,0,0,0,3,0,0,
unit/view/modules/test_pass_c_behaviours.gd,test_pressing_end_turn_with_ap_left_raises_a_confirmation_instead_of_ending_it,,1303370,0,0,0,4,0,0,
unit/view/modules/test_pass_c_behaviours.gd,test_confirming_the_prompt_ends_the_turn_for_real,,1330122,0,1,0,4,0,0,
unit/view/modules/test_pass_c_behaviours.gd,test_a_spent_unit_ends_its_turn_with_no_dialog_at_all,,1303096,0,1,0,4,0,0,
unit/view/modules/test_pass_c_behaviours.gd,test_the_minimised_log_abuts_the_action_bar_with_no_padding,,1210219,0,0,0,4,0,0,
unit/view/modules/test_pass_c_behaviours.gd,test_minimising_shrinks_the_log_to_its_toggle,,1205180,0,0,0,4,0,0,
unit/view/modules/test_pass_c_behaviours.gd,test_the_wrap_checkbox_turns_word_wrapping_on_and_off,,1184418,0,0,0,4,0,0,
unit/view/modules/test_pass_c_behaviours.gd,test_the_verbose_checkbox_reaches_the_sink_that_owns_the_folding,,1193358,0,0,0,4,0,0,
unit/view/modules/test_pass_c_behaviours.gd,test_verbose_does_not_discard_a_group_the_reader_expanded_by_hand,,12588,0,0,0,0,0,0,
unit/view/modules/test_pass_c_behaviours.gd,test_the_log_preview_and_the_tooltip_run_off_the_same_dwell,,1185947,0,0,0,4,0,0,
unit/view/modules/test_slot_properties.gd,test_an_edge_pinned_slot_reports_its_edge_and_a_floating_one_does_not,,250,0,0,0,0,0,0,
unit/view/modules/test_slot_properties.gd,test_side_pinned_covers_every_edge_rather_than_only_the_sides,,145,0,0,0,0,0,0,
unit/view/modules/test_slot_properties.gd,test_the_pacing_row_claims_no_edge_because_two_providers_place_it_differently,,114,0,0,0,0,0,0,
unit/view/modules/test_slot_properties.gd,test_a_module_is_collapsible_exactly_when_its_slot_is_edge_pinned,,144,0,0,0,0,0,0,
unit/view/modules/test_slot_properties.gd,test_the_collapsed_flag_round_trips_and_calls_its_hook,,117,0,0,0,0,0,0,
unit/view/modules/test_slot_properties.gd,test_every_side_pinned_module_reports_itself_collapsible,,502,0,0,0,0,0,0,
unit/view/modules/test_slot_providers.gd,test_any_module_can_publish_a_slot_not_just_the_action_bar,,802192,0,0,0,3,0,0,
unit/view/modules/test_slot_providers.gd,test_a_module_publishes_nothing_by_default,,13868,0,0,0,0,0,0,
unit/view/modules/test_slot_providers.gd,test_the_host_publishes_the_action_bars_slots_into_the_context,,1177315,0,0,0,4,0,0,
unit/view/modules/test_slot_providers.gd,test_an_action_bar_slot_lives_inside_the_bars_own_subtree,,1179792,0,0,0,4,0,0,
unit/view/modules/test_slot_providers.gd,test_moving_the_bar_moves_what_is_mounted_in_its_slots,,1205720,0,0,0,4,0,0,
unit/view/modules/test_slot_providers.gd,test_a_mode_with_no_action_bar_still_mounts_its_dependants,,802010,0,0,0,3,0,0,
unit/view/modules/test_slot_providers.gd,test_an_absent_action_bar_slot_falls_back_rather_than_answering_null,,14128,0,0,0,0,0,0,
unit/view/modules/test_surfaces_do_not_overlap.gd,test_the_player_mode_has_no_undeclared_overlaps,,1184992,0,0,0,4,0,0,
unit/view/modules/test_surfaces_do_not_overlap.gd,test_the_spectator_mode_has_no_undeclared_overlaps,,808856,0,0,0,3,0,0,
unit/view/modules/test_surfaces_do_not_overlap.gd,test_the_editor_mode_has_no_undeclared_overlaps,,837238,0,0,0,3,0,0,
unit/view/modules/test_surfaces_do_not_overlap.gd,test_every_declared_exception_names_modules_that_exist,,13487,0,0,0,0,0,0,
unit/view/modules/test_surfaces_do_not_overlap.gd,test_the_overlap_comparison_actually_reports_an_overlap,,13559,0,0,0,0,0,0,
unit/view/modules/test_three_bars.gd,test_each_mode_mounts_its_own_bar_module,,2805288,0,0,0,10,0,0,
unit/view/modules/test_three_bars.gd,test_all_three_bars_occupy_the_one_action_row_slot,,2790116,0,0,0,10,0,0,
unit/view/modules/test_three_bars.gd,test_no_mode_declares_more_than_one_bar,,17255,0,0,0,0,0,0,
unit/view/modules/test_three_bars.gd,test_every_bar_publishes_the_four_satellite_slots,,2794514,0,0,0,10,0,0,
unit/view/modules/test_three_bars.gd,test_the_spectators_transport_controls_are_in_its_bar,,808161,0,0,0,3,0,0,
unit/view/modules/test_three_bars.gd,test_the_pacing_row_is_published_by_the_bar_rather_than_by_a_chrome,,806796,0,0,0,3,0,0,
unit/view/modules/test_three_bars.gd,test_the_old_chrome_still_publishes_the_same_two_names,,797028,0,0,0,3,0,0,
unit/view/modules/test_three_bars.gd,test_the_players_boxes_are_square_and_sit_on_two_rows,,1188114,0,0,0,4,0,0,
unit/view/modules/test_three_bars.gd,test_the_player_bars_boxes_start_at_its_left_edge_and_fit_inside_it,,1196166,0,0,0,4,0,0,
unit/view/modules/test_three_bars.gd,test_the_editor_bar_offers_a_labelled_button_for_every_tool,,833125,0,0,0,3,0,0,
unit/view/modules/test_three_bars.gd,test_pressing_a_tool_button_arms_that_tool,,839968,0,0,0,3,0,0,
unit/view/modules/test_three_bars.gd,test_the_place_items_list_offers_every_placeable_part_and_searches_it,,848796,0,0,0,3,0,0,
unit/view/modules/test_three_bars.gd,test_picking_from_the_list_arms_the_place_tool_with_that_part_and_kind,,847059,0,0,0,3,0,0,
unit/view/modules/test_three_bars.gd,test_closing_the_list_leaves_the_place_tool_it_armed,,850367,0,0,0,3,0,0,
unit/view/modules/test_three_bars.gd,test_load_offers_the_authored_catalogs_through_the_same_list,,866457,0,0,0,3,0,0,
unit/view/modules/test_three_bars.gd,test_picking_a_board_loads_it_into_the_editor,,950349,0,0,0,3,0,0,
unit/view/modules/test_three_bars.gd,test_the_file_row_reaches_the_verbs_the_editor_module_already_owned,,855715,0,0,0,3,0,0,
unit/view/modules/test_ui_button_sync.gd,test_one_press_dismisses_a_list_that_was_opened_by_a_tool_button,,848683,0,0,0,3,0,0,
unit/view/modules/test_ui_button_sync.gd,test_one_press_summons_a_list_that_was_closed_by_something_else,,848117,0,0,0,3,0,0,
unit/view/modules/test_ui_button_sync.gd,test_one_press_opens_the_list_from_a_fresh_mount,,856074,0,0,0,3,0,0,
unit/view/modules/test_ui_button_sync.gd,test_a_press_always_flips_what_is_on_screen,,846816,0,0,0,3,0,0,
unit/view/modules/test_view_gap_modules.gd,test_a_tile_draws_in_the_temporary_tint_whatever_its_material_is,,16776,0,0,0,0,0,0,
unit/view/modules/test_view_gap_modules.gd,test_the_material_branch_still_answers_correctly_underneath,,13661,0,0,0,0,0,0,
unit/view/modules/test_view_gap_modules.gd,test_the_floor_green_and_the_interior_claim_green_stay_far_apart,,14893,0,0,0,0,0,0,
unit/view/modules/test_view_gap_modules.gd,test_content_bounds_covers_the_placed_board,,18122,0,0,0,0,0,0,
unit/view/modules/test_view_gap_modules.gd,test_an_empty_board_has_no_bounds_to_frame,,13908,0,0,0,0,0,0,
unit/view/modules/test_view_gap_modules.gd,test_framing_a_board_produces_a_camera_that_contains_every_placed_part,,18688,0,0,0,0,0,0,
unit/view/modules/test_view_gap_modules.gd,test_framing_pans_to_the_centre_of_what_was_built,,18546,0,0,0,0,0,0,
unit/view/modules/test_view_gap_modules.gd,test_framing_leaves_the_authors_own_angle_alone,,18217,0,0,0,0,0,0,
unit/view/modules/test_view_gap_modules.gd,test_one_box_per_claim_in_the_right_colour,,16193,0,0,0,0,0,0,
unit/view/modules/test_view_gap_modules.gd,test_a_claims_box_lands_at_its_declared_extent,,15069,0,0,0,0,0,0,
unit/view/modules/test_view_gap_modules.gd,test_a_sections_origin_offsets_its_claims,,15435,0,0,0,0,0,0,
unit/view/modules/test_view_gap_modules.gd,test_an_unrecognised_kind_still_draws,,15613,0,0,0,0,0,0,
unit/view/modules/test_view_gap_modules.gd,test_a_claim_with_no_box_is_skipped_rather_than_fatal,,14829,0,0,0,0,0,0,
unit/view/modules/test_view_gap_modules.gd,test_showing_again_replaces_rather_than_accumulates,,15582,0,0,0,0,0,0,
unit/view/modules/test_view_gap_modules.gd,test_no_play_mode_declares_the_claim_module,,15035,0,0,0,0,0,0,
unit/view/modules/test_view_modes.gd,test_a_mode_nothing_in_src_declares_can_be_built_and_mounted,,809826,0,0,0,3,0,0,
unit/view/modules/test_view_modes.gd,test_every_mode_composes_the_module_set_it_declares,,5451602,0,0,0,20,0,0,
unit/view/modules/test_view_modes.gd,test_the_spectator_mode_declares_no_unit_input,,19437,0,0,0,0,0,0,
unit/view/modules/test_view_modes.gd,test_a_mode_with_no_input_modules_has_no_tactics_controller,,1984568,0,0,0,7,0,0,
unit/view/modules/test_view_modes.gd,test_the_single_unit_mode_is_gone_from_the_table,,15371,0,0,0,0,0,0,
unit/view/modules/test_view_modes.gd,test_an_unknown_module_id_is_skipped_rather_than_fatal,,802578,0,0,0,3,0,0,
unit/view/modules/test_view_modes.gd,test_a_modes_options_reach_its_modules_before_they_mount,,800054,0,0,0,3,0,0,
unit/view/modules/test_view_modes.gd,test_the_same_module_with_no_option_keeps_its_own_default,,799765,0,0,0,3,0,0,
unit/view/modules/test_view_modes.gd,test_modes_resolve_by_id_and_an_unknown_one_refuses,,16011,0,0,0,0,0,0,
unit/view/modules/test_view_modes.gd,test_a_modeless_surface_mounts_nothing_and_drives_nothing,,802360,0,0,0,3,0,0,
unit/view/modules/test_view_modules_stand_alone.gd,test_the_catalog_builds_every_id,,15607,0,0,0,0,0,0,
unit/view/modules/test_view_modules_stand_alone.gd,test_an_unknown_id_builds_nothing_rather_than_crashing,,15090,0,0,0,0,0,0,
unit/view/modules/test_view_modules_stand_alone.gd,test_every_module_mounts_against_an_empty_context,,41178,0,0,0,0,0,0,
unit/view/modules/test_view_modules_stand_alone.gd,test_every_module_survives_rebind_and_tick_with_nothing_wired,,39301,0,0,0,0,0,0,
unit/view/modules/test_view_modules_stand_alone.gd,test_mounting_twice_is_ignored,,15721,0,0,0,0,0,0,
unit/view/modules/test_view_modules_stand_alone.gd,test_unmounting_without_mounting_is_a_no_op,,15387,0,0,0,0,0,0,
unit/view/modules/test_view_modules_stand_alone.gd,test_the_input_modules_are_exactly_the_ones_that_queue_actions,,15220,0,0,0,0,0,0,
unit/view/overlays/test_ai_batch_yield.gd,test_a_yielding_batch_produces_the_identical_bout,,16595186,2,32,62182,73,32,60,the same seed produces the same battle
unit/view/overlays/test_ai_batch_yield.gd,test_frames_pass_during_the_batch,,5745996,1,16,25342,37,16,7,planning yields frames so the game never freezes
unit/view/overlays/test_generate_bout_overlay.gd,test_setup_populates_ordered_presets_from_loaded_presets,,815520,0,0,0,3,0,0,content is an open StringName vocabulary a designer can extend without code
unit/view/overlays/test_generate_bout_overlay.gd,test_a_variant_is_listed_under_its_own_family_label,,823006,0,0,0,3,0,0,a variant groups with the base it derives from
unit/view/overlays/test_generate_bout_overlay.gd,test_setup_seeds_both_rosters_with_one_of_each_combat_tester_variant,,810755,0,0,0,3,0,0,the roster editor edits the roster the bout is actually built from
unit/view/overlays/test_generate_bout_overlay.gd,test_default_roster_rows_actually_render_a_selected_bot_name,,813449,0,0,0,3,0,0,the roster editor edits the roster the bout is actually built from
unit/view/overlays/test_generate_bout_overlay.gd,test_add_to_squad_appends_to_the_end_of_the_roster,,818710,0,0,0,3,0,0,the roster editor edits the roster the bout is actually built from
unit/view/overlays/test_generate_bout_overlay.gd,test_remove_from_squad_drops_exactly_that_entry,,814380,0,0,0,3,0,0,the roster editor edits the roster the bout is actually built from
unit/view/overlays/test_generate_bout_overlay.gd,test_replace_profile_in_squad_swaps_the_profile_at_that_index,,817357,0,0,0,3,0,0,the roster editor edits the roster the bout is actually built from
unit/view/overlays/test_generate_bout_overlay.gd,test_replace_ai_profile_in_squad_swaps_the_profile_at_that_index,,820036,0,0,0,3,0,0,the roster editor edits the roster the bout is actually built from
unit/view/overlays/test_generate_bout_overlay.gd,test_duplicate_in_squad_inserts_an_identical_entry_right_below,,819898,0,0,0,3,0,0,the roster editor edits the roster the bout is actually built from
unit/view/overlays/test_generate_bout_overlay.gd,test_no_count_field_exists_on_the_overlay,,805357,0,0,0,3,0,0,a retired mechanism leaves no trace in the code
unit/view/overlays/test_generate_bout_overlay.gd,test_no_per_team_ai_dropdown_exists_on_the_overlay,,825491,0,0,0,3,0,0,a retired mechanism leaves no trace in the code
unit/view/overlays/test_generate_bout_overlay.gd,test_start_bout_with_an_empty_roster_is_rejected_not_crashed,,815536,0,0,0,3,0,0,"a misconfiguration is rejected, not silently absorbed"
unit/view/overlays/test_generate_bout_overlay.gd,test_a_valid_start_bout_hands_off_to_a_live_spectator_overlay,,1088173,1,0,0,5,0,0,the roster editor edits the roster the bout is actually built from
unit/view/overlays/test_generate_bout_overlay.gd,test_start_bout_threads_each_entrys_own_profile_into_the_built_units,,1094830,1,0,0,5,0,0,the roster editor edits the roster the bout is actually built from
unit/view/overlays/test_generate_bout_overlay.gd,test_the_menu_lists_exactly_the_profiles_on_disk,,822296,0,0,0,3,0,0,content is an open StringName vocabulary a designer can extend without code
unit/view/overlays/test_generate_bout_overlay.gd,test_every_row_shape_reserves_the_same_minimum_height,,830321,0,0,0,3,0,0,the layout puts each panel where it belongs and keeps it there
unit/view/overlays/test_generate_bout_overlay.gd,test_the_menu_layout_stays_centered_regardless_of_its_own_size,,820062,0,0,0,3,0,0,the layout puts each panel where it belongs and keeps it there
unit/view/overlays/test_spectator_overlay.gd,test_setup_wires_a_bout_runner_against_the_loaded_battle,,790954,0,0,0,3,0,0,"one mechanism, distinctly logged — no parallel systems"
unit/view/overlays/test_spectator_overlay.gd,test_log_label_never_word_wraps,,792869,0,0,0,3,0,0,the layout puts each panel where it belongs and keeps it there
unit/view/overlays/test_spectator_overlay.gd,test_play_sets_playing_and_pause_clears_it,,804914,0,0,133,5,1,1,"playback plays, pauses and steps without the bout diverging"
unit/view/overlays/test_spectator_overlay.gd,test_step_once_advances_exactly_one_turn_and_stays_paused,,2552784,0,0,133,5,1,1,"playback plays, pauses and steps without the bout diverging"
unit/view/overlays/test_spectator_overlay.gd,test_speed_cycles_through_the_three_fixed_steps,,814172,0,0,0,3,0,0,"playback plays, pauses and steps without the bout diverging"
unit/view/overlays/test_spectator_overlay.gd,test_a_faster_speed_never_skips_or_repeats_a_single_step,,2098384,0,2,165,7,3,1,"playback plays, pauses and steps without the bout diverging"
unit/view/overlays/test_spectator_overlay.gd,test_the_bout_finishing_stops_playback,,6734825,0,2,165,7,3,1,"playback plays, pauses and steps without the bout diverging"
unit/view/overlays/test_spectator_overlay.gd,test_the_dev_tunable_fields_write_directly_into_resolution_player,,821233,0,0,0,3,0,0,"a balance number is a data tunable, not a literal in code"
unit/view/overlays/test_spectator_overlay.gd,test_timing_fields_step_by_ten_ms_but_still_accept_an_exact_typed_value,,811794,0,0,0,3,0,0,"a balance number is a data tunable, not a literal in code"
unit/view/overlays/test_spectator_overlay.gd,test_clicking_a_unit_pauses_the_bout_and_opens_the_inspect_panel,,822115,0,0,0,3,0,0,the inspect panel shows what was asked for and clears on close
unit/view/overlays/test_spectator_overlay.gd,test_closing_the_inspect_panel_resumes_only_if_it_was_playing_before,,831482,0,0,133,5,1,1,"playback plays, pauses and steps without the bout diverging"
unit/view/overlays/test_spectator_overlay.gd,test_clicking_a_bare_cell_or_a_cells_object_opens_the_same_inspect_panel,,815497,0,0,0,3,0,0,
unit/view/overlays/test_spectator_overlay.gd,test_clicking_a_genuinely_bare_cell_opens_nothing_and_keeps_playing,,812022,0,0,0,3,0,0,
unit/view/overlays/test_spectator_overlay.gd,test_clicking_empty_space_does_nothing,,809700,0,0,0,3,0,0,"a degenerate input yields an empty result, never an error"
unit/view/overlays/test_spectator_overlay.gd,test_hovering_a_unit_highlights_its_view_and_clears_the_other,,807681,0,0,0,3,0,0,a highlight marks exactly the part it names
unit/view/overlays/test_spectator_overlay.gd,test_hovering_off_every_unit_clears_the_previous_highlight,,810418,0,0,0,3,0,0,a highlight marks exactly the part it names
unit/view/overlays/test_spectator_overlay.gd,test_the_camera_never_moves_on_its_own_while_stepping,,6606345,0,2,165,7,3,1,a camera move eases through a tween a later input can cancel
unit/view/overlays/test_spectator_overlay.gd,test_a_spectated_bout_matches_a_bare_bout_runner_for_the_same_seed,,6768536,0,4,330,11,6,2,the same seed produces the same battle
unit/view/overlays/test_spectator_overlay.gd,test_setup_wires_a_bout_injector_against_the_same_live_state,,837747,0,0,0,3,0,0,"the scene keeps one view per unit, in step with the state"
unit/view/overlays/test_spectator_overlay.gd,test_the_spectator_labels_the_control_toggle_assume_control,,848433,0,0,0,3,0,0,
unit/view/overlays/test_spectator_overlay.gd,test_inject_toggles_the_debug_panels_own_visibility,,838113,0,0,0,3,0,0,the debug injector is reachable only from a debug surface
unit/view/overlays/test_spectator_overlay.gd,test_inject_wires_the_panel_against_the_real_bout_injector_and_the_board_module,,840386,0,0,0,3,0,0,
unit/view/overlays/test_spectator_overlay.gd,test_inject_panel_force_current_unit_calls_the_real_bout_injector_api,,856224,0,0,0,3,0,0,"a debug verb reuses the real gameplay path, never a shortcut"
unit/view/overlays/test_spectator_overlay.gd,test_inject_panel_set_part_hp_calls_the_real_bout_injector_api,,867552,0,0,0,3,0,0,"a debug verb reuses the real gameplay path, never a shortcut"
unit/view/overlays/test_spectator_overlay.gd,test_inject_panel_force_overwatch_arm_calls_the_real_bout_injector_api,,852094,0,0,0,3,0,0,"a debug verb reuses the real gameplay path, never a shortcut"
unit/view/overlays/test_spectator_overlay.gd,test_applying_a_debug_verb_syncs_a_view_for_a_unit_added_mid_bout,,835187,0,0,0,3,0,0,"the scene keeps one view per unit, in step with the state"
unit/view/overlays/test_spectator_overlay.gd,test_inject_panel_spawn_object_as_cover_calls_the_real_bout_injector_api,,850821,0,0,0,3,0,0,"a debug verb reuses the real gameplay path, never a shortcut"
unit/view/overlays/test_spectator_overlay.gd,test_inject_panel_remove_object_on_a_unit_destroys_its_view_and_never_resurrects_it,,859050,0,1,0,3,0,0,"the scene keeps one view per unit, in step with the state"
unit/view/overlays/test_spectator_overlay.gd,test_an_injection_applied_while_paused_is_visible_on_the_next_step,,2593336,0,1,45,5,1,0,"a debug injection lands at a step boundary, never mid-resolution"
unit/view/overlays/test_spectator_overlay.gd,test_playback_proceeds_normally_after_an_injection,,4719751,0,1,178,7,2,5,"playback plays, pauses and steps without the bout diverging"
unit/view/overlays/test_spectator_overlay.gd,test_capture_mode_intercepts_a_real_click_and_never_opens_the_inspect_panel,,842886,0,0,0,3,0,0,a real input event reaches the control it lands on
unit/view/overlays/test_spectator_overlay.gd,test_capture_mode_off_behaves_exactly_as_before,,870813,0,0,0,3,0,0,a feature switched off leaves behaviour exactly as it was
unit/view/overlays/test_spectator_overlay.gd,test_the_spectator_log_is_the_shared_combat_log_panel,,860924,0,0,0,3,0,0,"one mechanism, distinctly logged — no parallel systems"
unit/view/overlays/test_spectator_overlay.gd,test_resizing_the_spectator_log_actually_changes_its_size,,866002,0,0,0,3,0,0,"a panel resizes by drag and minimises by button, never by accident"
unit/view/overlays/test_spectator_overlay.gd,test_resizing_keeps_the_bottom_edge_pinned_and_grows_upward,,877887,0,0,0,3,0,0,"a panel resizes by drag and minimises by button, never by accident"
unit/view/overlays/test_spectator_overlay.gd,test_the_spectator_log_sits_left_of_the_bar_exactly_as_the_players_does,,853890,0,0,0,3,0,0,
unit/view/overlays/test_squad_control_overlay.gd,test_ai_turns_do_not_advance_until_the_players_own_animation_finishes,,861847,0,1,0,4,0,0,an AI turn waits for the player's own animation to finish
unit/view/overlays/test_squad_control_overlay.gd,test_ai_turns_advance_once_the_players_own_animation_finishes,,2677067,0,2,677,6,1,6,an AI turn waits for the player's own animation to finish
unit/view/overlays/test_squad_control_overlay.gd,test_the_real_production_wiring_enters_step_out_on_a_covered_enemy,,997484,0,0,0,6,0,0,a step-out fires from an exposed orthogonal neighbour and returns to cover
unit/view/overlays/test_squad_control_overlay.gd,test_the_debug_menu_and_its_button_exist_exactly_when_this_is_a_debug_build,,838901,0,0,0,4,0,0,
unit/view/overlays/test_squad_control_overlay.gd,test_inject_toggles_the_debug_panels_own_visibility,,851318,0,0,0,4,0,0,the debug injector is reachable only from a debug surface
unit/view/overlays/test_squad_control_overlay.gd,test_inject_wires_the_panel_against_the_real_bout_injector_and_tactics,,850551,0,0,0,4,0,0,the debug injector is reachable only from a debug surface
unit/view/overlays/test_squad_control_overlay.gd,test_the_player_view_no_longer_carries_a_top_left_cluster,,839215,0,0,0,4,0,0,
unit/view/overlays/test_squad_control_overlay.gd,test_keybindings_button_toggles_the_same_state_the_h_key_does,,843182,0,0,0,4,0,0,
unit/view/overlays/test_squad_control_overlay.gd,test_clicking_the_repair_slot_on_the_action_bar_opens_the_same_picker,,865258,0,0,0,4,0,0,"one mechanism, distinctly logged — no parallel systems"
unit/view/overlays/test_squad_control_overlay.gd,test_inject_panel_force_current_unit_calls_the_real_bout_injector_api,,866010,0,0,0,4,0,0,"a debug verb reuses the real gameplay path, never a shortcut"
unit/view/overlays/test_squad_control_overlay.gd,test_inject_panel_sets_was_injected_through_the_player_view_path,,867623,0,0,0,4,0,0,an injected bout is flagged so its results are not read as clean
unit/view/overlays/test_squad_control_overlay.gd,test_applying_a_debug_verb_syncs_a_view_for_a_unit_added_mid_bout,,854324,0,0,0,4,0,0,"the scene keeps one view per unit, in step with the state"
unit/view/overlays/test_squad_control_overlay.gd,test_inject_panel_spawn_object_as_cover_calls_the_real_bout_injector_api,,870796,0,0,0,4,0,0,"a debug verb reuses the real gameplay path, never a shortcut"
unit/view/overlays/test_squad_control_overlay.gd,test_inject_panel_remove_object_on_a_unit_destroys_its_view_and_never_resurrects_it,,882167,0,1,0,4,0,0,"the scene keeps one view per unit, in step with the state"
unit/view/overlays/test_squad_control_overlay.gd,test_an_injection_hands_its_events_to_the_resolution_player,,844632,0,1,0,4,0,0,
unit/view/overlays/test_squad_control_overlay.gd,test_an_injection_that_caused_nothing_does_not_start_a_resolution,,845752,0,1,0,4,0,0,
unit/view/overlays/test_squad_control_overlay.gd,test_assume_control_does_not_empty_the_log_panel_the_stream_still_holds,,848434,0,1,0,4,0,0,
unit/view/overlays/test_squad_control_overlay.gd,test_a_new_battle_appends_to_the_panel_rather_than_clearing_it,,878048,0,1,0,5,0,0,
unit/view/overlays/test_squad_control_overlay.gd,test_attaching_twice_to_the_same_log_does_not_double_the_rows,,852147,0,1,0,4,0,0,
unit/view/overlays/test_squad_control_overlay.gd,test_a_destroyed_blocker_keeps_its_mesh_until_its_explosion_has_played,,849595,0,1,0,4,0,0,
unit/view/overlays/test_squad_control_overlay.gd,test_a_board_verb_with_nothing_to_animate_still_rebuilds_immediately,,848631,0,1,0,4,0,0,
unit/view/test_action_bar.gd,test_slot_count_is_ten,,9122,0,0,0,0,0,0,the action bar shows exactly what the unit can afford right now
unit/view/test_action_bar.gd,test_box_size_is_square,,10344,0,0,0,0,0,0,the action bar shows exactly what the unit can afford right now
unit/view/test_action_bar.gd,test_setup_builds_ten_square_panels,,16168,0,0,0,0,0,0,the action bar shows exactly what the unit can afford right now
unit/view/test_action_bar.gd,test_an_unaffordable_action_dims_but_still_shows_its_initials,,26115,0,0,0,0,0,0,the action bar shows exactly what the unit can afford right now
unit/view/test_action_bar.gd,test_an_affordable_action_shows_at_full_foreground,,21606,0,0,0,0,0,0,the action bar shows exactly what the unit can afford right now
unit/view/test_action_bar.gd,test_clicking_an_unaffordable_action_does_not_arm_it,,29708,0,0,0,0,0,0,the action bar shows exactly what the unit can afford right now
unit/view/test_action_bar.gd,test_an_action_already_queued_this_turn_counts_against_a_later_affordability_check,,44729,0,0,0,1,0,0,"a queued action previews against the queue before it, not the real state"
unit/view/test_action_bar.gd,test_burst_dims_using_its_own_higher_ap_cost_not_the_weapons_plain_one,,26765,0,0,0,0,0,0,an action spends the AP its provider authors
unit/view/test_action_bar.gd,test_repair_dims_using_its_own_real_ap_cost_not_the_weapons_plain_one,,25166,0,0,0,0,0,0,an action spends the AP its provider authors
unit/view/test_action_bar.gd,test_clicking_an_affordable_action_still_arms_it,,30269,0,0,0,0,0,0,arming an action is a mode; a targetless action queues immediately
unit/view/test_action_bar.gd,test_clicking_a_none_mode_action_queues_immediately_never_arms,,30811,0,0,0,0,0,0,arming an action is a mode; a targetless action queues immediately
unit/view/test_aim_frame_probe.gd,test_where_an_idle_aim_frame_goes,,1215510,0,0,0,5,0,0,a field is computed once per round and read many times
unit/view/test_aim_frame_probe.gd,test_what_one_mouse_motion_while_aiming_costs,,2206652,0,0,0,6,0,1,a measurement records which build produced it
unit/view/test_aim_frame_probe.gd,test_what_one_mouse_motion_while_only_hovering_costs,,1971060,0,0,0,5,0,0,a hot path is measured before it is optimised
unit/view/test_aim_ray_is_camera_dependent.gd,test_the_same_pixel_resolves_elsewhere_once_the_camera_leans,,10451,0,0,0,0,0,0,
unit/view/test_aim_ray_is_camera_dependent.gd,test_the_offset_is_bounded_rather_than_compounding,,9293,0,0,0,0,0,0,
unit/view/test_aim_ray_is_camera_dependent.gd,test_un_leaning_hides_the_symptom_without_removing_the_dependency,,8932,0,0,0,0,0,0,
unit/view/test_aim_view_dartboard_cache.gd,test_calling_with_the_same_ring_content_returns_the_cached_texture,,18806,0,0,0,0,0,0,a cache returns exactly what the uncached path would
unit/view/test_aim_view_dartboard_cache.gd,test_a_pure_uniform_rescale_reuses_the_cached_texture,,19400,0,0,0,0,0,0,a cache returns exactly what the uncached path would
unit/view/test_aim_view_dartboard_cache.gd,test_calling_with_different_ring_ratios_rebuilds,,28631,0,0,0,0,0,0,a cache returns exactly what the uncached path would
unit/view/test_aim_view_dartboard_cache.gd,test_rings_match_compares_normalized_shape_not_identity,,8753,0,0,0,0,0,0,a cache returns exactly what the uncached path would
unit/view/test_aim_view_dartboard_cache.gd,test_rings_match_with_a_bound_reuses_across_a_pure_rescale,,10260,0,0,0,0,0,0,a cache returns exactly what the uncached path would
unit/view/test_aim_view_dartboard_cache.gd,test_rings_match_with_a_bound_rebuilds_when_the_bound_ratio_changes,,9233,0,0,0,0,0,0,a cache returns exactly what the uncached path would
unit/view/test_aim_view_dartboard_cache.gd,test_ring_texture_with_a_bound_reuses_across_a_pure_rescale,,15872,0,0,0,0,0,0,a cache returns exactly what the uncached path would
unit/view/test_aim_view_dartboard_cache.gd,test_ring_texture_rebuilds_when_a_bound_appears_or_disappears,,24937,0,0,0,0,0,0,a cache returns exactly what the uncached path would
unit/view/test_aim_view_dartboard_cache.gd,test_a_realistic_range_sweep_builds_the_texture_at_most_once,,21838,0,0,0,0,0,0,a cache returns exactly what the uncached path would
unit/view/test_aim_view_decal_axis.gd,test_the_decal_basis_projects_along_the_exact_direction_given,,11212,0,0,0,0,0,0,the drawn reticle and the fired shot come from the same call
unit/view/test_aim_view_decal_axis.gd,test_the_decal_axis_equals_ray_from_muzzles_own_direction_for_an_offset_reticle,,9029,0,0,0,0,0,0,the drawn reticle and the fired shot come from the same call
unit/view/test_aim_view_decal_axis.gd,test_the_decal_basis_is_orthonormal,,9297,0,0,0,0,0,0,the drawn reticle and the fired shot come from the same call
unit/view/test_aim_view_part_label.gd,test_hovering_a_part_yields_that_parts_tooltip_content,,105648,0,0,0,2,0,1,a tooltip shows what is there and omits what is not
unit/view/test_aim_view_part_label.gd,test_hovering_empty_space_shows_nothing,,87948,0,0,0,2,0,1,a tooltip shows what is there and omits what is not
unit/view/test_aim_view_part_label.gd,test_the_part_labels_transform_is_coplanar_with_the_aim_window,,86928,0,0,0,2,0,1,the aim window sits in front of the muzzle at the target's own depth
unit/view/test_aim_view_part_label.gd,test_turning_an_aim_visual_off_hides_exactly_that_node,,10497,0,0,0,0,0,0,a debug verb forces the exact state it names
unit/view/test_aim_view_part_label.gd,test_an_unknown_aim_visual_is_refused,,9896,0,0,0,0,0,0,an open-vocabulary id is checked against the real vocabulary
unit/view/test_aim_view_part_label.gd,test_toggling_a_visual_never_marks_the_bout_injected,,9648,0,0,0,0,0,0,an injected bout is flagged so its results are not read as clean
unit/view/test_aim_view_part_label.gd,test_every_offered_element_is_one_the_verb_accepts,,10972,0,0,0,0,0,0,an open-vocabulary id is checked against the real vocabulary
unit/view/test_aim_view_part_label.gd,test_the_gpu_switches_reach_their_own_classes,,10656,0,0,0,0,0,0,a debug verb forces the exact state it names
unit/view/test_ap_mp_pip_row.gd,test_nothing_selected_shows_no_pips_in_either_row,,14206,0,0,0,0,0,0,the pip row shows exactly the AP and MP the unit has
unit/view/test_ap_mp_pip_row.gd,test_selecting_a_unit_builds_max_ap_pips_and_mp_pips,,37096,0,0,0,1,0,0,the pip row shows exactly the AP and MP the unit has
unit/view/test_ap_mp_pip_row.gd,test_hovering_the_ap_row_shows_its_tooltip,,43553,0,0,0,1,0,0,a tooltip shows what is there and omits what is not
unit/view/test_ap_mp_pip_row.gd,test_hovering_the_mp_row_shows_its_tooltip,,42658,0,0,0,1,0,0,a tooltip shows what is there and omits what is not
unit/view/test_batch_badge_view.gd,test_an_unbatched_unit_draws_no_badge_node_at_all,,10797,0,0,0,0,0,0,"a badge is drawn only for the state that has one, and survives a rebuild"
unit/view/test_batch_badge_view.gd,test_a_badge_draws_the_text_it_was_handed,,9599,0,0,0,0,0,0,"a badge is drawn only for the state that has one, and survives a rebuild"
unit/view/test_batch_badge_view.gd,test_clearing_the_badge_removes_the_node,,9317,0,0,0,0,0,0,"a badge is drawn only for the state that has one, and survives a rebuild"
unit/view/test_batch_badge_view.gd,test_the_badge_survives_a_full_rebuild,,11041,0,0,0,0,0,0,"a badge is drawn only for the state that has one, and survives a rebuild"
unit/view/test_batch_badge_view.gd,test_the_badge_follows_the_unit_on_a_cheap_refresh,,9128,0,0,0,0,0,0,"a badge is drawn only for the state that has one, and survives a rebuild"
unit/view/test_batch_badge_view.gd,test_both_refresh_paths_place_the_badge_at_the_same_index,,9158,0,0,0,0,0,0,"one mechanism, distinctly logged — no parallel systems"
unit/view/test_batch_badge_view.gd,test_the_scene_pushes_badges_for_whatever_the_state_says,,805735,0,0,0,3,0,0,"a badge is drawn only for the state that has one, and survives a rebuild"
unit/view/test_battle_scene.gd,test_grid_size_clears_the_map_gen_split_threshold,,3240,0,0,0,0,0,0,a fixture's board is large enough for the generator to do its work
unit/view/test_battle_scene.gd,test_new_battle_spawns_a_board_and_one_unit_view_per_unit,,807962,0,0,0,3,0,0,"the scene keeps one view per unit, in step with the state"
unit/view/test_battle_scene.gd,test_load_battle_constructs_a_bout_injector_against_the_live_state,,794232,0,0,0,3,0,0,"the scene keeps one view per unit, in step with the state"
unit/view/test_battle_scene.gd,test_reloading_the_battle_rebuilds_the_bout_injector_against_the_new_state,,1519375,0,0,0,6,0,0,"the scene keeps one view per unit, in step with the state"
unit/view/test_battle_scene.gd,test_load_battle_draws_the_missions_own_extraction_cells,,1189560,0,0,0,4,0,0,
unit/view/test_battle_scene.gd,test_repair_button_queues_and_resolves_a_real_repair,,801667,0,0,0,4,0,0,"one mechanism, distinctly logged — no parallel systems"
unit/view/test_battle_scene.gd,test_refresh_unit_views_with_ids_only_rebuilds_those_views,,791031,0,0,0,3,0,0,the view rebuilds only when the board actually changed
unit/view/test_battle_scene.gd,test_load_battle_marks_the_current_units_own_view_as_active,,789525,0,0,0,3,0,0,"the scene keeps one view per unit, in step with the state"
unit/view/test_battle_scene.gd,test_refresh_unit_views_moves_the_active_turn_highlight_as_the_turn_advances,,788431,0,1,0,3,0,0,"the scene keeps one view per unit, in step with the state"
unit/view/test_battle_scene.gd,test_refresh_unit_views_with_null_still_rebuilds_every_view,,790014,0,0,0,3,0,0,the view rebuilds only when the board actually changed
unit/view/test_battle_scene.gd,test_sync_unit_views_builds_a_view_for_a_unit_added_after_load_battle,,792074,0,0,0,3,0,0,"the scene keeps one view per unit, in step with the state"
unit/view/test_battle_scene.gd,test_sync_unit_views_is_a_noop_when_every_unit_already_has_a_view,,801130,0,0,0,3,0,0,the view rebuilds only when the board actually changed
unit/view/test_battle_scene.gd,test_killing_a_unit_through_the_debug_injector_flips_its_view_to_downed,,796840,0,1,0,3,0,0,"the scene keeps one view per unit, in step with the state"
unit/view/test_battle_scene.gd,test_remove_unit_view_destroys_the_view_and_drops_it_from_unit_views,,792450,0,0,0,3,0,0,"the scene keeps one view per unit, in step with the state"
unit/view/test_battle_scene.gd,test_sync_unit_views_never_resurrects_a_deliberately_removed_unit,,795098,0,0,0,3,0,0,"the scene keeps one view per unit, in step with the state"
unit/view/test_battle_scene.gd,test_load_battle_resets_the_removed_unit_tracking,,1530165,0,0,0,6,0,0,"the scene keeps one view per unit, in step with the state"
unit/view/test_battle_scene.gd,test_sync_board_view_picks_up_a_blocker_placed_after_load_battle,,817164,0,0,0,3,0,0,the view rebuilds only when the board actually changed
unit/view/test_battle_scene.gd,test_new_battle_wires_both_a_ui_sink_and_a_file_sink,,790877,0,0,0,3,0,0,the combat log dispatches every event to every attached sink
unit/view/test_battle_scene.gd,test_new_battle_logs_the_seed_at_bout_start_to_both_sinks,,793193,0,0,0,3,0,0,a sampled measurement reports the seeds it drew
unit/view/test_battle_scene.gd,test_a_second_bout_logs_its_own_seed_not_the_first_bouts,,1077227,1,0,180,6,0,0,a sampled measurement reports the seeds it drew
unit/view/test_battle_scene.gd,test_an_overlay_installed_after_the_bout_still_shows_the_bout_header,,1155965,1,0,180,6,0,0,the combat log dispatches every event to every attached sink
unit/view/test_battle_scene.gd,test_seeding_a_late_overlays_panel_does_not_write_a_second_header_to_the_file,,1115459,1,0,180,6,0,0,the combat log dispatches every event to every attached sink
unit/view/test_battle_scene.gd,test_the_logged_seed_regenerates_the_map_and_the_derived_rng_seed_would_not,,415243,2,0,0,4,0,0,a build is reproducible from the same inputs
unit/view/test_battle_scene.gd,test_new_battle_is_deterministic_from_the_same_seed,,2685932,0,0,0,9,0,0,the same seed produces the same battle
unit/view/test_battle_scene.gd,test_calling_new_battle_again_does_not_leak_the_previous_units_views,,1539271,0,0,0,6,0,0,"the scene keeps one view per unit, in step with the state"
unit/view/test_battle_scene.gd,test_every_rendered_mesh_matches_a_living_boxs_placement_exactly,,805827,0,0,0,3,0,0,every rendered mesh matches the logic geometry it stands for
unit/view/test_battle_scene.gd,test_seeded_units_always_land_on_navigable_terrain_across_many_seeds,,21328296,0,0,0,90,0,0,every spawn zone is walkable and reachable
unit/view/test_battle_scene.gd,test_seeded_units_spawn_on_the_grids_own_spawn_a_and_spawn_b_cells,,1455369,0,0,0,6,0,0,every spawn zone is walkable and reachable
unit/view/test_battle_scene.gd,test_tactics_is_wired_to_the_real_camera_and_board,,818120,0,0,0,3,0,0,"one mechanism, distinctly logged — no parallel systems"
unit/view/test_battle_scene.gd,test_clicking_and_ending_a_turn_through_the_real_scene_moves_the_unit_and_redraws_it,,1806641,0,1,0,7,0,0,a real input event reaches the control it lands on
unit/view/test_battle_scene.gd,test_the_turn_controls_hold_turn_verbs_and_not_a_new_battle_button,,795917,0,0,0,3,0,0,
unit/view/test_battle_scene.gd,test_the_unit_resources_row_renders_above_the_action_bars_own_row,,797985,0,0,0,3,0,0,
unit/view/test_battle_scene.gd,test_the_turn_control_buttons_are_sized_to_their_own_text_not_stretched,,792421,0,0,0,3,0,0,the layout puts each panel where it belongs and keeps it there
unit/view/test_battle_scene.gd,test_toggle_blue_control_flips_squad_zero_and_swaps_the_overlay,,797280,0,0,0,3,0,0,"a squad is human or AI, never both and never neither once started"
unit/view/test_battle_scene.gd,test_toggle_blue_control_round_trips,,1177489,0,0,0,4,0,0,"a squad is human or AI, never both and never neither once started"
unit/view/test_battle_scene.gd,test_generate_bout_overlay_assume_control_checkbox_lands_on_squad_control,,1424024,1,0,0,6,0,0,"a squad is human or AI, never both and never neither once started"
unit/view/test_battle_scene.gd,test_load_battle_repoints_the_wall_cutout_feed_even_in_spectator_mode,,1587772,0,0,0,7,0,0,a wall fades only when it is near the focal point on screen and in front of it
unit/view/test_battle_scene.gd,test_turn_start_triggers_both_a_boundary_and_a_settled_fps_dump,,3550883,0,0,0,6,0,0,the frame-rate readout is a real rate over a time-bounded window
unit/view/test_battle_scene.gd,test_the_settled_dump_has_not_arrived_at_the_old_200ms_offset,,1652472,0,0,0,6,0,0,the frame-rate readout is a real rate over a time-bounded window
unit/view/test_battle_scene_input.gd,test_a_real_click_over_the_board_selects_the_current_unit_through_every_panel,,797583,0,0,0,3,0,0,a real input event reaches the control it lands on
unit/view/test_battle_scene_input.gd,test_a_click_on_an_action_bar_box_never_reaches_the_board_underneath,,797184,0,0,0,3,0,0,a real input event reaches the control it lands on
unit/view/test_battle_scene_input.gd,test_every_richtextlabel_panel_ignores_the_mouse_except_the_log,,796471,0,0,0,3,0,0,a real input event reaches the control it lands on
unit/view/test_battle_scene_input.gd,test_a_real_click_on_end_turn_reaches_it_even_with_the_tooltip_visually_covering_it,,856473,0,0,0,3,0,0,a real input event reaches the control it lands on
unit/view/test_battle_scene_input.gd,test_entering_a_turn_control_button_hides_a_stale_tooltip,,798267,0,0,0,3,0,0,a tooltip shows what is there and omits what is not
unit/view/test_battle_scene_occlusion_fade.gd,test_occluding_friendly_gets_faded_on_the_real_hit_volume_view,,854867,0,0,0,7,0,1,"an occluding friendly fades, and only one that is really in the way"
unit/view/test_battle_scene_occlusion_fade.gd,test_the_active_shooter_never_fades_itself,,861585,0,0,0,7,0,1,"an occluding friendly fades, and only one that is really in the way"
unit/view/test_battle_scene_occlusion_fade.gd,test_an_enemy_in_the_same_spot_is_never_faded,,863476,0,0,0,7,0,1,"an occluding friendly fades, and only one that is really in the way"
unit/view/test_battle_scene_occlusion_fade.gd,test_leaving_aim_clears_the_fade,,877512,0,0,0,8,0,1,"an occluding friendly fades, and only one that is really in the way"
unit/view/test_battle_scene_occlusion_fade.gd,test_an_extracted_friendly_is_never_faded,,877974,0,0,0,7,0,1,"an occluding friendly fades, and only one that is really in the way"
unit/view/test_battle_scene_occlusion_fade.gd,test_removing_a_unit_view_excludes_it_from_occlusion,,866559,0,0,0,7,0,1,"an occluding friendly fades, and only one that is really in the way"
unit/view/test_board_view.gd,test_build_spawns_a_ground_plane_and_one_box_per_blocker,,3482,0,0,0,0,0,0,every rendered mesh matches the logic geometry it stands for
unit/view/test_board_view.gd,test_ground_and_grid_lines_carry_the_floor_layer,,2583,0,0,0,0,0,0,every rendered mesh matches the logic geometry it stands for
unit/view/test_board_view.gd,test_build_tiles_is_flat_when_no_level_is_set,,2347,0,0,0,0,0,0,
unit/view/test_board_view.gd,test_build_tiles_reflects_a_raised_tiles_own_height,,2281,0,0,0,0,0,0,
unit/view/test_board_view.gd,test_marker_sits_on_a_raised_cells_own_real_height,,2119,0,0,0,0,0,0,a unit's height follows the cell it stands on
unit/view/test_board_view.gd,test_spawn_blocker_sits_on_a_raised_cells_own_real_height,,2182,0,0,0,0,0,0,a unit's height follows the cell it stands on
unit/view/test_board_view.gd,test_build_renders_every_box_in_a_blockers_whole_part_tree,,2213,0,0,0,0,0,0,every rendered mesh matches the logic geometry it stands for
unit/view/test_board_view.gd,test_a_destroyed_root_with_a_living_child_still_renders_the_child,,2546,0,0,0,0,0,0,a destroyed part stops contributing
unit/view/test_board_view.gd,test_a_dropped_blocker_lies_on_its_side,,2360,0,0,0,0,0,0,every rendered mesh matches the logic geometry it stands for
unit/view/test_board_view.gd,test_a_blockers_mesh_uses_its_own_material_color,,1921,0,0,0,0,0,0,"presentation derives from authored data, never from code"
unit/view/test_board_view.gd,test_build_draws_grid_lines_spanning_the_grids_own_footprint,,2243,0,0,0,0,0,0,every rendered mesh matches the logic geometry it stands for
unit/view/test_board_view.gd,test_grid_lines_stay_flat_over_a_raised_tile,,2396,0,0,0,0,0,0,
unit/view/test_board_view.gd,test_grid_line_color_is_pushed_well_away_from_the_color_a_tile_is_drawn_in,,1442,0,0,0,0,0,0,
unit/view/test_board_view.gd,test_build_clears_previous_children_on_rebuild,,1702,0,0,0,0,0,0,the view rebuilds only when the board actually changed
unit/view/test_board_view.gd,test_a_destroyed_blocker_spawns_no_mesh,,3317,0,0,0,0,0,0,a destroyed part stops contributing
unit/view/test_board_view.gd,test_build_renders_a_loose_part_field_item_the_same_as_a_blocker,,3654,0,0,0,0,0,0,every rendered mesh matches the logic geometry it stands for
unit/view/test_board_view.gd,test_build_renders_a_loose_matrix_field_item_as_a_flat_marker,,3423,0,0,0,0,0,0,every rendered mesh matches the logic geometry it stands for
unit/view/test_board_view.gd,test_build_renders_every_item_in_a_multi_item_pile,,3708,0,0,0,0,0,0,loose field items pile up in a cell rather than replacing each other
unit/view/test_board_view.gd,test_build_rebuild_picks_up_a_field_item_removed_since_the_last_call,,2590,0,0,0,0,0,0,the view rebuilds only when the board actually changed
unit/view/test_board_view.gd,test_a_plain_grid_adds_no_ground_overlay_markers,,1721,0,0,0,0,0,0,an overlay is drawn on request and cleared without touching the static board
unit/view/test_board_view.gd,test_build_adds_a_border_and_fill_marker_per_empty_cell,,2033,0,0,0,0,0,0,every generated cell resolves to a real part or to empty space
unit/view/test_board_view.gd,test_a_grid_with_nothing_empty_adds_no_empty_indicators,,1826,0,0,0,0,0,0,every generated cell resolves to a real part or to empty space
unit/view/test_board_view.gd,test_build_adds_one_marker_per_extraction_cell,,2014,0,0,0,0,0,0,
unit/view/test_board_view.gd,test_extraction_cells_render_in_their_own_teams_color,,2145,0,0,0,0,0,0,
unit/view/test_board_view.gd,test_no_team_extraction_cells_adds_no_cell_markers,,1679,0,0,0,0,0,0,
unit/view/test_board_view.gd,test_show_reachable_spawns_one_marker_per_cell_and_replaces_the_last_call,,1217,0,0,0,0,0,0,an overlay is drawn on request and cleared without touching the static board
unit/view/test_board_view.gd,test_show_ghost_paths_spawns_a_marker_line_and_label_per_leg,,1243,0,0,0,0,0,0,an overlay is drawn on request and cleared without touching the static board
unit/view/test_board_view.gd,test_show_ghost_paths_numbers_waypoints_and_shows_the_running_total,,3772,0,0,0,0,0,0,"a queued action previews against the queue before it, not the real state"
unit/view/test_board_view.gd,test_reachable_and_ghost_overlays_coexist,,2721,0,0,0,0,0,0,an overlay is drawn on request and cleared without touching the static board
unit/view/test_board_view.gd,test_clear_overlays_removes_everything,,3033,0,0,0,0,0,0,an overlay is drawn on request and cleared without touching the static board
unit/view/test_board_view.gd,test_show_overwatch_arc_spawns_one_translucent_marker_per_cell_and_replaces_the_last_call,,2322,0,0,0,0,0,0,an overlay is drawn on request and cleared without touching the static board
unit/view/test_board_view.gd,test_show_unit_ghost_spawns_one_translucent_mesh_per_living_box,,1822,0,0,0,0,0,0,an overlay is drawn on request and cleared without touching the static board
unit/view/test_board_view.gd,test_show_unit_ghost_with_null_clears_it_and_does_not_crash,,1592,0,0,0,0,0,0,"a degenerate input yields an empty result, never an error"
unit/view/test_board_view.gd,test_show_unit_ghost_never_touches_the_waypoint_ghost_overlay,,1502,0,0,0,0,0,0,an overlay is drawn on request and cleared without touching the static board
unit/view/test_board_view.gd,test_overlays_never_touch_the_static_board,,1761,0,0,0,0,0,0,an overlay is drawn on request and cleared without touching the static board
unit/view/test_board_view.gd,test_every_queued_leg_is_drawn_in_the_one_waypoint_colour,,7674,0,0,0,0,0,0,
unit/view/test_board_view.gd,test_only_the_most_recent_legs_boxes_are_filled,,8643,0,0,0,0,0,0,
unit/view/test_board_view_occlusion.gd,test_update_wall_cutout_feeds_the_focal_units_own_screen_position,,13943,0,0,0,0,0,0,a wall fades only when it is near the focal point on screen and in front of it
unit/view/test_board_view_occlusion.gd,test_update_wall_cutout_feeds_zero_units_with_an_empty_list,,13473,0,0,0,0,0,0,"a degenerate input yields an empty result, never an error"
unit/view/test_board_view_occlusion.gd,test_update_wall_cutout_radius_shrinks_as_the_camera_moves_away,,16053,0,0,0,0,0,0,a screen radius scales with depth and with the tiles it must cover
unit/view/test_board_view_occlusion.gd,test_wall_material_shading_path_is_unchanged_lit,,13417,0,0,0,0,0,0,a wall fades only when it is near the focal point on screen and in front of it
unit/view/test_board_view_occlusion.gd,test_update_wall_cutout_skips_an_extracted_unit,,12628,0,0,0,0,0,0,a wall fades only when it is near the focal point on screen and in front of it
unit/view/test_board_view_occlusion.gd,test_update_wall_cutout_skips_a_unit_excluded_via_remove_unit_view,,13982,0,0,0,0,0,0,a wall fades only when it is near the focal point on screen and in front of it
unit/view/test_board_view_occlusion.gd,test_build_clears_previously_excluded_units_for_a_fresh_battle,,14629,0,0,0,0,0,0,the view rebuilds only when the board actually changed
unit/view/test_board_view_occlusion.gd,test_update_wall_cutout_skips_a_unit_with_nothing_between_it_and_the_camera,,13172,0,0,0,0,0,0,
unit/view/test_board_view_occlusion.gd,test_update_wall_cutout_skips_a_dead_unit,,13619,0,0,0,0,0,0,
unit/view/test_board_view_occlusion.gd,test_update_wall_cutout_skips_a_shut_down_unit,,12227,0,0,0,0,0,0,
unit/view/test_board_view_occlusion.gd,test_update_wall_cutout_still_cuts_for_a_downed_unit,,13753,0,0,0,0,0,0,
unit/view/test_board_view_occlusion.gd,test_the_cutout_log_names_the_cell_it_blamed,,13855,0,0,0,0,0,0,
unit/view/test_board_view_occlusion.gd,test_the_cutout_follows_the_rendered_body_mid_slide,,15861,0,0,0,0,0,0,
unit/view/test_board_view_occlusion.gd,test_a_unit_with_no_rendered_view_falls_back_to_its_logical_position,,13854,0,0,0,0,0,0,
unit/view/test_board_view_occlusion.gd,test_the_view_array_is_shared_with_the_scene_not_copied,,8657,0,0,0,0,0,0,
unit/view/test_board_view_winding.gd,test_the_reference_convention_a_real_box_mesh_winds_its_faces,,8870,0,0,0,0,0,0,
unit/view/test_board_view_winding.gd,test_every_tile_face_is_wound_outward,,11029,0,0,0,0,0,0,
unit/view/test_board_view_winding.gd,test_the_top_face_of_a_tile_faces_up,,9801,0,0,0,0,0,0,
unit/view/test_board_view_winding.gd,test_the_grid_lines_still_face_up,,9437,0,0,0,0,0,0,
unit/view/test_bout_build_log.gd,test_the_build_log_records_every_step_in_construction_order,,22128,0,0,0,0,0,0,"the board's construction is logged step by step, in order"
unit/view/test_bout_build_log.gd,test_each_step_carries_its_own_position_in_the_sequence,,5079,0,0,0,0,0,0,"the board's construction is logged step by step, in order"
unit/view/test_bout_build_log.gd,test_a_rebuilt_board_restarts_its_own_numbering,,5089,0,0,0,0,0,0,"the board's construction is logged step by step, in order"
unit/view/test_bout_build_log.gd,test_walls_and_cover_are_counted_separately_as_they_are_built,,4758,0,0,0,0,0,0,"the board's construction is logged step by step, in order"
unit/view/test_bout_build_log.gd,test_extraction_cells_are_counted_where_they_are_actually_drawn,,3662,0,0,0,0,0,0,
unit/view/test_bout_build_log.gd,test_a_board_with_no_log_attached_builds_exactly_as_before,,3685,0,0,0,0,0,0,a feature switched off leaves behaviour exactly as it was
unit/view/test_builder_scene.gd,test_ready_assembles_a_unit_and_populates_the_socket_tree,,17958,0,0,0,0,0,0,the builder edits an assembly through the game's own legality rules
unit/view/test_builder_scene.gd,test_ready_shows_validation_for_the_default_assembly,,19030,0,0,0,0,0,0,the builder edits an assembly through the game's own legality rules
unit/view/test_builder_scene.gd,test_selecting_an_empty_socket_populates_the_picker,,20440,0,0,0,0,0,0,the builder edits an assembly through the game's own legality rules
unit/view/test_builder_scene.gd,test_picking_a_legal_part_attaches_it_and_refreshes,,22829,0,0,0,0,0,0,the builder edits an assembly through the game's own legality rules
unit/view/test_builder_scene.gd,test_load_unit_reassembles_from_the_given_unit,,25287,0,0,0,0,0,0,the builder edits an assembly through the game's own legality rules
unit/view/test_camera_rig.gd,test_ready_builds_a_two_pivot_rig_with_a_camera,,9231,0,0,0,0,0,0,the camera rig applies its orbit state to real pivots
unit/view/test_camera_rig.gd,test_ready_sets_the_cameras_fov_from_the_solvers_constant,,8825,0,0,0,0,0,0,the camera rig applies its orbit state to real pivots
unit/view/test_camera_rig.gd,test_applying_state_moves_the_camera_to_the_current_zoom,,9831,0,0,0,0,0,0,the camera rig applies its orbit state to real pivots
unit/view/test_camera_rig.gd,test_applying_state_sets_yaw_and_pitch_on_their_own_pivots,,9156,0,0,0,0,0,0,the camera rig applies its orbit state to real pivots
unit/view/test_camera_rig.gd,test_wheel_zooms_when_zoom_enabled,,8620,0,0,0,0,0,0,camera orbit accumulates and clamps within its own bounds
unit/view/test_camera_rig.gd,test_wheel_does_nothing_when_zoom_disabled,,8837,0,0,0,0,0,0,camera orbit accumulates and clamps within its own bounds
unit/view/test_camera_rig.gd,test_ease_to_attack_framing_starts_a_tween_not_an_instant_cut,,10104,0,0,0,0,0,0,a camera move eases through a tween a later input can cancel
unit/view/test_camera_rig.gd,test_kill_active_tween_clears_an_active_attack_framing_tween,,8941,0,0,0,0,0,0,a camera move eases through a tween a later input can cancel
unit/view/test_camera_rig.gd,test_wheel_zoom_kills_an_active_attack_framing_tween,,8806,0,0,0,0,0,0,a camera move eases through a tween a later input can cancel
unit/view/test_camera_rig.gd,test_ease_to_attack_framing_targets_the_solved_framing,,8798,0,0,0,0,0,0,"attack framing fits both bodies on screen, solved rather than hand-derived"
unit/view/test_camera_rig.gd,test_stop_aiming_eases_the_camera_back_to_its_pre_aim_framing,,10410,0,0,0,0,0,0,a camera move eases through a tween a later input can cancel
unit/view/test_camera_rig.gd,test_stop_aiming_without_start_aiming_never_crashes_or_eases_anywhere,,8815,0,0,0,0,0,0,"a degenerate input yields an empty result, never an error"
unit/view/test_camera_rig.gd,test_ease_to_attack_framing_centers_the_target_on_screen,,8815,0,0,0,0,0,0,"a view transform is read back off the real node, never re-derived"
unit/view/test_camera_rig.gd,test_mid_tween_the_camera_never_gets_close_to_the_shooter,,10599,0,0,0,0,0,0,"a view transform is read back off the real node, never re-derived"
unit/view/test_camera_rig.gd,test_ease_to_framing_beyond_the_threshold_centers_the_target_on_screen,,9025,0,0,0,0,0,0,"a view transform is read back off the real node, never re-derived"
unit/view/test_camera_rig.gd,test_ease_to_framing_within_the_threshold_matches_attack_framing_unchanged,,8686,0,0,0,0,0,0,"attack framing fits both bodies on screen, solved rather than hand-derived"
unit/view/test_camera_rig.gd,test_sniper_frame_distance_is_a_named_tunable,,9536,0,0,0,0,0,0,"a balance number is a data tunable, not a literal in code"
unit/view/test_camera_rig.gd,test_ease_to_framing_beyond_the_threshold_still_uses_the_shared_tween,,9249,0,0,0,0,0,0,"one mechanism, distinctly logged — no parallel systems"
unit/view/test_camera_rig.gd,test_the_sniper_camera_sits_on_the_shooter_to_target_line,,8905,0,0,0,0,0,0,
unit/view/test_camera_rig.gd,test_the_sniper_camera_sits_above_the_line_by_its_own_offset,,8567,0,0,0,0,0,0,
unit/view/test_camera_rig.gd,test_the_lift_does_not_push_the_camera_past_its_solved_distance,,8454,0,0,0,0,0,0,
unit/view/test_camera_rig_aim.gd,test_start_aiming_locks_orbit_and_disables_zoom,,8425,0,0,0,0,0,0,aiming locks the orbit and leans the camera without changing solved state
unit/view/test_camera_rig_aim.gd,test_stop_aiming_restores_orbit_and_zoom,,9642,0,0,0,0,0,0,aiming locks the orbit and leans the camera without changing solved state
unit/view/test_camera_rig_aim.gd,test_locked_orbit_ignores_motion_events_state_never_changes,,8670,0,0,0,0,0,0,aiming locks the orbit and leans the camera without changing solved state
unit/view/test_camera_rig_aim.gd,test_stop_aiming_clears_a_stale_camera_lean,,8512,0,0,0,0,0,0,aiming locks the orbit and leans the camera without changing solved state
unit/view/test_camera_rig_aim.gd,test_aim_at_with_reticle_on_centre_points_dead_on_with_no_lean,,9916,0,0,0,0,0,0,aiming locks the orbit and leans the camera without changing solved state
unit/view/test_camera_rig_aim.gd,test_aim_at_caps_the_lean_toward_a_far_off_reticle,,8624,0,0,0,0,0,0,aiming locks the orbit and leans the camera without changing solved state
unit/view/test_camera_rig_aim.gd,test_aim_at_is_a_pure_function_of_centre_and_reticle,,8380,0,0,0,0,0,0,a build is reproducible from the same inputs
unit/view/test_camera_rig_aim.gd,test_aim_at_never_touches_the_solved_pivot_state,,8474,0,0,0,0,0,0,aiming locks the orbit and leans the camera without changing solved state
unit/view/test_combat_log_panel.gd,test_the_spy_does_see_a_wheel_that_misses_the_panel,,9697,0,0,0,0,0,0,a panel consumes the input that lands on it and never leaks it to the camera
unit/view/test_combat_log_panel.gd,test_scrolling_past_the_bottom_never_reaches_the_camera,,22237,0,0,0,0,0,0,a panel consumes the input that lands on it and never leaks it to the camera
unit/view/test_combat_log_panel.gd,test_scrolling_past_the_top_never_reaches_the_camera,,27586,0,0,0,0,0,0,a panel consumes the input that lands on it and never leaks it to the camera
unit/view/test_combat_log_panel.gd,test_a_log_shorter_than_its_viewport_still_blocks_the_wheel,,12433,0,0,0,0,0,0,a panel consumes the input that lands on it and never leaks it to the camera
unit/view/test_combat_log_panel.gd,test_the_title_bar_blocks_the_wheel_too,,15051,0,0,0,0,0,0,a panel consumes the input that lands on it and never leaks it to the camera
unit/view/test_combat_log_panel.gd,test_the_log_still_scrolls_mid_content,,27326,0,0,0,0,0,0,a panel consumes the input that lands on it and never leaks it to the camera
unit/view/test_combat_log_panel.gd,test_the_panel_asks_for_its_own_width_rather_than_inheriting_the_columns,,10741,0,0,0,0,0,0,the layout puts each panel where it belongs and keeps it there
unit/view/test_combat_log_panel.gd,test_dragging_the_title_bar_resizes_and_never_minimizes,,16709,0,0,0,0,0,0,"a panel resizes by drag and minimises by button, never by accident"
unit/view/test_combat_log_panel.gd,test_the_minimize_button_collapses_to_the_bar_and_flips_to_plus,,21099,0,0,0,0,0,0,"a panel resizes by drag and minimises by button, never by accident"
unit/view/test_combat_log_panel.gd,test_restoring_returns_to_the_height_it_was_dragged_to,,20452,0,0,0,0,0,0,"a panel resizes by drag and minimises by button, never by accident"
unit/view/test_combat_log_panel.gd,test_pressing_the_minimize_button_does_not_start_a_drag,,14210,0,0,0,0,0,0,"a panel resizes by drag and minimises by button, never by accident"
unit/view/test_combat_log_panel.gd,test_a_drag_is_clamped_at_both_ends,,13147,0,0,0,0,0,0,"a panel resizes by drag and minimises by button, never by accident"
unit/view/test_controls_overlay.gd,test_setup_fills_the_label_with_every_binding_row,,8706,0,0,0,0,0,0,"the controls overlay reads the real bindings, never a second copy"
unit/view/test_controls_overlay.gd,test_setup_dims_the_label,,10443,0,0,0,0,0,0,"the controls overlay reads the real bindings, never a second copy"
unit/view/test_controls_overlay.gd,test_h_toggles_the_labels_visibility,,9065,0,0,0,0,0,0,a real input event reaches the control it lands on
unit/view/test_controls_overlay.gd,test_other_keys_do_not_toggle_visibility,,8605,0,0,0,0,0,0,a real input event reaches the control it lands on
unit/view/test_controls_overlay.gd,test_set_log_path_rebuilds_the_text_with_the_new_path,,8356,0,0,0,0,0,0,"the controls overlay reads the real bindings, never a second copy"
unit/view/test_cutout_feed_cost_probe.gd,test_one_frame_of_the_cutout_feed_against_a_real_board,,493798,0,0,0,2,0,0,
unit/view/test_cutout_gate_cost_probe.gd,test_the_sight_gate_costs_a_frame_less_than_the_full_obstruction_march,,101731,0,0,0,0,0,0,
unit/view/test_debug_control_panel.gd,test_center_top_pins_the_panel_to_a_fixed_top_margin,,42073,0,0,0,0,0,0,the layout puts each panel where it belongs and keeps it there
unit/view/test_debug_control_panel.gd,test_center_top_horizontally_centers_the_panel_in_the_real_viewport,,23938,0,0,0,0,0,0,the layout puts each panel where it belongs and keeps it there
unit/view/test_debug_control_panel.gd,test_viewport_resize_recenters_the_panel,,24287,0,0,0,0,0,0,the layout puts each panel where it belongs and keeps it there
unit/view/test_debug_control_panel.gd,test_verb_picker_is_a_real_scrolling_item_list,,35356,0,0,0,0,0,0,the debug injector is reachable only from a debug surface
unit/view/test_debug_control_panel.gd,test_selecting_a_verb_in_the_list_populates_its_own_param_rows,,35938,0,0,0,0,0,0,the debug injector is reachable only from a debug surface
unit/view/test_debug_control_panel.gd,test_active_label_starts_as_none,,24430,0,0,0,0,0,0,the debug injector is reachable only from a debug surface
unit/view/test_debug_control_panel.gd,test_a_board_click_while_open_sets_the_active_target,,26100,0,0,0,0,0,0,a real input event reaches the control it lands on
unit/view/test_debug_control_panel.gd,test_a_missed_click_never_clears_an_existing_active_target,,24487,0,0,0,0,0,0,a real input event reaches the control it lands on
unit/view/test_debug_control_panel.gd,test_input_capture_mode_follows_the_panels_own_visibility,,24485,0,0,0,0,0,0,a real input event reaches the control it lands on
unit/view/test_debug_control_panel.gd,test_move_object_via_apply_uses_the_active_target_and_manual_cell_entry,,37160,0,0,0,0,0,0,a debug verb forces the exact state it names
unit/view/test_debug_control_panel.gd,test_move_object_via_apply_refuses_with_no_active_target,,35776,0,0,0,0,0,0,a debug verb refuses a board state the game could not reach
unit/view/test_debug_control_panel.gd,test_move_on_next_click_button_exists_only_for_move_object,,47749,0,0,0,0,0,0,the debug injector is reachable only from a debug surface
unit/view/test_debug_control_panel.gd,test_move_on_next_click_applies_immediately_on_the_next_board_click,,36444,0,0,0,0,0,0,a real input event reaches the control it lands on
unit/view/test_debug_control_panel.gd,test_move_on_next_click_snapshots_the_object_before_the_destination_click_lands,,36481,0,0,0,0,0,0,a debug verb forces the exact state it names
unit/view/test_debug_control_panel.gd,test_move_on_next_click_refuses_with_no_active_target,,36081,0,0,0,0,0,0,a debug verb refuses a board state the game could not reach
unit/view/test_debug_control_panel.gd,test_the_panel_blocks_clicks_because_it_draws_a_real_background,,24374,0,0,0,0,0,0,a panel consumes the input that lands on it and never leaks it to the camera
unit/view/test_debug_control_panel.gd,test_the_spy_does_see_a_wheel_that_misses_the_panel,,25705,0,0,0,0,0,0,a panel consumes the input that lands on it and never leaks it to the camera
unit/view/test_debug_control_panel.gd,test_scrolling_the_verb_list_never_reaches_the_camera,,25935,0,0,0,0,0,0,a panel consumes the input that lands on it and never leaks it to the camera
unit/view/test_debug_control_panel.gd,test_the_verb_list_still_scrolls,,33097,0,0,0,0,0,0,a panel consumes the input that lands on it and never leaks it to the camera
unit/view/test_debug_control_panel.gd,test_a_spin_box_still_adjusts_on_the_wheel,,44333,0,0,0,0,0,0,a panel consumes the input that lands on it and never leaks it to the camera
unit/view/test_debug_control_panel.gd,test_a_cover_click_is_named_by_its_part_not_by_its_cell,,25385,0,0,0,0,0,0,a picking ray returns the nearest thing along it
unit/view/test_debug_control_panel.gd,test_a_bare_cell_click_still_reads_as_a_cell,,24150,0,0,0,0,0,0,
unit/view/test_debug_control_panel.gd,test_the_ui_element_category_is_a_list_entry,,24493,0,0,0,0,0,0,the debug injector is reachable only from a debug surface
unit/view/test_debug_control_panel.gd,test_selecting_it_shows_a_box_per_registered_element,,25155,0,0,0,0,0,0,the debug injector is reachable only from a debug surface
unit/view/test_debug_control_panel.gd,test_ticking_a_box_emits_the_element_id,,25709,0,0,0,0,0,0,the debug injector is reachable only from a debug surface
unit/view/test_debug_control_panel.gd,test_the_switch_survives_looking_at_another_verb,,36829,0,0,0,0,0,0,the debug injector is reachable only from a debug surface
unit/view/test_debug_control_panel.gd,test_rebuilding_the_pane_emits_nothing,,36734,0,0,0,0,0,0,the debug injector is reachable only from a debug surface
unit/view/test_debug_control_panel.gd,test_apply_is_disabled_for_the_ui_category,,36196,0,0,0,0,0,0,the debug injector is reachable only from a debug surface
unit/view/test_debug_control_panel.gd,test_apply_on_the_category_applies_no_verb,,25757,0,0,0,0,0,0,the debug injector is reachable only from a debug surface
unit/view/test_debug_control_panel.gd,test_a_verb_refusing_an_unsupported_target_says_what_it_refused,,37176,0,0,0,0,0,0,"a control is disabled when it cannot act, never live and inert"
unit/view/test_debug_control_panel.gd,test_a_non_object_verb_does_not_blame_the_active_target,,47082,0,0,0,0,0,0,"a control is disabled when it cannot act, never live and inert"
unit/view/test_debug_control_panel.gd,test_a_verb_that_causes_effects_hands_them_to_the_applied_signal,,36210,0,0,0,0,0,0,
unit/view/test_debug_control_panel.gd,test_a_verb_that_changes_nothing_carries_an_empty_list_rather_than_its_own_bookkeeping,,35691,0,0,0,0,0,0,
unit/view/test_debug_control_panel.gd,test_the_capture_sink_is_detached_even_when_the_verb_refuses,,37380,0,0,0,0,0,0,
unit/view/test_debug_panel_layout.gd,test_the_debug_panels_stay_inside_the_viewport,,837169,0,0,0,3,0,0,the layout puts each panel where it belongs and keeps it there
unit/view/test_debug_panel_layout.gd,test_the_run_panel_keeps_its_width_whatever_the_feed_says,,837998,0,0,0,3,0,0,the layout puts each panel where it belongs and keeps it there
unit/view/test_debug_panel_layout.gd,test_the_run_panel_draws_a_background_like_the_combat_log,,831164,0,0,0,3,0,0,the layout puts each panel where it belongs and keeps it there
unit/view/test_debug_panel_layout.gd,test_the_run_panels_are_spectator_only_while_the_hunt_runs,,2323634,0,0,0,9,0,0,the layout puts each panel where it belongs and keeps it there
unit/view/test_debug_panel_layout.gd,test_the_player_views_inject_panel_survives_the_split,,1538950,0,0,0,6,0,0,the debug injector is reachable only from a debug surface
unit/view/test_debug_panel_layout.gd,test_the_performance_readout_is_wholly_on_screen,,832887,0,0,0,3,0,0,the layout puts each panel where it belongs and keeps it there
unit/view/test_debug_panel_layout.gd,test_the_readout_sits_clear_of_the_debug_panel,,849751,0,0,0,3,0,0,the layout puts each panel where it belongs and keeps it there
unit/view/test_debug_panel_layout.gd,test_the_readout_body_has_a_real_height,,11704,0,0,0,0,0,0,the layout puts each panel where it belongs and keeps it there
unit/view/test_extracted_unit_leaves_the_board.gd,test_an_extracted_unit_is_gone_from_the_turn_order,,30591,0,7,0,0,0,0,
unit/view/test_extracted_unit_leaves_the_board.gd,test_an_extracted_unit_is_gone_from_targeting,,15722,0,1,0,0,0,0,
unit/view/test_extracted_unit_leaves_the_board.gd,test_an_extracted_unit_no_longer_occupies_its_cell,,13882,0,1,0,0,0,0,
unit/view/test_extracted_unit_leaves_the_board.gd,test_an_extracted_units_view_draws_nothing,,16164,0,1,0,0,0,0,
unit/view/test_extracted_unit_leaves_the_board.gd,test_the_transform_only_path_refuses_an_extracted_unit,,14199,0,1,0,0,0,0,
unit/view/test_extracted_unit_leaves_the_board.gd,test_a_dead_but_unextracted_unit_is_still_drawn,,15414,0,0,0,0,0,0,
unit/view/test_facing_arc.gd,test_the_arc_is_never_longer_than_half_a_turn,,8670,0,0,0,0,0,0,a unit refaces along the shorter arc
unit/view/test_facing_arc.gd,test_it_arrives_at_the_same_facing_it_was_asked_for,,10273,0,0,0,0,0,0,a unit refaces along the shorter arc
unit/view/test_facing_arc.gd,test_the_short_way_has_nothing_to_do_with_which_squad_is_turning,,8745,0,0,0,0,0,0,a unit refaces along the shorter arc
unit/view/test_hierarchical_ui_sink.gd,test_lines_mirrors_one_summary_string_per_top_level_group,,8755,0,0,0,0,0,0,the log folds a run of identical adjacent events into one counted row
unit/view/test_hierarchical_ui_sink.gd,test_emit_mirrors_into_an_attached_label,,8665,0,0,0,0,0,0,the combat log dispatches every event to every attached sink
unit/view/test_hierarchical_ui_sink.gd,test_a_single_event_admin_row_is_not_clickable,,10298,0,0,0,0,0,0,the log folds a run of identical adjacent events into one counted row
unit/view/test_hierarchical_ui_sink.gd,test_clicking_an_attack_summary_expands_its_detail_then_collapses_again,,8971,0,0,0,0,0,0,the log folds a run of identical adjacent events into one counted row
unit/view/test_hierarchical_ui_sink.gd,test_filesink_receives_every_event_regardless_of_folding,,8971,0,0,0,0,0,0,the combat log dispatches every event to every attached sink
unit/view/test_hit_volume_view.gd,test_setup_spawns_the_team_marker_plus_one_mesh_per_living_box,,9827,0,0,0,0,0,0,every rendered mesh matches the logic geometry it stands for
unit/view/test_hit_volume_view.gd,test_refresh_after_a_part_is_destroyed_removes_its_mesh,,9930,0,0,0,0,0,0,a destroyed part stops contributing
unit/view/test_hit_volume_view.gd,test_mesh_transform_matches_unit_geometry_exactly,,10119,0,0,0,0,0,0,every rendered mesh matches the logic geometry it stands for
unit/view/test_hit_volume_view.gd,test_mesh_size_matches_the_box_size_exactly,,9231,0,0,0,0,0,0,every rendered mesh matches the logic geometry it stands for
unit/view/test_hit_volume_view.gd,test_part_material_is_lit_not_unshaded,,8891,0,0,0,0,0,0,"presentation derives from authored data, never from code"
unit/view/test_hit_volume_view.gd,test_part_material_carries_a_rim_outline_next_pass,,11068,0,0,0,0,0,0,"presentation derives from authored data, never from code"
unit/view/test_hit_volume_view.gd,test_facing_wedge_sits_at_child_1_pointing_along_orientation,,9927,0,0,0,0,0,0,the facing wedge and team marker show the unit's own facing and squad
unit/view/test_hit_volume_view.gd,test_the_facing_wedges_position_and_rotation_agree_across_a_full_sweep,,12747,0,0,0,0,0,0,the facing wedge and team marker show the unit's own facing and squad
unit/view/test_hit_volume_view.gd,test_preview_orientation_moves_both_the_wedge_and_the_part_meshes,,10888,0,0,0,0,0,0,the facing wedge and team marker show the unit's own facing and squad
unit/view/test_hit_volume_view.gd,test_null_preview_orientation_renders_the_committed_orientation,,9819,0,0,0,0,0,0,an unstated authored field takes its default
unit/view/test_hit_volume_view.gd,test_team_marker_sits_at_the_units_cell_and_matches_its_squad_color,,9291,0,0,0,0,0,0,the facing wedge and team marker show the unit's own facing and squad
unit/view/test_hit_volume_view.gd,test_team_marker_sits_at_the_units_own_real_height_when_raised,,10477,0,0,0,0,0,0,a unit's height follows the cell it stands on
unit/view/test_hit_volume_view.gd,test_facing_wedge_sits_at_the_units_own_real_height_when_raised,,9635,0,0,0,0,0,0,a unit's height follows the cell it stands on
unit/view/test_hit_volume_view.gd,test_set_selected_brightens_the_team_marker,,9310,0,0,0,0,0,0,the facing wedge and team marker show the unit's own facing and squad
unit/view/test_hit_volume_view.gd,test_is_downed_is_true_for_a_shell_and_false_for_a_piloted_unit,,10148,0,0,0,0,0,0,a downed unit renders as an inert shell
unit/view/test_hit_volume_view.gd,test_the_facing_wedge_clears_every_ground_tier_marker_including_the_overwatch_arc,,10078,0,0,0,0,0,0,an overlay is drawn on request and cleared without touching the static board
unit/view/test_hit_volume_view.gd,test_team_marker_no_longer_coplanar_with_the_extraction_cell_marker,,8639,0,0,0,0,0,0,
unit/view/test_hit_volume_view.gd,test_set_active_turn_true_shows_the_whole_disk_and_wedge_assembly,,9607,0,0,0,0,0,0,the facing wedge and team marker show the unit's own facing and squad
unit/view/test_hit_volume_view.gd,test_set_active_turn_false_hides_the_whole_disk_and_wedge_assembly,,10056,0,0,0,0,0,0,the facing wedge and team marker show the unit's own facing and squad
unit/view/test_hit_volume_view.gd,test_set_active_turn_never_recolors_the_ground_marker,,10415,0,0,0,0,0,0,the facing wedge and team marker show the unit's own facing and squad
unit/view/test_hit_volume_view.gd,test_refresh_reapplies_the_last_active_turn_visibility,,9779,0,0,0,0,0,0,a highlight survives a refresh
unit/view/test_hit_volume_view.gd,test_set_occlusion_faded_true_applies_a_translucent_gray_override,,9891,0,0,0,0,0,0,"an occluding friendly fades, and only one that is really in the way"
unit/view/test_hit_volume_view.gd,test_set_occlusion_faded_false_clears_the_override,,9994,0,0,0,0,0,0,"an occluding friendly fades, and only one that is really in the way"
unit/view/test_hit_volume_view.gd,test_occlusion_fade_never_touches_the_ground_marker_or_wedge,,9296,0,0,0,0,0,0,"an occluding friendly fades, and only one that is really in the way"
unit/view/test_hit_volume_view.gd,test_refresh_reapplies_a_live_occlusion_fade,,9228,0,0,0,0,0,0,a highlight survives a refresh
unit/view/test_hit_volume_view.gd,test_a_downed_unit_kills_its_facing_wedge,,10380,0,0,0,0,0,0,a downed unit renders as an inert shell
unit/view/test_hit_volume_view.gd,test_a_downed_units_body_matches_its_own_posed_geometry_exactly,,9778,0,0,0,0,0,0,a downed unit renders as an inert shell
unit/view/test_hit_volume_view.gd,test_a_downed_units_team_marker_is_dimmer_than_a_piloted_units,,9566,0,0,0,0,0,0,a downed unit renders as an inert shell
unit/view/test_hit_volume_view.gd,test_highlight_part_chains_a_glow_onto_only_that_parts_own_mesh,,9298,0,0,0,0,0,0,a highlight marks exactly the part it names
unit/view/test_hit_volume_view.gd,test_clear_highlight_removes_the_glow,,10972,0,0,0,0,0,0,a highlight marks exactly the part it names
unit/view/test_hit_volume_view.gd,test_a_highlight_survives_a_refresh,,9892,0,0,0,0,0,0,a highlight survives a refresh
unit/view/test_hit_volume_view_mesh_scene.gd,test_a_part_with_mesh_scene_renders_the_commissioned_mesh,,9167,0,0,0,0,0,0,an authored mesh renders in place of the box without changing the volume
unit/view/test_hit_volume_view_mesh_scene.gd,test_a_part_with_mesh_scene_does_not_also_draw_its_box_by_default,,10340,0,0,0,0,0,0,an authored mesh renders in place of the box without changing the volume
unit/view/test_hit_volume_view_mesh_scene.gd,test_a_mixed_assembly_renders_the_mesh_and_the_box_together,,9645,0,0,0,0,0,0,an authored mesh renders in place of the box without changing the volume
unit/view/test_hit_volume_view_mesh_scene.gd,test_show_hit_volumes_overlays_the_box_on_a_meshed_part_without_removing_the_mesh,,9772,0,0,0,0,0,0,an authored mesh renders in place of the box without changing the volume
unit/view/test_hit_volume_view_refresh.gd,test_a_transform_only_refresh_instantiates_no_new_nodes,,14527,0,0,0,0,0,0,"a cheap refresh moves transforms only, and refuses when structure changed"
unit/view/test_hit_volume_view_refresh.gd,test_a_cheap_refresh_produces_the_same_transforms_as_a_full_rebuild,,19941,0,0,0,0,0,0,"a cheap refresh moves transforms only, and refuses when structure changed"
unit/view/test_hit_volume_view_refresh.gd,test_an_orientation_change_takes_the_cheap_path,,15922,0,0,0,0,0,0,"a cheap refresh moves transforms only, and refuses when structure changed"
unit/view/test_hit_volume_view_refresh.gd,test_it_refuses_when_a_part_is_destroyed,,14972,0,0,0,0,0,0,"a cheap refresh moves transforms only, and refuses when structure changed"
unit/view/test_hit_volume_view_refresh.gd,test_it_refuses_when_the_unit_goes_down,,13936,0,0,0,0,0,0,"a cheap refresh moves transforms only, and refuses when structure changed"
unit/view/test_hit_volume_view_refresh.gd,test_it_refuses_when_the_hit_volume_overlay_is_toggled,,13724,0,0,0,0,0,0,"a cheap refresh moves transforms only, and refuses when structure changed"
unit/view/test_hit_volume_view_refresh.gd,test_it_refuses_before_the_first_full_refresh,,13096,0,0,0,0,0,0,"a cheap refresh moves transforms only, and refuses when structure changed"
unit/view/test_hit_volume_view_refresh.gd,test_a_full_refresh_after_a_cheap_one_still_works,,15334,0,0,0,0,0,0,"a cheap refresh moves transforms only, and refuses when structure changed"
unit/view/test_hit_volume_view_render_primitive.gd,test_a_part_with_render_primitive_cylinder_renders_a_cylinder,,9240,0,0,0,0,0,0,an authored mesh renders in place of the box without changing the volume
unit/view/test_hit_volume_view_render_primitive.gd,test_mesh_scene_wins_over_render_primitive_when_both_are_set,,10336,0,0,0,0,0,0,an authored mesh renders in place of the box without changing the volume
unit/view/test_hit_volume_view_render_primitive.gd,test_render_primitive_never_changes_the_parts_own_volume,,9057,0,0,0,0,0,0,"the shot plane comes from body-space boxes, never from the mesh"
unit/view/test_hit_volume_view_render_primitive.gd,test_render_scale_scales_the_primitive_instance_only,,9048,0,0,0,0,0,0,"the shot plane comes from body-space boxes, never from the mesh"
unit/view/test_hit_volume_view_render_primitive.gd,test_render_primitive_box_is_the_existing_box_render_unchanged,,9487,0,0,0,0,0,0,an authored mesh renders in place of the box without changing the volume
unit/view/test_hit_volume_view_render_primitive.gd,test_render_color_override_replaces_the_material_colour,,11132,0,0,0,0,0,0,"presentation derives from authored data, never from code"
unit/view/test_hit_volume_view_render_primitive.gd,test_default_render_color_override_falls_back_to_material_colour,,9880,0,0,0,0,0,0,an unstated authored field takes its default
unit/view/test_hit_volume_view_show_assembly.gd,test_null_root_clears_the_view,,9429,0,0,0,0,0,0,"a degenerate input yields an empty result, never an error"
unit/view/test_hit_volume_view_show_assembly.gd,test_draws_exactly_a_marker_plus_one_mesh_per_box_no_wedge,,9883,0,0,0,0,0,0,"an assembly preview draws the parts alone, recentred and unteamed"
unit/view/test_hit_volume_view_show_assembly.gd,test_marker_sits_at_the_origin_in_the_passed_color_never_team_color,,9542,0,0,0,0,0,0,"an assembly preview draws the parts alone, recentred and unteamed"
unit/view/test_hit_volume_view_show_assembly.gd,test_geometry_is_recentered_onto_the_origin,,9064,0,0,0,0,0,0,"an assembly preview draws the parts alone, recentred and unteamed"
unit/view/test_hit_volume_view_show_assembly.gd,test_part_material_carries_no_rim_outline,,8725,0,0,0,0,0,0,"an assembly preview draws the parts alone, recentred and unteamed"
unit/view/test_hit_volume_view_show_assembly.gd,test_registers_meshes_by_part_for_hover_and_camera_framing,,9328,0,0,0,0,0,0,a highlight marks exactly the part it names
unit/view/test_hit_volume_view_weapon_labels.gd,test_a_weapon_boxs_mesh_instance_carries_its_display_name_as_a_label,,10959,0,0,0,0,0,0,"a weapon label sits on its own largest face, sized to the box"
unit/view/test_hit_volume_view_weapon_labels.gd,test_a_non_weapon_part_gets_no_label_at_all,,9998,0,0,0,0,0,0,"a weapon label sits on its own largest face, sized to the box"
unit/view/test_hit_volume_view_weapon_labels.gd,test_a_weapon_with_no_display_name_gets_no_label,,9592,0,0,0,0,0,0,an unstated authored field takes its default
unit/view/test_hit_volume_view_weapon_labels.gd,test_the_label_never_changes_the_views_own_top_level_child_count,,10729,0,0,0,0,0,0,"a weapon label sits on its own largest face, sized to the box"
unit/view/test_hit_volume_view_weapon_labels.gd,test_a_non_box_primitive_weapon_also_carries_its_label,,10055,0,0,0,0,0,0,"a weapon label sits on its own largest face, sized to the box"
unit/view/test_hit_volume_view_weapon_labels.gd,test_a_box_weapons_label_no_longer_billboards,,9649,0,0,0,0,0,0,"a weapon label sits on its own largest face, sized to the box"
unit/view/test_hit_volume_view_weapon_labels.gd,test_a_non_box_primitive_weapons_label_still_billboards,,9365,0,0,0,0,0,0,"a weapon label sits on its own largest face, sized to the box"
unit/view/test_hit_volume_view_weapon_labels.gd,test_a_bigger_weapon_box_produces_a_bigger_label,,10885,0,0,0,0,0,0,"a weapon label sits on its own largest face, sized to the box"
unit/view/test_hit_volume_view_weapon_labels.gd,test_a_long_thin_weapons_label_sits_on_its_side_face,,9986,0,0,0,0,0,0,"a weapon label sits on its own largest face, sized to the box"
unit/view/test_hit_volume_view_weapon_labels.gd,test_the_largest_face_pick_covers_all_three_axis_pairs,,9820,0,0,0,0,0,0,"a weapon label sits on its own largest face, sized to the box"
unit/view/test_hit_volume_view_weapon_labels.gd,test_show_assembly_also_labels_a_previewed_weapon,,10157,0,0,0,0,0,0,"one mechanism, distinctly logged — no parallel systems"
unit/view/test_hulk_theme.gd,test_exactly_six_named_colors,,10411,0,0,0,0,0,0,"presentation derives from authored data, never from code"
unit/view/test_hulk_theme.gd,test_build_returns_a_real_theme_resource,,9419,0,0,0,0,0,0,"presentation derives from authored data, never from code"
unit/view/test_hulk_theme.gd,test_build_styles_the_inventory_panels_tree,,9015,0,0,0,0,0,0,"presentation derives from authored data, never from code"
unit/view/test_hulk_theme.gd,test_build_styles_the_tooltip_with_a_solid_high_contrast_panel,,8936,0,0,0,0,0,0,"presentation derives from authored data, never from code"
unit/view/test_hulk_theme.gd,test_build_styles_scrollbars_with_an_always_visible_grabber,,10230,0,0,0,0,0,0,"presentation derives from authored data, never from code"
unit/view/test_hulk_theme.gd,test_build_sets_the_real_monospace_font,,9333,0,0,0,0,0,0,"presentation derives from authored data, never from code"
unit/view/test_inspect_dim.gd,test_a_cell_holding_cover_still_opens,,819387,0,0,0,3,0,0,
unit/view/test_inspect_dim.gd,test_opening_and_closing_twice_leaves_no_residue,,836624,0,0,0,3,0,0,a modal restores exactly the state it captured when it opened
unit/view/test_inspect_dim.gd,test_opening_a_second_inspect_over_the_first_leaves_no_residue,,821430,0,0,0,3,0,0,a modal restores exactly the state it captured when it opened
unit/view/test_inspect_dim.gd,test_close_resets_the_panel_whatever_it_was_showing,,834748,0,0,0,3,0,0,a modal restores exactly the state it captured when it opened
unit/view/test_inspect_panel.gd,test_open_populates_the_tree_with_weapon_and_body_groups,,29756,0,0,0,0,0,0,"inspect rows group by kind, then follow the inventory's own order"
unit/view/test_inspect_panel.gd,test_open_shows_the_panel_and_close_hides_it_and_emits_closed,,11048,0,0,0,0,0,0,the inspect panel shows what was asked for and clears on close
unit/view/test_inspect_panel.gd,test_hovering_a_tree_row_fills_the_info_panel_and_a_dead_zone_leaves_it,,12214,0,0,0,0,0,0,a tooltip shows what is there and omits what is not
unit/view/test_inspect_panel.gd,test_wounds_on_any_part_populate_the_status_wound_column,,11872,0,0,0,0,0,0,a wound disables what it names without destroying the part
unit/view/test_inspect_panel.gd,test_debug_menu_reset_and_zero_health_mutate_the_real_part,,12221,0,0,0,0,0,0,a debug verb forces the exact state it names
unit/view/test_inspect_panel.gd,test_debug_menu_set_ammo_sets_the_chosen_ammo_id,,11874,0,0,0,0,0,0,a debug verb forces the exact state it names
unit/view/test_inspect_panel.gd,test_repair_menu_item_appears_for_a_single_damaged_part,,11912,0,0,0,0,0,0,repair consumes a charge and matching scrap
unit/view/test_inspect_panel.gd,test_repair_menu_item_absent_without_a_selection_controller,,12899,0,0,0,0,0,0,repair consumes a charge and matching scrap
unit/view/test_inspect_panel.gd,test_repair_menu_item_absent_for_more_than_one_part,,12456,0,0,0,0,0,0,repair consumes a charge and matching scrap
unit/view/test_inspect_panel.gd,test_repair_menu_item_absent_when_inspecting_a_non_selected_unit,,12449,0,0,0,0,0,0,repair consumes a charge and matching scrap
unit/view/test_inspect_panel.gd,test_repair_menu_item_disabled_without_enough_scrap,,14039,0,0,0,0,0,0,repair consumes a charge and matching scrap
unit/view/test_inspect_panel.gd,test_repair_menu_item_disabled_with_a_drained_battery,,12889,0,0,0,0,0,0,repair consumes a charge and matching scrap
unit/view/test_inspect_panel.gd,test_choosing_repair_queues_a_real_repair_action,,14811,0,0,0,0,0,0,"one mechanism, distinctly logged — no parallel systems"
unit/view/test_inspect_panel.gd,test_matrix_area_shows_personal_speed_and_ai_profile,,11678,0,0,0,0,0,0,the inspect panel shows what was asked for and clears on close
unit/view/test_inspect_panel.gd,test_the_inspect_header_shows_unit_id_squad_and_variant,,11131,0,0,0,0,0,0,the inspect panel shows what was asked for and clears on close
unit/view/test_inspect_panel.gd,test_the_inspect_header_resets_on_close,,12496,0,0,0,0,0,0,the inspect panel shows what was asked for and clears on close
unit/view/test_inspect_panel.gd,test_clamp_to_viewport_shrinks_and_recenters_an_oversized_panel,,11156,0,0,0,0,0,0,the layout puts each panel where it belongs and keeps it there
unit/view/test_inspect_panel.gd,test_open_with_many_wounds_still_fits_the_viewport_after_clamping,,20928,0,0,0,0,0,0,the layout puts each panel where it belongs and keeps it there
unit/view/test_inspect_panel.gd,test_right_click_on_the_bot_viewer_opens_the_menu_at_the_cursor,,12441,0,0,0,0,0,0,a real input event reaches the control it lands on
unit/view/test_inspect_panel.gd,test_right_click_on_a_tree_row_opens_the_menu_at_the_cursor,,12189,0,0,0,0,0,0,a real input event reaches the control it lands on
unit/view/test_inspect_panel.gd,test_debug_items_are_marked_and_sorted_after_non_debug,,13932,0,0,0,0,0,0,the debug injector is reachable only from a debug surface
unit/view/test_inspect_panel.gd,test_burn_submenu_at_or_above_threshold_inflicts_the_wound,,11476,0,0,0,0,0,0,a wound disables what it names without destroying the part
unit/view/test_inspect_panel.gd,test_burn_submenu_below_threshold_does_not_inflict_the_wound,,13076,0,0,0,0,0,0,a wound disables what it names without destroying the part
unit/view/test_inspect_panel.gd,test_create_part_submenu_lists_only_legal_attachments,,21964,0,0,0,0,0,0,an action refuses an illegal socket attachment
unit/view/test_inspect_panel.gd,test_choosing_create_part_attaches_a_real_part_at_the_socket,,17847,0,0,0,0,0,0,"a debug verb reuses the real gameplay path, never a shortcut"
unit/view/test_inspect_panel.gd,test_set_isolated_toggles_the_render_layer_on_every_mesh_instance,,10357,0,0,0,0,0,0,"an isolated preview renders the real view, on its own layer"
unit/view/test_inspect_panel.gd,test_open_calls_the_live_view_lookup_with_the_units_own_id,,11313,0,0,0,0,0,0,"an isolated preview renders the real view, on its own layer"
unit/view/test_inspect_panel.gd,test_open_with_a_live_view_lookup_isolates_the_real_view_not_a_fresh_copy,,13178,0,0,0,0,0,0,"an isolated preview renders the real view, on its own layer"
unit/view/test_inspect_panel.gd,test_opening_a_bare_cell_after_a_live_unit_leaves_the_preview_genuinely_empty,,11635,0,0,0,0,0,0,
unit/view/test_inspect_panel.gd,test_isolate_focus_also_includes_the_floor_layer,,12820,0,0,0,0,0,0,"an isolated preview renders the real view, on its own layer"
unit/view/test_inspect_panel.gd,test_preview_camera_has_a_real_ambient_environment_override,,11064,0,0,0,0,0,0,"an isolated preview renders the real view, on its own layer"
unit/view/test_inspect_panel.gd,test_closing_clears_isolation_on_the_previously_focused_view,,11562,0,0,0,0,0,0,"an isolated preview renders the real view, on its own layer"
unit/view/test_inspect_panel.gd,test_the_fallback_path_still_works_and_is_its_own_isolated_world,,11776,0,0,0,0,0,0,"an isolated preview renders the real view, on its own layer"
unit/view/test_inspect_panel.gd,test_open_fills_in_the_mass_and_ram_footer,,12259,0,0,0,0,0,0,a shell's mass and RAM budgets are both hard limits
unit/view/test_inspect_panel.gd,test_closing_clears_the_footer_when_reopened_with_no_shell,,11338,0,0,0,0,0,0,the inspect panel shows what was asked for and clears on close
unit/view/test_inspect_panel.gd,test_tree_hover_and_close_never_crash_with_no_tactics_wired,,12677,0,0,0,0,0,0,"a degenerate input yields an empty result, never an error"
unit/view/test_inspect_panel.gd,test_open_cell_reuses_the_existing_part_tree_inspector_for_objects_and_bare_floor,,11344,0,0,0,0,0,0,
unit/view/test_inspect_panel.gd,test_isolating_a_live_view_withdraws_the_previews_own_lighting,,11596,0,0,0,0,0,0,a modal restores exactly the state it captured when it opened
unit/view/test_inspect_panel.gd,test_closing_leaves_the_previews_lighting_out_of_the_shared_world,,12597,0,0,0,0,0,0,a modal restores exactly the state it captured when it opened
unit/view/test_inspect_panel.gd,test_the_fresh_copy_path_keeps_its_own_lighting,,11521,0,0,0,0,0,0,a modal restores exactly the state it captured when it opened
unit/view/test_inspect_viewer_lighting.gd,test_the_isolate_camera_keeps_the_boards_directional_light,,14985,0,0,0,0,0,0,
unit/view/test_inspect_viewer_lighting.gd,test_the_isolate_camera_still_excludes_everything_it_was_narrowed_against,,15024,0,0,0,0,0,0,
unit/view/test_inspect_world_leak.gd,test_the_previews_lighting_never_reaches_the_battle_world,,823157,0,0,0,3,0,0,a modal restores exactly the state it captured when it opened
unit/view/test_inspect_world_leak.gd,test_the_boards_own_lighting_is_identical_before_and_after,,820043,0,0,0,3,0,0,a modal restores exactly the state it captured when it opened
unit/view/test_no_risers.gd,test_a_terraced_board_emits_no_more_geometry_than_a_flat_one,,30049,0,0,0,0,0,0,
unit/view/test_no_risers.gd,test_every_tile_is_drawn_as_a_whole_box,,10662,0,0,0,0,0,0,
unit/view/test_no_risers.gd,test_an_unfloored_cell_contributes_no_geometry,,12617,0,0,0,0,0,0,
unit/view/test_no_risers.gd,test_the_drawn_tile_occupies_the_boxes_the_ray_caster_marches,,9525,0,0,0,0,0,0,
unit/view/test_part_highlight_bidirectional.gd,test_hovering_a_tree_row_highlights_exactly_that_part_in_3d,,36082,0,0,0,1,0,0,a highlight marks exactly the part it names
unit/view/test_part_highlight_bidirectional.gd,test_hovering_a_part_in_3d_highlights_exactly_that_row,,35554,0,0,0,1,0,0,a highlight marks exactly the part it names
unit/view/test_part_highlight_bidirectional.gd,test_clearing_the_world_hover_clears_the_row_too,,35881,0,0,0,1,0,0,a highlight marks exactly the part it names
unit/view/test_perf_panel.gd,test_it_redraws_on_the_tick_not_every_frame,,9937,0,0,0,0,0,0,a field is computed once per round and read many times
unit/view/test_perf_panel.gd,test_it_shows_the_four_figures,,9804,0,0,0,0,0,0,a diagnostic's data form and its prose carry the same facts
unit/view/test_perf_panel.gd,test_the_log_dump_is_opt_in_and_fires_on_the_tick,,11620,0,0,0,0,0,0,a signal fires only when the value really changed
unit/view/test_perf_panel.gd,test_reset_clears_the_readout,,9758,0,0,0,0,0,0,"the work counters count real work, and reset to nothing"
unit/view/test_perf_panel.gd,test_it_never_takes_the_mouse,,9489,0,0,0,0,0,0,a panel consumes the input that lands on it and never leaks it to the camera
unit/view/test_perf_panel.gd,test_the_readout_survives_the_debug_panel_closing,,1526683,0,0,0,6,0,0,the layout puts each panel where it belongs and keeps it there
unit/view/test_perf_panel.gd,test_the_spectator_view_has_one_too,,1204296,0,0,0,5,0,0,the debug injector is reachable only from a debug surface
unit/view/test_perf_panel.gd,test_a_tick_reaches_the_real_combat_log,,1541928,0,0,0,6,0,0,the combat log dispatches every event to every attached sink
unit/view/test_phase12_transparency.gd,test_the_stat_panels_predicted_damage_equals_the_logs_actual_damage,,86797,0,1,0,3,0,1,the tooltip and the damage come from the same resolver call
unit/view/test_replay_wiring.gd,test_failures_are_parsed_from_coloured_output_and_deduplicated,,10833,0,0,0,0,0,0,a parsed input tolerates spacing and drops what it cannot read
unit/view/test_replay_wiring.gd,test_the_overlay_binds_the_replay_panel_to_the_battle,,833709,0,0,0,3,0,0,a failed test replays as the fixture it built
unit/view/test_replay_wiring.gd,test_a_failed_run_offers_its_replayable_failures,,1116366,1,0,180,6,0,0,a failed test replays as the fixture it built
unit/view/test_replay_wiring.gd,test_a_passing_run_offers_nothing,,834964,0,0,0,3,0,0,"a degenerate input yields an empty result, never an error"
unit/view/test_replay_wiring.gd,test_a_finished_bout_advances_the_replay_run,,1105477,1,0,180,6,0,0,a failed test replays as the fixture it built
unit/view/test_replay_wiring.gd,test_the_spectator_starts_a_replayed_bout_playing,,832461,0,0,240,4,0,0,a failed test replays as the fixture it built
unit/view/test_replay_wiring.gd,test_launching_a_run_clears_the_board,,857984,0,0,0,3,0,0,the view rebuilds only when the board actually changed
unit/view/test_replay_wiring.gd,test_forcing_a_failure_does_not_touch_this_process_environment,,2354702,0,0,0,0,0,0,a child process's environment never leaks into this one
unit/view/test_replay_wiring.gd,test_the_toggle_produces_a_failing_run_with_something_to_replay,,4343942,0,0,0,0,0,0,the gate's exit code reflects the run's real verdict
unit/view/test_replay_wiring.gd,test_forcing_a_failure_yields_a_replayable_bout,,4772945,1,0,0,2,0,0,a failed test replays as the fixture it built
unit/view/test_replay_wiring.gd,test_the_force_failure_checkbox_reaches_the_launched_run,,1092791,0,0,0,3,0,0,a child process's environment never leaks into this one
unit/view/test_replay_wiring.gd,test_a_forced_run_prefixes_the_variable_onto_the_child_command,,1390015,0,0,0,0,0,0,a child process's environment never leaks into this one
unit/view/test_replay_wiring.gd,test_a_forced_run_says_so_and_shows_its_command,,986583,0,0,0,3,0,0,the run panel reports the real rung and the real verdict
unit/view/test_replay_wiring.gd,test_an_ordinary_run_does_not_claim_to_be_forced,,983898,0,0,0,3,0,0,the run panel reports the real rung and the real verdict
unit/view/test_replay_wiring.gd,test_the_finish_chime_never_breaks_a_run_without_an_audio_device,,14188,0,0,0,0,0,0,a courtesy feature can never fail the run it reports on
unit/view/test_replay_wiring.gd,test_pass_and_fail_do_not_sound_the_same,,10913,0,0,0,0,0,0,a courtesy feature can never fail the run it reports on
unit/view/test_resolution_player.gd,test_setup_shows_the_tactics_banner,,900411,0,0,0,3,0,0,TACTICS queues intents and mutates nothing; RESOLUTION owns every mutation
unit/view/test_resolution_player.gd,test_setup_with_no_banner_never_crashes,,824577,0,0,0,3,0,0,"a degenerate input yields an empty result, never an error"
unit/view/test_resolution_player.gd,test_play_immediately_switches_to_the_resolution_banner,,822206,0,0,0,3,0,0,TACTICS queues intents and mutates nothing; RESOLUTION owns every mutation
unit/view/test_resolution_player.gd,test_play_impact_spawns_a_tracer_for_an_impact_event,,815132,0,0,0,3,0,0,playback draws each event at the geometry it logged
unit/view/test_resolution_player.gd,test_a_live_tracer_is_drawn_at_the_live_render_priority,,816786,0,0,0,3,0,0,"presentation derives from authored data, never from code"
unit/view/test_resolution_player.gd,test_a_retired_tracer_is_translucent_red_and_drops_to_the_retired_priority,,807495,0,0,0,3,0,0,"presentation derives from authored data, never from code"
unit/view/test_resolution_player.gd,test_play_event_ignores_non_impact_events,,819260,0,0,0,3,0,0,"the event stream drives playback cues, one per event, in order"
unit/view/test_resolution_player.gd,test_the_tracer_spans_from_the_attackers_cell_to_the_targets_cell,,822944,0,0,0,3,0,0,playback draws each event at the geometry it logged
unit/view/test_resolution_player.gd,test_play_impact_draws_at_the_shots_own_real_logged_heights,,814063,0,0,0,3,0,0,playback draws each event at the geometry it logged
unit/view/test_resolution_player.gd,test_play_impact_with_no_target_unit_still_draws_a_tracer_to_the_hit_point,,813127,0,0,0,3,0,0,playback draws each event at the geometry it logged
unit/view/test_resolution_player.gd,test_play_impact_draws_a_ricochet_hop_from_its_own_real_origin_not_the_shooter,,813764,0,0,0,3,0,0,playback draws each event at the geometry it logged
unit/view/test_resolution_player.gd,test_a_deflect_draws_only_the_segment_that_actually_resolved,,2816295,0,0,0,3,0,0,whatever is drawn comes from the same computation the resolver used
unit/view/test_resolution_player.gd,test_deflect_segment_count_matches_the_hops_that_resolved,,3645266,0,0,0,3,0,0,whatever is drawn comes from the same computation the resolver used
unit/view/test_resolution_player.gd,test_a_legacy_deflect_endpoint_in_the_log_draws_nothing_extra,,2928513,0,0,0,3,0,0,whatever is drawn comes from the same computation the resolver used
unit/view/test_resolution_player.gd,test_deflect_tracer_waits_a_beat_after_the_primary_impact,,821106,0,0,0,3,0,0,playback timing derives from one pacing speed
unit/view/test_resolution_player.gd,test_play_miss_spawns_a_tracer_along_its_own_logged_endpoint,,816657,0,0,0,3,0,0,playback draws each event at the geometry it logged
unit/view/test_resolution_player.gd,test_play_miss_draws_at_its_own_real_logged_heights,,819668,0,0,0,3,0,0,playback draws each event at the geometry it logged
unit/view/test_resolution_player.gd,test_play_event_dispatches_a_miss_event_to_play_miss,,815494,0,0,0,3,0,0,"the event stream drives playback cues, one per event, in order"
unit/view/test_resolution_player.gd,test_play_miss_with_an_unknown_attacker_does_not_crash_or_spawn_a_tracer,,817892,0,0,0,3,0,0,"a degenerate input yields an empty result, never an error"
unit/view/test_resolution_player.gd,test_inter_shot_break_separates_a_miss_from_a_following_impact,,832806,0,0,0,3,0,0,playback timing derives from one pacing speed
unit/view/test_resolution_player.gd,test_a_zero_duration_slide_visits_every_path_cell_and_ends_at_zero_offset,,815155,0,0,0,3,0,0,playback draws each event at the geometry it logged
unit/view/test_resolution_player.gd,test_playback_never_mutates_the_real_combat_states_own_unit_fields,,816223,0,0,0,3,0,0,a preview mutates nothing
unit/view/test_resolution_player.gd,test_slide_segment_duration_derives_from_slide_ms_and_pacing_speed,,812454,0,0,0,3,0,0,playback timing derives from one pacing speed
unit/view/test_resolution_player.gd,test_facing_duration_derives_from_slide_ms_and_pacing_speed,,817035,0,0,0,3,0,0,playback timing derives from one pacing speed
unit/view/test_resolution_player.gd,test_a_zero_duration_facing_change_snaps_and_remembers_the_new_orientation,,820685,0,0,0,3,0,0,playback draws each event at the geometry it logged
unit/view/test_resolution_player.gd,test_prime_never_uses_a_facing_events_own_target_as_its_fallback_default,,828843,0,0,0,3,0,0,playback primes the old state so nothing flashes at the destination
unit/view/test_resolution_player.gd,test_prime_derives_a_moves_own_direction_when_no_facing_event_preceded_it,,822658,0,0,0,3,0,0,playback primes the old state so nothing flashes at the destination
unit/view/test_resolution_player.gd,test_a_facing_change_pivots_on_the_units_own_cell_not_the_map_origin,,824196,0,0,0,3,0,0,playback draws each event at the geometry it logged
unit/view/test_resolution_player.gd,test_prime_shows_the_old_state_immediately_so_nothing_flashes_at_the_destination,,831470,0,0,0,3,0,0,playback primes the old state so nothing flashes at the destination
unit/view/test_resolution_player.gd,test_bullet_fade_duration_derives_from_bullet_ms_and_pacing_speed,,823757,0,0,0,3,0,0,playback timing derives from one pacing speed
unit/view/test_resolution_player.gd,test_a_zero_duration_shot_retires_synchronously_into_the_ring,,817585,0,0,0,3,0,0,a bounded history keeps its cap and drops the oldest
unit/view/test_resolution_player.gd,test_the_ring_never_exceeds_tracer_count_the_oldest_is_evicted,,823317,0,0,0,3,0,0,a bounded history keeps its cap and drops the oldest
unit/view/test_resolution_player.gd,test_tracer_count_zero_leaves_no_history,,825696,0,0,0,3,0,0,a bounded history keeps its cap and drops the oldest
unit/view/test_resolution_player.gd,test_inter_shot_break_separates_consecutive_impacts,,831895,0,0,0,3,0,0,playback timing derives from one pacing speed
unit/view/test_resolution_player.gd,test_only_board_changing_kinds_trigger_the_board_hook,,10752,0,0,0,0,0,0,
unit/view/test_resolution_player.gd,test_the_board_hook_fires_once_per_destroying_event_not_once_per_action,,827514,0,0,0,3,0,0,
unit/view/test_resolution_player.gd,test_an_action_that_destroys_nothing_never_fires_the_board_hook,,834681,0,0,0,3,0,0,
unit/view/test_resolution_player_elevation.gd,test_world_anchor_reads_the_cells_own_real_height,,824571,0,0,0,3,0,0,a unit's height follows the cell it stands on
unit/view/test_resolution_player_elevation.gd,test_a_zero_duration_climb_event_plays_as_a_real_slide,,826981,0,0,0,3,0,0,playback draws each event at the geometry it logged
unit/view/test_resolution_player_elevation.gd,test_a_zero_duration_hop_down_event_plays_as_a_real_slide,,822395,0,0,0,3,0,0,playback draws each event at the geometry it logged
unit/view/test_resolution_player_elevation.gd,test_priming_a_climb_shows_the_old_height_not_the_already_baked_final_one,,830929,0,0,0,3,0,0,playback primes the old state so nothing flashes at the destination
unit/view/test_resource_editor_column_widths.gd,test_id_column_shrinks_below_the_shared_default_for_a_short_id,,27028,0,0,0,0,0,0,"an editor column sizes to its own content, within a floor"
unit/view/test_resource_editor_column_widths.gd,test_id_column_still_fits_its_own_longest_value,,34365,0,0,0,0,0,0,"an editor column sizes to its own content, within a floor"
unit/view/test_resource_editor_column_widths.gd,test_display_name_column_is_at_least_the_floor_width_when_empty,,24975,0,0,0,0,0,0,"an editor column sizes to its own content, within a floor"
unit/view/test_resource_editor_column_widths.gd,test_switching_to_a_type_with_no_display_name_column_is_safe,,31102,0,0,0,0,0,0,"a degenerate input yields an empty result, never an error"
unit/view/test_resource_editor_column_widths.gd,test_a_long_display_name_widens_the_column_past_the_floor,,23653,0,0,0,0,0,0,"an editor column sizes to its own content, within a floor"
unit/view/test_resource_editor_dropdown.gd,test_vocabulary_columns_stay_plain_string_mode_with_a_dropdown_button,,32430,0,0,0,0,0,0,an editor column's type and vocabulary come from the field it edits
unit/view/test_resource_editor_dropdown.gd,test_non_dropdown_columns_have_no_button,,31956,0,0,0,0,0,0,an editor column's type and vocabulary come from the field it edits
unit/view/test_resource_editor_dropdown.gd,test_display_name_stays_plain_string_mode,,31580,0,0,0,0,0,0,an editor column's type and vocabulary come from the field it edits
unit/view/test_resource_editor_dropdown.gd,test_material_dropdown_pulls_the_full_data_library_vocabulary,,30988,0,0,0,0,0,0,content is an open StringName vocabulary a designer can extend without code
unit/view/test_resource_editor_dropdown.gd,test_failure_mode_dropdown_is_the_full_closed_vocabulary,,31102,0,0,0,0,0,0,an editor column's type and vocabulary come from the field it edits
unit/view/test_resource_editor_dropdown.gd,test_stack_type_dropdown_matches_the_ammo_vocabulary,,31948,0,0,0,0,0,0,an editor column's type and vocabulary come from the field it edits
unit/view/test_resource_editor_dropdown.gd,test_a_column_with_no_closed_vocabulary_falls_back_to_column_values,,30784,0,0,0,0,0,0,an unstated authored field takes its default
unit/view/test_resource_editor_dropdown.gd,test_choosing_a_dropdown_option_applies_it,,30169,0,0,0,0,0,0,an editor edit applies to the real resource
unit/view/test_resource_editor_layout.gd,test_preview_never_expands_on_either_axis,,31209,0,0,0,0,0,0,the layout puts each panel where it belongs and keeps it there
unit/view/test_resource_editor_layout.gd,test_metadata_expands_vertically_but_not_horizontally,,31266,0,0,0,0,0,0,the layout puts each panel where it belongs and keeps it there
unit/view/test_resource_editor_layout.gd,test_table_expands_on_both_axes,,31174,0,0,0,0,0,0,the layout puts each panel where it belongs and keeps it there
unit/view/test_resource_editor_layout.gd,test_left_column_never_expands_horizontally_the_right_column_does,,30505,0,0,0,0,0,0,the layout puts each panel where it belongs and keeps it there
unit/view/test_resource_editor_layout.gd,test_preview_and_metadata_share_the_lefts_own_fixed_width,,30784,0,0,0,0,0,0,the layout puts each panel where it belongs and keeps it there
unit/view/test_resource_editor_layout.gd,test_selecting_a_part_populates_the_preview,,31044,0,0,0,0,0,0,"an assembly preview draws the parts alone, recentred and unteamed"
unit/view/test_resource_editor_layout.gd,test_selecting_ammo_or_material_clears_the_preview,,32785,0,0,0,0,0,0,"an assembly preview draws the parts alone, recentred and unteamed"
unit/view/test_resource_editor_layout.gd,test_rotate_toggle_flips_the_rotating_flag,,29252,0,0,0,0,0,0,"an assembly preview draws the parts alone, recentred and unteamed"
unit/view/test_resource_editor_layout.gd,test_process_only_rotates_the_preview_pivot_while_rotating,,31772,0,0,0,0,0,0,"an assembly preview draws the parts alone, recentred and unteamed"
unit/view/test_resource_editor_layout.gd,test_type_bar_has_one_button_per_definition_type,,30606,0,0,0,0,0,0,the layout puts each panel where it belongs and keeps it there
unit/view/test_resource_editor_layout.gd,test_clicking_a_type_button_switches_current_type,,32712,0,0,0,0,0,0,the layout puts each panel where it belongs and keeps it there
unit/view/test_resource_editor_nested_rows.gd,test_a_parts_row_has_one_child_per_socket,,31024,0,0,0,0,0,0,a nested editor row stands for the collection it edits
unit/view/test_resource_editor_nested_rows.gd,test_socket_child_row_shows_type_id_and_joint_hp,,31839,0,0,0,0,0,0,a nested editor row stands for the collection it edits
unit/view/test_resource_editor_nested_rows.gd,test_editing_a_sockets_joint_hp_applies_to_the_socket,,31794,0,0,0,0,0,0,an editor edit applies to the real resource
unit/view/test_resource_editor_nested_rows.gd,test_editing_a_sockets_type_applies_as_a_stringname,,32294,0,0,0,0,0,0,an editor edit applies to the real resource
unit/view/test_resource_editor_nested_rows.gd,test_a_materials_row_has_one_child_per_curve_point,,31973,0,0,0,0,0,0,a nested editor row stands for the collection it edits
unit/view/test_resource_editor_nested_rows.gd,test_editing_a_curve_points_dt_applies_to_the_array,,32100,0,0,0,0,0,0,an editor edit applies to the real resource
unit/view/test_resource_editor_nested_rows.gd,test_editing_a_curve_points_thickness_applies_to_the_array,,30908,0,0,0,0,0,0,an editor edit applies to the real resource
unit/view/test_resource_editor_nested_rows.gd,test_hover_summary_for_a_part_lists_its_sockets,,30566,0,0,0,0,0,0,a tooltip shows what is there and omits what is not
unit/view/test_resource_editor_nested_rows.gd,test_hover_summary_for_a_material_with_no_curve_is_empty,,30906,0,0,0,0,0,0,a tooltip shows what is there and omits what is not
unit/view/test_resource_editor_nested_rows.gd,test_hover_summary_for_a_material_with_a_curve_lists_its_points,,31104,0,0,0,0,0,0,a tooltip shows what is there and omits what is not
unit/view/test_resource_editor_nested_rows.gd,test_hover_summary_for_a_part_with_no_sockets_and_no_volume_is_empty,,31183,0,0,0,0,0,0,a tooltip shows what is there and omits what is not
unit/view/test_resource_editor_nested_rows.gd,test_hover_summary_for_a_part_lists_its_volume_boxes,,31537,0,0,0,0,0,0,a tooltip shows what is there and omits what is not
unit/view/test_resource_editor_nested_rows.gd,test_refresh_hover_metadata_falls_back_to_selection_off_a_nested_row,,30948,0,0,0,0,0,0,an unstated authored field takes its default
unit/view/test_resource_editor_scene.gd,test_ready_loads_data_via_data_library,,33281,0,0,0,0,0,0,user data overrides builtin data by id
unit/view/test_resource_editor_scene.gd,test_set_current_type_switches_which_definitions_load,,32016,0,0,0,0,0,0,user data overrides builtin data by id
unit/view/test_resource_editor_scene.gd,test_save_resource_round_trips_through_data_library,,30599,0,0,0,0,0,0,data round-trips through save and load
unit/view/test_resource_editor_scene.gd,test_save_resource_rejects_an_invalid_definition,,30110,0,0,0,0,0,0,"a misconfiguration is rejected, not silently absorbed"
unit/view/test_resource_editor_scene.gd,test_the_editor_never_touches_editor_only_apis,,11258,0,0,0,0,0,0,"the game's own editor runs in the game, not in the Godot editor"
unit/view/test_resource_editor_table.gd,test_table_has_one_column_per_declared_column,,31457,0,0,0,0,0,0,an editor column's type and vocabulary come from the field it edits
unit/view/test_resource_editor_table.gd,test_table_starts_with_every_part_row_present,,31870,0,0,0,0,0,0,editor rows filter and sort without losing a row or reordering a tie
unit/view/test_resource_editor_table.gd,test_clicking_a_header_cycles_through_sort_modes,,48555,0,0,0,0,0,0,editor rows filter and sort without losing a row or reordering a tie
unit/view/test_resource_editor_table.gd,test_ascending_sort_actually_orders_the_rows,,39424,0,0,0,0,0,0,editor rows filter and sort without losing a row or reordering a tie
unit/view/test_resource_editor_table.gd,test_sorted_column_title_carries_a_direction_symbol,,42301,0,0,0,0,0,0,editor rows filter and sort without losing a row or reordering a tie
unit/view/test_resource_editor_table.gd,test_unsorted_columns_carry_the_placeholder_not_a_real_symbol,,37577,0,0,0,0,0,0,editor rows filter and sort without losing a row or reordering a tie
unit/view/test_resource_editor_table.gd,test_typing_a_filter_narrows_the_visible_rows,,31192,0,0,0,0,0,0,editor rows filter and sort without losing a row or reordering a tie
unit/view/test_resource_editor_table.gd,test_filters_combine_across_columns,,34251,0,0,0,0,0,0,editor rows filter and sort without losing a row or reordering a tie
unit/view/test_resource_editor_table.gd,test_clearing_a_filter_restores_the_rows,,35877,0,0,0,0,0,0,editor rows filter and sort without losing a row or reordering a tie
unit/view/test_resource_editor_table.gd,test_switching_type_rebuilds_filter_fields_and_clears_filters,,29654,0,0,0,0,0,0,editor rows filter and sort without losing a row or reordering a tie
unit/view/test_resource_editor_table.gd,test_selecting_a_row_populates_metadata,,29415,0,0,0,0,0,0,a tooltip shows what is there and omits what is not
unit/view/test_resource_editor_table.gd,test_editing_an_int_cell_applies_to_the_resource,,28147,0,0,0,0,0,0,an editor edit applies to the real resource
unit/view/test_resource_editor_table.gd,test_id_column_is_never_set_editable,,28873,0,0,0,0,0,0,an editor column's type and vocabulary come from the field it edits
unit/view/test_resource_editor_undo_save.gd,test_undo_reverts_a_committed_cell_edit,,34186,0,0,0,0,0,0,"an undo stack reverts in reverse order, and a new edit clears the redo branch"
unit/view/test_resource_editor_undo_save.gd,test_redo_reapplies_after_undo,,40874,0,0,0,0,0,0,"an undo stack reverts in reverse order, and a new edit clears the redo branch"
unit/view/test_resource_editor_undo_save.gd,test_edits_survive_a_sort_and_undo_still_works_afterward,,41255,0,0,0,0,0,0,"an undo stack reverts in reverse order, and a new edit clears the redo branch"
unit/view/test_resource_editor_undo_save.gd,test_editing_a_socket_can_be_undone,,39371,0,0,0,0,0,0,"an undo stack reverts in reverse order, and a new edit clears the redo branch"
unit/view/test_resource_editor_undo_save.gd,test_ctrl_z_triggers_undo,,34870,0,0,0,0,0,0,a real input event reaches the control it lands on
unit/view/test_resource_editor_undo_save.gd,test_ctrl_shift_z_triggers_redo,,41388,0,0,0,0,0,0,a real input event reaches the control it lands on
unit/view/test_resource_editor_undo_save.gd,test_save_button_reports_a_named_error_for_an_invalid_edit,,31543,0,0,0,0,0,0,"a refusal says why, by name"
unit/view/test_resource_editor_undo_save.gd,test_save_button_writes_a_valid_edit_and_it_round_trips,,32220,0,0,0,0,0,0,data round-trips through save and load
unit/view/test_resource_editor_undo_save.gd,test_save_with_nothing_selected_reports_status_without_crashing,,29938,0,0,0,0,0,0,"a degenerate input yields an empty result, never an error"
unit/view/test_resource_editor_undo_save.gd,test_type_bar_only_has_the_three_type_buttons,,30131,0,0,0,0,0,0,the layout puts each panel where it belongs and keeps it there
unit/view/test_stat_block_view.gd,test_to_bbcode_wraps_bracketed_changed_values,,9738,0,0,0,0,0,0,a tooltip names which sources changed a stat and how
unit/view/test_stat_block_view.gd,test_to_bbcode_leaves_unbracketed_text_untouched,,9325,0,0,0,0,0,0,a tooltip names which sources changed a stat and how
unit/view/test_stat_block_view.gd,test_render_marks_only_the_changed_entry_matching_docs_worked_example,,10936,0,0,0,0,0,0,a tooltip names which sources changed a stat and how
unit/view/test_stat_block_view.gd,test_render_drill_down_lists_each_source,,10197,0,0,0,0,0,0,a tooltip names which sources changed a stat and how
unit/view/test_stat_block_view.gd,test_render_drill_down_shows_unmodified_for_an_unchanged_stat,,9722,0,0,0,0,0,0,a tooltip names which sources changed a stat and how
unit/view/test_stat_panel.gd,test_no_selection_clears_both_labels,,33134,0,0,0,0,0,0,"a degenerate input yields an empty result, never an error"
unit/view/test_stat_panel.gd,test_an_unarmed_selected_unit_shows_unarmed,,35540,0,0,0,1,0,0,a tooltip shows what is there and omits what is not
unit/view/test_stat_panel.gd,test_selecting_an_armed_unit_shows_the_resolved_damage_matching_weapon_resolver,,35509,0,0,0,1,0,0,the tooltip and the damage come from the same resolver call
unit/view/test_stat_panel.gd,test_a_stat_mod_shows_up_bracketed_and_in_the_drill_down,,35637,0,0,0,1,0,0,a tooltip names which sources changed a stat and how
unit/view/test_stat_panel.gd,test_entering_aim_mode_keeps_the_shooters_stat_block_visible,,55339,0,0,0,2,0,0,a tooltip shows what is there and omits what is not
unit/view/test_stat_panel.gd,test_end_turn_clears_the_panel,,40108,0,1,0,1,0,0,a tooltip shows what is there and omits what is not
unit/view/test_tactics_controller.gd,test_clicking_the_current_unit_selects_it_and_shows_its_reachable_cells,,35596,0,0,0,1,0,0,only the current unit may act
unit/view/test_tactics_controller.gd,test_selecting_a_unit_inside_an_armed_overwatchers_arc_shows_the_threat_overlay,,542011,0,0,0,1,0,104,overwatch only threatens cells inside its authored arc
unit/view/test_tactics_controller.gd,test_selecting_the_overwatcher_itself_shows_no_threat_overlay,,35115,0,0,0,1,0,0,overwatch only threatens cells inside its authored arc
unit/view/test_tactics_controller.gd,test_clicking_a_non_current_unit_does_not_select_it,,16550,0,0,0,0,0,0,only the current unit may act
unit/view/test_tactics_controller.gd,test_deselect_clears_selection_and_overlays,,35596,0,0,0,1,0,0,an overlay is drawn on request and cleared without touching the static board
unit/view/test_tactics_controller.gd,test_deselect_with_nothing_selected_is_a_no_op,,15937,0,0,0,0,0,0,"a degenerate input yields an empty result, never an error"
unit/view/test_tactics_controller.gd,test_esc_deselects_when_not_aiming,,38494,0,0,0,1,0,0,a real input event reaches the control it lands on
unit/view/test_tactics_controller.gd,test_clicking_a_reachable_cell_after_selecting_queues_a_move_and_shows_a_ghost,,70680,0,0,0,3,0,0,"a queued action previews against the queue before it, not the real state"
unit/view/test_tactics_controller.gd,test_end_turn_resolves_the_queue_and_clears_the_overlay,,74470,0,1,0,3,0,0,TACTICS queues intents and mutates nothing; RESOLUTION owns every mutation
unit/view/test_tactics_controller.gd,test_end_turn_emits_turn_ended,,39947,0,1,0,1,0,0,turn order advances exactly once per end of turn
unit/view/test_tactics_controller.gd,test_hold_defers_the_selected_unit_to_after_the_next_ally,,41691,0,2,0,1,0,0,holding defers a turn without regenerating anything
unit/view/test_tactics_controller.gd,test_hold_emits_turn_ended,,41583,0,1,0,1,0,0,holding defers a turn without regenerating anything
unit/view/test_tactics_controller.gd,test_hold_is_a_no_op_with_nothing_selected,,17290,0,0,0,0,0,0,"a degenerate input yields an empty result, never an error"
unit/view/test_tactics_controller.gd,test_turn_selected_queues_a_face_action_and_resolves_it_on_end_turn,,74733,0,1,0,2,0,0,facing is free with a move and paid for on its own
unit/view/test_tactics_controller.gd,test_turn_selected_twice_composes_relative_to_the_already_queued_turn,,93595,0,0,0,3,0,0,"a queued action previews against the queue before it, not the real state"
unit/view/test_tactics_controller.gd,test_turn_selected_with_nothing_selected_is_a_no_op,,17300,0,0,0,0,0,0,"a degenerate input yields an empty result, never an error"
unit/view/test_tactics_controller.gd,test_rmb_undoes_the_last_queued_action_without_aiming,,87375,0,0,0,4,0,0,"an undo stack reverts in reverse order, and a new edit clears the redo branch"
unit/view/test_tactics_controller.gd,test_rmb_with_an_empty_queue_deselects,,36783,0,0,0,1,0,0,a real input event reaches the control it lands on
unit/view/test_tactics_controller.gd,test_r_key_resets_the_turn_but_keeps_the_unit_selected,,86427,0,0,0,4,0,0,a real input event reaches the control it lands on
unit/view/test_tactics_controller.gd,test_reset_turn_with_nothing_selected_does_not_crash,,17108,0,0,0,0,0,0,"a degenerate input yields an empty result, never an error"
unit/view/test_tactics_controller.gd,test_selecting_a_unit_with_nothing_queued_shows_no_end_position_ghost,,35019,0,0,0,1,0,0,"a queued action previews against the queue before it, not the real state"
unit/view/test_tactics_controller.gd,test_queuing_a_move_shows_an_end_position_ghost,,69407,0,0,0,3,0,0,"a queued action previews against the queue before it, not the real state"
unit/view/test_tactics_controller.gd,test_confirm_shot_with_burst_armed_queues_a_burst_action_not_an_attack_action,,95833,0,0,0,3,0,0,arming an action is a mode; a targetless action queues immediately
unit/view/test_tactics_controller.gd,test_arming_burst_and_clicking_a_wall_enters_aim_mode,,68479,0,0,0,2,0,1,aim mode opens on the target the click resolved to
unit/view/test_tactics_controller.gd,test_entering_aim_mode_dumps_fps_once_settled,,2131208,0,0,0,2,0,0,the frame-rate readout is a real rate over a time-bounded window
unit/view/test_tactics_controller_aim.gd,test_clicking_an_enemy_while_selected_enters_aim_mode,,83241,0,0,0,2,0,0,aim mode opens on the target the click resolved to
unit/view/test_tactics_controller_aim.gd,test_clicking_a_wall_while_armed_enters_aim_mode_with_a_part_target,,59048,0,0,0,2,0,0,aim mode opens on the target the click resolved to
unit/view/test_tactics_controller_aim.gd,test_confirming_a_shot_aimed_at_a_part_queues_an_attack_action_at_that_cell,,82056,0,0,0,3,0,0,an aimed shot targets a named internal part
unit/view/test_tactics_controller_aim.gd,test_entering_aim_mode_clears_stale_hover_and_inspection_state,,65819,0,0,0,2,0,0,aim mode opens on the target the click resolved to
unit/view/test_tactics_controller_aim.gd,test_entering_aim_mode_starts_easing_the_camera_to_attack_framing,,66964,0,0,0,2,0,0,a camera move eases through a tween a later input can cancel
unit/view/test_tactics_controller_aim.gd,test_entering_aim_mode_locks_orbit,,66511,0,0,0,2,0,0,aiming locks the orbit and leans the camera without changing solved state
unit/view/test_tactics_controller_aim.gd,test_cancelling_aim_restores_orbit,,84732,0,0,0,3,0,0,aiming locks the orbit and leans the camera without changing solved state
unit/view/test_tactics_controller_aim.gd,test_entering_aim_mode_disables_camera_zoom_cancelling_restores_it,,83689,0,0,0,3,0,0,aiming locks the orbit and leans the camera without changing solved state
unit/view/test_tactics_controller_aim.gd,test_the_reading_names_the_clicked_target_not_the_nearest_body,,71657,0,0,0,2,0,1,
unit/view/test_tactics_controller_aim.gd,test_move_reticle_only_changes_offset_while_aiming,,66338,0,0,0,2,0,0,the reticle reads a depth-sorted layer without changing what it resolves to
unit/view/test_tactics_controller_aim.gd,test_confirm_shot_queues_an_attack_action_with_the_reticle_offset,,88698,0,0,0,3,0,0,an aimed shot targets a named internal part
unit/view/test_tactics_controller_aim.gd,test_clicking_anywhere_while_aiming_confirms_the_shot,,89523,0,0,0,3,0,0,aim mode opens on the target the click resolved to
unit/view/test_tactics_controller_aim.gd,test_arming_with_no_provider_is_a_no_op_and_enemy_click_stays_inert,,49633,0,0,0,2,0,0,an action requires a part that provides it
unit/view/test_tactics_controller_aim.gd,test_end_turn_cancels_an_active_aim,,89728,0,1,0,3,0,0,aim mode opens on the target the click resolved to
unit/view/test_tactics_controller_aim.gd,test_aim_plane_excludes_the_shooters_own_body_but_keeps_the_targets,,71401,0,0,0,2,0,2,a shot never obstructs on the shooter's own body
unit/view/test_tactics_controller_aim.gd,test_entering_aim_mode_reads_the_target_not_the_shooters_own_phantom_layer,,71788,0,0,0,2,0,1,a shot never obstructs on the shooter's own body
unit/view/test_tactics_controller_aim.gd,test_aim_plane_originates_from_the_queued_end_cell_not_the_current_one,,113034,0,0,0,4,0,1,"a queued action previews against the queue before it, not the real state"
unit/view/test_tactics_controller_aim.gd,test_aim_boards_range_follows_the_previewed_cell_not_the_turn_start_one,,171128,0,0,0,6,0,2,"a queued action previews against the queue before it, not the real state"
unit/view/test_tactics_controller_aim.gd,test_a_queued_move_behind_cover_changes_the_aim_plane_before_resolution,,168430,0,0,0,6,0,2,"a queued action previews against the queue before it, not the real state"
unit/view/test_tactics_controller_aim.gd,test_end_turn_locks_input_and_emits_exactly_the_events_it_resolved,,69857,0,1,0,3,0,0,input is locked while resolution runs
unit/view/test_tactics_controller_aim.gd,test_input_locked_blocks_click_reticle_and_confirm,,90353,0,0,0,3,0,0,
unit/view/test_tactics_controller_aim.gd,test_end_turn_is_a_no_op_while_already_locked,,33063,0,0,0,1,0,0,input is locked while resolution runs
unit/view/test_tactics_controller_aim.gd,test_unlock_input_clears_the_lock,,14333,0,0,0,0,0,0,input is locked while resolution runs
unit/view/test_tactics_controller_aim.gd,test_moving_the_reticle_does_not_rebuild_the_shot_plane,,71193,0,0,0,2,0,1,a field is computed once per round and read many times
unit/view/test_tactics_controller_aim.gd,test_a_queued_move_still_rebuilds_the_plane_it_changes,,183717,0,0,0,7,0,2,turning a tier or restriction off changes the decision
unit/view/test_tactics_controller_aim.gd,test_a_cache_hit_clones_no_state_at_all,,72422,0,0,0,2,0,1,a field is computed once per round and read many times
unit/view/test_tactics_controller_aim.gd,test_a_different_queue_of_the_same_length_is_not_mistaken_for_the_old_one,,66355,0,0,0,2,0,0,a cache returns exactly what the uncached path would
unit/view/test_tactics_controller_aim.gd,test_the_aim_fps_dump_reports_the_worst_frame_not_one_sample,,86803,0,0,0,3,0,0,the frame-rate readout is a real rate over a time-bounded window
unit/view/test_tactics_controller_aim.gd,test_each_aim_session_measures_only_itself,,153890,0,0,0,6,0,0,the frame-rate readout is a real rate over a time-bounded window
unit/view/test_tactics_controller_aim.gd,test_moving_the_reticle_emits_only_the_cheap_signal,,66730,0,0,0,2,0,0,a signal fires only when the value really changed
unit/view/test_tactics_controller_aim.gd,test_a_real_aim_state_change_still_emits_aim_changed,,86421,0,0,0,3,0,0,a signal fires only when the value really changed
unit/view/test_tactics_controller_aim.gd,test_a_click_swallowed_by_the_selected_units_own_body_is_announced,,33917,0,0,0,1,0,0,
unit/view/test_tactics_controller_aim.gd,test_an_ordinary_click_on_an_enemy_is_announced_as_entering_aim,,33274,0,0,0,1,0,0,
unit/view/test_tactics_controller_aim.gd,test_a_shot_through_cover_is_legal_and_queues,,91830,0,0,0,3,0,0,
unit/view/test_tactics_controller_aim.gd,test_a_shot_refused_by_a_surviving_gate_still_says_so,,86975,0,0,0,3,0,0,
unit/view/test_tactics_controller_aim_facing.gd,test_entering_aim_orients_the_shooter_at_the_target_in_the_preview,,80391,0,0,0,2,0,1,an attack faces the shooter at its target for free
unit/view/test_tactics_controller_aim_facing.gd,test_the_previewed_shooters_own_geometry_uses_the_corrected_facing,,80208,0,0,0,2,0,1,an attack faces the shooter at its target for free
unit/view/test_tactics_controller_aim_facing.gd,test_the_free_face_costs_nothing_and_is_idempotent_across_enter_cancel_enter,,145198,0,0,0,4,0,2,an attack faces the shooter at its target for free
unit/view/test_tactics_controller_arm.gd,test_enemy_click_with_no_action_armed_does_not_enter_aim,,62653,0,0,0,2,0,0,arming an action is a mode; a targetless action queues immediately
unit/view/test_tactics_controller_arm.gd,test_arming_shoot_then_clicking_an_enemy_enters_aim_at_that_enemy,,80399,0,0,0,2,0,0,aim mode opens on the target the click resolved to
unit/view/test_tactics_controller_arm.gd,test_arming_an_id_the_unit_cannot_provide_is_a_no_op,,40901,0,0,0,1,0,0,an action requires a part that provides it
unit/view/test_tactics_controller_arm.gd,test_esc_disarms_an_armed_but_not_yet_aiming_action,,60679,0,0,0,2,0,0,a real input event reaches the control it lands on
unit/view/test_tactics_controller_arm.gd,test_rmb_disarms_an_armed_but_not_yet_aiming_action,,38827,0,0,0,1,0,0,a real input event reaches the control it lands on
unit/view/test_tactics_controller_arm.gd,test_arming_saw_instead_of_shoot_picks_the_saw_not_the_gun,,107057,0,0,0,3,0,0,an action requires a part that provides it
unit/view/test_tactics_controller_arm.gd,test_arming_shoot_on_a_dual_armed_unit_picks_the_gun_not_the_saw,,97881,0,0,0,3,0,0,an action requires a part that provides it
unit/view/test_tactics_controller_arm.gd,test_arming_while_already_aiming_is_a_no_op,,79678,0,0,0,2,0,0,arming an action is a mode; a targetless action queues immediately
unit/view/test_tactics_controller_arm.gd,test_arming_an_untargeted_action_is_a_no_op,,36482,0,0,0,1,0,0,arming an action is a mode; a targetless action queues immediately
unit/view/test_tactics_controller_arm.gd,test_arm_action_with_nothing_selected_is_a_no_op,,15664,0,0,0,0,0,0,"a degenerate input yields an empty result, never an error"
unit/view/test_tactics_controller_arm.gd,test_reselecting_the_current_unit_clears_an_armed_action,,54539,0,0,0,2,0,0,arming an action is a mode; a targetless action queues immediately
unit/view/test_tactics_controller_camera.gd,test_attack_framing_reads_the_queued_end_cell_not_the_committed_one,,137023,0,0,0,4,0,1,"a queued action previews against the queue before it, not the real state"
unit/view/test_tactics_controller_camera.gd,test_attack_framing_falls_back_to_the_committed_cell_with_no_move_queued,,76489,0,0,0,2,0,0,"a queued action previews against the queue before it, not the real state"
unit/view/test_tactics_controller_camera.gd,test_framing_shooter_bounding_sphere_moves_with_the_queued_cell,,123562,0,0,0,4,0,1,"a queued action previews against the queue before it, not the real state"
unit/view/test_tactics_controller_click.gd,test_clicking_the_current_unit_selects_it_from_every_selection_state,,55678,0,0,0,2,0,0,only the current unit may act
unit/view/test_tactics_controller_click.gd,test_hitting_the_head_torso_or_foot_of_a_unit_all_resolve_to_that_unit,,17231,0,0,0,0,0,0,a picking ray returns the nearest thing along it
unit/view/test_tactics_controller_click.gd,test_cell_at_prefers_a_units_overhanging_body_over_the_ground_cell,,17208,0,0,0,0,0,0,
unit/view/test_tactics_controller_click.gd,test_cell_at_falls_back_to_the_ground_cell_when_no_body_is_hit,,16079,0,0,0,0,0,0,
unit/view/test_tactics_controller_click.gd,test_clicking_a_units_overhanging_body_selects_it_via_click_unit,,35144,0,0,0,1,0,0,a picking ray returns the nearest thing along it
unit/view/test_tactics_controller_click.gd,test_cell_at_resolves_a_blocker_to_the_new_part_kind,,16466,0,0,0,0,0,0,a picking ray returns the nearest thing along it
unit/view/test_tactics_controller_click.gd,test_cell_at_still_prefers_a_unit_over_a_blocker_behind_it,,16103,0,0,0,0,0,0,a picking ray returns the nearest thing along it
unit/view/test_tactics_controller_facing.gd,test_drag_face_queues_a_single_face_action_and_updates_it_continuously,,102789,0,0,0,4,0,0,facing is free with a move and paid for on its own
unit/view/test_tactics_controller_facing.gd,test_drag_face_with_nothing_selected_is_a_no_op,,14648,0,0,0,0,0,0,"a degenerate input yields an empty result, never an error"
unit/view/test_tactics_controller_facing.gd,test_pressing_lmb_on_the_selected_unit_starts_a_drag_not_a_reselect_click,,58976,0,0,0,2,0,0,a real input event reaches the control it lands on
unit/view/test_tactics_controller_facing.gd,test_rmb_undo_mid_drag_clears_the_drag_so_a_later_motion_queues_fresh,,105281,0,0,0,4,0,0,a real input event reaches the control it lands on
unit/view/test_tactics_controller_facing.gd,test_rmb_drag_does_not_undo_the_queued_action,,64256,0,0,0,3,0,0,a real input event reaches the control it lands on
unit/view/test_tactics_controller_facing.gd,test_rmb_click_with_nothing_queued_still_deselects,,34516,0,0,0,1,0,0,a real input event reaches the control it lands on
unit/view/test_tactics_controller_facing.gd,test_rmb_click_while_aiming_still_cancels,,84710,0,0,0,3,0,0,a real input event reaches the control it lands on
unit/view/test_tactics_controller_facing.gd,test_rmb_drag_while_aiming_does_not_cancel,,67905,0,0,0,2,0,0,a real input event reaches the control it lands on
unit/view/test_tactics_controller_facing.gd,test_aim_facing_points_the_shooter_at_the_target,,73432,0,0,0,2,0,1,an attack faces the shooter at its target for free
unit/view/test_tactics_controller_facing.gd,test_aim_facing_goes_null_again_once_aim_is_cancelled,,90827,0,0,0,3,0,1,an attack faces the shooter at its target for free
unit/view/test_tactics_controller_facing.gd,test_no_end_position_ghost_while_aiming_with_no_move_queued,,78083,0,0,0,2,0,1,"a queued action previews against the queue before it, not the real state"
unit/view/test_tactics_controller_facing.gd,test_end_position_ghost_faces_the_target_when_a_move_is_also_queued,,120904,0,0,0,4,0,1,"a queued action previews against the queue before it, not the real state"
unit/view/test_tactics_controller_facing.gd,test_end_position_ghost_stops_facing_the_target_once_aim_is_cancelled,,155302,0,0,0,5,0,1,"a queued action previews against the queue before it, not the real state"
unit/view/test_tactics_controller_facing.gd,test_has_queued_move_is_false_until_a_move_is_actually_queued,,105463,0,0,0,4,0,0,"a queued action previews against the queue before it, not the real state"
unit/view/test_tactics_controller_hover.gd,test_update_hover_resolves_a_screen_position_to_the_cell_underneath,,16577,0,0,0,0,0,0,a picking ray returns the nearest thing along it
unit/view/test_tactics_controller_hover.gd,test_update_hover_emits_hover_changed_only_on_an_actual_change,,15734,0,0,0,0,0,0,a signal fires only when the value really changed
unit/view/test_tactics_controller_hover.gd,test_inspect_part_sets_the_field_and_emits_hover_changed,,14944,0,0,0,0,0,0,a signal fires only when the value really changed
unit/view/test_tactics_controller_hover.gd,test_hovering_the_board_again_clears_a_previously_inspected_part,,16631,0,0,0,0,0,0,a highlight marks exactly the part it names
unit/view/test_tactics_controller_hover.gd,test_hovering_the_selected_units_own_body_highlights_its_part,,36169,0,0,0,1,0,0,a highlight marks exactly the part it names
unit/view/test_tactics_controller_hover.gd,test_hovering_a_different_units_body_never_highlights_a_part,,35816,0,0,0,1,0,0,a highlight marks exactly the part it names
unit/view/test_tactics_controller_hover.gd,test_hover_part_sets_the_field_and_emits_highlight_changed_only_on_change,,15775,0,0,0,0,0,0,a signal fires only when the value really changed
unit/view/test_tactics_controller_hover.gd,test_update_hover_off_the_board_entirely_clears_hovered_cell,,16777,0,0,0,0,0,0,"a degenerate input yields an empty result, never an error"
unit/view/test_tactics_controller_input_capture.gd,test_capture_mode_intercepts_click_cell_on_a_unit_and_emits_its_hit,,16230,0,0,0,0,0,0,a real input event reaches the control it lands on
unit/view/test_tactics_controller_input_capture.gd,test_capture_mode_intercepts_click_cell_on_bare_ground_and_emits_its_cell,,17530,0,0,0,0,0,0,a real input event reaches the control it lands on
unit/view/test_tactics_controller_input_capture.gd,test_capture_mode_off_behaves_exactly_as_before,,35495,0,0,0,1,0,0,a feature switched off leaves behaviour exactly as it was
unit/view/test_tactics_controller_input_capture.gd,test_capture_mode_intercepts_a_real_raycast_driven_click,,15658,0,0,0,0,0,0,a real input event reaches the control it lands on
unit/view/test_tactics_controller_resolve_to.gd,test_resolve_to_marker_applies_only_the_prefix_through_the_marker,,124464,0,0,0,6,0,0,resolving to a marker applies only the prefix and keeps the rest queued
unit/view/test_tactics_controller_resolve_to.gd,test_the_later_queued_leg_survives_a_partial_resolve,,157680,0,0,0,8,0,0,resolving to a marker applies only the prefix and keeps the rest queued
unit/view/test_tactics_controller_resolve_to.gd,test_previewed_unit_after_a_partial_resolve_reflects_the_moved_state_plus_the_kept_suffix,,130238,0,0,0,6,0,0,resolving to a marker applies only the prefix and keeps the rest queued
unit/view/test_tactics_controller_resolve_to.gd,test_reset_turn_after_a_partial_resolve_returns_to_the_resolve_point,,180863,0,0,0,9,0,0,resolving to a marker applies only the prefix and keeps the rest queued
unit/view/test_tactics_controller_resolve_to.gd,test_resolve_to_marker_with_an_out_of_range_index_is_a_no_op,,68681,0,0,0,3,0,0,"a degenerate input yields an empty result, never an error"
unit/view/test_tactics_controller_reticle.gd,test_aim_reticle_at_screen_points_the_reticle_at_the_cursors_own_target,,75060,0,0,0,2,0,1,the reticle reads a depth-sorted layer without changing what it resolves to
unit/view/test_tactics_controller_reticle.gd,test_aim_reticle_at_screen_does_nothing_outside_aim_mode,,35417,0,0,0,1,0,0,aim mode opens on the target the click resolved to
unit/view/test_tactics_controller_reticle.gd,test_aim_reticle_at_screen_does_nothing_while_input_locked,,71844,0,0,0,2,0,0,input is locked while resolution runs
unit/view/test_tactics_controller_reticle.gd,test_update_aim_hover_finds_the_part_under_the_cursor,,75341,0,0,0,2,0,1,a picking ray returns the nearest thing along it
unit/view/test_tactics_controller_reticle.gd,test_update_aim_hover_over_empty_space_finds_nothing,,74269,0,0,0,2,0,1,"a degenerate input yields an empty result, never an error"
unit/view/test_tactics_controller_reticle.gd,test_update_aim_hover_never_touches_the_reticle,,74493,0,0,0,2,0,1,the reticle reads a depth-sorted layer without changing what it resolves to
unit/view/test_tactics_controller_reticle.gd,test_update_aim_hover_does_nothing_outside_aim_mode,,34593,0,0,0,1,0,0,aim mode opens on the target the click resolved to
unit/view/test_tactics_controller_reticle.gd,test_update_aim_hover_does_nothing_while_input_locked,,75801,0,0,0,2,0,1,input is locked while resolution runs
unit/view/test_tactics_controller_reticle.gd,test_aim_reticle_at_screen_also_updates_the_hover,,74328,0,0,0,2,0,1,the reticle reads a depth-sorted layer without changing what it resolves to
unit/view/test_tactics_controller_reticle.gd,test_hovering_emits_the_cheap_signal_not_the_aim_state_one,,74775,0,0,0,2,0,1,a signal fires only when the value really changed
unit/view/test_tactics_controller_reticle.gd,test_hovering_the_same_part_twice_emits_nothing_the_second_time,,73287,0,0,0,2,0,1,a signal fires only when the value really changed
unit/view/test_tactics_controller_reticle.gd,test_many_motions_in_one_frame_apply_once_at_the_newest_position,,76055,0,0,0,2,0,1,a real input event reaches the control it lands on
unit/view/test_tactics_controller_reticle.gd,test_a_frame_with_no_motion_applies_nothing,,75207,0,0,0,2,0,1,a field is computed once per round and read many times
unit/view/test_tactics_controller_reticle.gd,test_many_hover_motions_in_one_frame_apply_once_at_the_newest_position,,90513,0,0,0,3,0,0,pointer work is coalesced to one update per drawn frame
unit/view/test_tactics_controller_reticle.gd,test_a_frame_with_no_hover_motion_does_nothing,,87928,0,0,0,3,0,0,pointer work is coalesced to one update per drawn frame
unit/view/test_tactics_controller_step_out.gd,test_clicking_a_covered_enemy_with_burst_armed_enters_step_out_mode_too,,86766,0,0,0,3,0,0,a step-out fires from an exposed orthogonal neighbour and returns to cover
unit/view/test_tactics_controller_step_out.gd,test_firing_burst_after_step_out_is_silently_rejected_with_insufficient_real_ap,,121732,0,0,0,5,0,0,an action is illegal without the AP it costs
unit/view/test_tactics_controller_step_out.gd,test_a_real_mouse_click_on_a_covered_enemy_also_enters_step_out_mode,,84875,0,0,0,3,0,0,a real input event reaches the control it lands on
unit/view/test_tactics_controller_step_out.gd,test_clicking_a_covered_enemy_enters_step_out_mode_not_aim_mode,,83236,0,0,0,3,0,0,a step-out fires from an exposed orthogonal neighbour and returns to cover
unit/view/test_tactics_controller_step_out.gd,test_a_directly_visible_enemy_still_enters_ordinary_aim_mode,,70788,0,0,0,2,0,0,aim mode opens on the target the click resolved to
unit/view/test_tactics_controller_step_out.gd,test_moving_into_cover_then_shooting_still_enters_step_out_mode,,89100,0,0,0,4,0,0,a step-out fires from an exposed orthogonal neighbour and returns to cover
unit/view/test_tactics_controller_step_out.gd,test_confirming_a_step_out_cell_after_a_prior_queued_move_still_queues_the_out_leg,,110108,0,0,0,5,0,0,a step-out fires from an exposed orthogonal neighbour and returns to cover
unit/view/test_tactics_controller_step_out.gd,test_step_out_candidates_are_populated_safest_first,,84883,0,0,0,3,0,0,a step-out fires from an exposed orthogonal neighbour and returns to cover
unit/view/test_tactics_controller_step_out.gd,test_wheel_cycles_the_step_out_cell_and_wraps,,133852,0,0,0,6,0,0,a real input event reaches the control it lands on
unit/view/test_tactics_controller_step_out.gd,test_confirming_a_step_out_cell_queues_only_the_free_outbound_leg_then_opens_aim,,104055,0,0,0,4,0,0,a step-out fires from an exposed orthogonal neighbour and returns to cover
unit/view/test_tactics_controller_step_out.gd,test_firing_after_a_step_out_completes_the_free_move_attack_move_triple,,135053,0,0,0,6,0,0,a step-out fires from an exposed orthogonal neighbour and returns to cover
unit/view/test_tactics_controller_step_out.gd,test_cancelling_aim_mid_step_out_undoes_the_free_outbound_leg,,119624,0,0,0,5,0,0,a step-out fires from an exposed orthogonal neighbour and returns to cover
unit/view/test_tactics_controller_step_out.gd,test_any_click_while_stepping_out_confirms_the_cell_choice,,103502,0,0,0,4,0,0,a real input event reaches the control it lands on
unit/view/test_tactics_controller_step_out.gd,test_esc_cancels_a_pending_step_out_without_queuing_anything,,101150,0,0,0,4,0,0,a real input event reaches the control it lands on
unit/view/test_tactics_controller_step_out.gd,test_rmb_also_cancels_a_pending_step_out,,102206,0,0,0,4,0,0,a real input event reaches the control it lands on
unit/view/test_tactics_controller_step_out.gd,test_step_out_exposure_reports_a_real_overwatcher_at_the_selected_cell,,2059642,0,0,0,4,0,210,overwatch only threatens cells inside its authored arc
unit/view/test_tooltip_controller.gd,test_nothing_hovered_or_inspected_hides_the_tooltip,,17706,0,0,0,0,0,0,a tooltip shows what is there and omits what is not
unit/view/test_tooltip_controller.gd,test_hovering_a_cell_shows_its_terrain,,15908,0,0,0,0,0,0,a tooltip shows what is there and omits what is not
unit/view/test_tooltip_controller.gd,test_hovering_an_enemy_shows_its_full_status,,17649,0,0,0,0,0,0,a tooltip shows what is there and omits what is not
unit/view/test_tooltip_controller.gd,test_hovering_a_field_object_shows_its_own_detail,,16008,0,0,0,0,0,0,a tooltip shows what is there and omits what is not
unit/view/test_tooltip_controller.gd,test_visible_from_selected_reflects_a_queued_not_yet_resolved_move,,57409,0,0,0,2,0,0,"a queued action previews against the queue before it, not the real state"
unit/view/test_tooltip_controller.gd,test_an_inspected_part_wins_over_a_hovered_cell,,16982,0,0,0,0,0,0,a tooltip shows what is there and omits what is not
unit/view/test_tooltip_view.gd,test_show_data_does_not_appear_before_the_delay_elapses,,9597,0,0,0,0,0,0,a tooltip appears only after its delay and then tracks the cursor
unit/view/test_tooltip_view.gd,test_show_data_appears_once_the_delay_elapses,,11438,0,0,0,0,0,0,a tooltip appears only after its delay and then tracks the cursor
unit/view/test_tooltip_view.gd,test_moving_off_before_the_delay_elapses_means_it_never_appears,,9893,0,0,0,0,0,0,a tooltip appears only after its delay and then tracks the cursor
unit/view/test_tooltip_view.gd,test_hide_tooltip_makes_the_view_invisible,,9679,0,0,0,0,0,0,a tooltip appears only after its delay and then tracks the cursor
unit/view/test_tooltip_view.gd,test_an_empty_tooltip_data_hides_rather_than_shows_an_empty_box,,11454,0,0,0,0,0,0,"a degenerate input yields an empty result, never an error"
unit/view/test_tooltip_view.gd,test_a_changed_row_gets_the_highlight_color_and_an_unchanged_one_does_not,,10001,0,0,0,0,0,0,a tooltip names which sources changed a stat and how
unit/view/test_tooltip_view.gd,test_the_tooltip_position_tracks_the_cursor_while_shown,,9734,0,0,0,0,0,0,a tooltip appears only after its delay and then tracks the cursor
unit/view/test_tooltip_view.gd,test_repeated_calls_for_the_same_pending_hover_do_not_restart_the_delay,,11370,0,0,0,0,0,0,a tooltip appears only after its delay and then tracks the cursor
unit/view/test_tooltip_view.gd,test_a_new_hover_target_restarts_the_delay,,9910,0,0,0,0,0,0,a tooltip appears only after its delay and then tracks the cursor
unit/view/test_turn_indicator_timing.gd,test_deferring_leaves_the_indicator_where_it_was,,839174,0,1,0,3,0,0,"the turn indicator follows playback, not the resolved state"
unit/view/test_turn_indicator_timing.gd,test_applying_it_afterwards_moves_the_indicator,,844575,0,1,0,3,0,0,"the turn indicator follows playback, not the resolved state"
unit/view/test_turn_indicator_timing.gd,test_an_undeferred_refresh_still_applies_the_highlight,,844199,0,1,0,3,0,0,"the turn indicator follows playback, not the resolved state"
unit/view/test_ui_log_sink_coalescing.gd,test_ui_sink_renders_once_no_matter_how_many_events_landed_in_the_frame,,11189,0,0,0,0,0,0,"the UI sink renders once a frame, whatever the event volume"
unit/view/test_ui_log_sink_coalescing.gd,test_ui_sink_coalesced_output_is_identical_to_rendering_after_every_event,,12820,0,0,0,0,0,0,a cache returns exactly what the uncached path would
unit/view/test_ui_log_sink_coalescing.gd,test_ui_sink_lines_are_current_before_any_render_happens,,9645,0,0,0,0,0,0,"the UI sink renders once a frame, whatever the event volume"
unit/view/test_ui_log_sink_coalescing.gd,test_ui_sink_still_trims_to_max_lines_under_coalescing,,11498,0,0,0,0,0,0,a bounded history keeps its cap and drops the oldest
unit/view/test_ui_log_sink_coalescing.gd,test_hierarchical_sink_renders_once_no_matter_how_many_events_landed,,10830,0,0,0,0,0,0,"the UI sink renders once a frame, whatever the event volume"
unit/view/test_ui_log_sink_coalescing.gd,test_hierarchical_coalesced_output_is_identical_to_rendering_after_every_event,,10185,0,0,0,0,0,0,a cache returns exactly what the uncached path would
unit/view/test_ui_log_sink_coalescing.gd,test_hierarchical_lines_are_current_before_any_render_happens,,9445,0,0,0,0,0,0,"the UI sink renders once a frame, whatever the event volume"
unit/view/test_ui_log_sink_coalescing.gd,test_expand_collapse_renders_immediately_without_waiting_for_a_frame_tick,,10880,0,0,0,0,0,0,"the UI sink renders once a frame, whatever the event volume"
unit/view/test_ui_log_sink_coalescing.gd,test_a_click_in_the_same_frame_as_new_events_draws_both,,10185,0,0,0,0,0,0,"the UI sink renders once a frame, whatever the event volume"
unit/view/test_ui_log_sink_coalescing.gd,test_render_count_per_frame_is_flat_regardless_of_event_volume,,13737,0,0,0,0,0,0,"the UI sink renders once a frame, whatever the event volume"
unit/view/test_ui_sink.gd,test_emit_appends_rendered_lines,,10860,0,0,0,0,0,0,the combat log dispatches every event to every attached sink
unit/view/test_ui_sink.gd,test_emit_caps_at_max_lines_dropping_the_oldest,,10484,0,0,0,0,0,0,a bounded history keeps its cap and drops the oldest
unit/view/test_ui_sink.gd,test_emit_mirrors_into_an_attached_label,,9874,0,0,0,0,0,0,the combat log dispatches every event to every attached sink
unit/view/test_ui_sink.gd,test_combat_log_can_use_it_as_a_normal_sink,,9896,0,0,0,0,0,0,the combat log dispatches every event to every attached sink
unit/view/test_weapon_panel.gd,test_nothing_selected_shows_an_empty_label,,32832,0,0,0,0,0,0,"a degenerate input yields an empty result, never an error"
unit/view/test_weapon_panel.gd,test_an_unarmed_unit_shows_no_weapons_attached,,35795,0,0,0,1,0,0,"a weapon row says active or inactive, with the reason"
unit/view/test_weapon_panel.gd,test_an_operable_weapon_appears_without_dimming,,35928,0,0,0,1,0,0,"a weapon row says active or inactive, with the reason"
unit/view/test_weapon_panel.gd,test_an_inactive_weapon_is_dimmed_and_shows_its_reason,,37516,0,0,0,1,0,0,"a weapon row says active or inactive, with the reason"
unit/view/test_weapon_panel.gd,test_clicking_an_enemy_never_populates_the_weapons_panel,,16191,0,0,0,0,0,0,"a weapon row says active or inactive, with the reason"
unit/view/test_world_palette.gd,test_world_environment_uses_the_backdrop_color_and_a_neutral_ambient_fill,,10034,0,0,0,0,0,0,"presentation derives from authored data, never from code"
unit/view/test_world_palette.gd,test_environment_matches_world_environments_own_settings_with_no_node,,9512,0,0,0,0,0,0,"presentation derives from authored data, never from code"
unit/view/test_world_palette.gd,test_backdrop_and_ground_are_distinct_so_the_board_is_actually_visible,,11482,0,0,0,0,0,0,"presentation derives from authored data, never from code"
unit/view/test_world_palette.gd,test_directional_light_is_angled_off_axis,,9907,0,0,0,0,0,0,"presentation derives from authored data, never from code"
unit/view/test_world_palette.gd,test_team_color_maps_squad_zero_to_a_and_others_to_b,,9511,0,0,0,0,0,0,"presentation derives from authored data, never from code"
unit/view/test_world_palette.gd,test_team_colors_are_distinct,,10903,0,0,0,0,0,0,"presentation derives from authored data, never from code"
unit/view/test_world_palette.gd,test_lit_material_is_per_pixel_shaded,,9895,0,0,0,0,0,0,"presentation derives from authored data, never from code"
unit/view/test_world_palette.gd,test_overlay_material_is_unshaded,,9458,0,0,0,0,0,0,"presentation derives from authored data, never from code"
unit/view/test_world_palette.gd,test_rim_outline_material_is_grown_and_back_face_only,,9703,0,0,0,0,0,0,"presentation derives from authored data, never from code"
unit/view/test_world_palette.gd,test_the_board_light_restores_the_energy_the_leak_was_supplying,,11292,0,0,0,0,0,0,"the board palette is one named source, never a hand-picked colour"
unit/view/test_world_palette.gd,test_the_default_light_is_unchanged_for_every_other_caller,,9578,0,0,0,0,0,0,"the board palette is one named source, never a hand-picked colour"
